hour_index,date,weekday,hour,chat,tickets,voice
0,2024-01-01,Mon,0,133,254,135
1,2024-01-01,Mon,1,146,180,129
2,2024-01-01,Mon,2,120,148,102
3,2024-01-01,Mon,3,81,95,109
4,2024-01-01,Mon,4,52,64,82
5,2024-01-01,Mon,5,24,42,62
6,2024-01-01,Mon,6,32,32,41
7,2024-01-01,Mon,7,46,64,33
8,2024-01-01,Mon,8,47,98,41
9,2024-01-01,Mon,9,77,103,67
10,2024-01-01,Mon,10,69,137,74
11,2024-01-01,Mon,11,100,135,64
12,2024-01-01,Mon,12,66,141,82
13,2024-01-01,Mon,13,103,139,85
14,2024-01-01,Mon,14,67,180,97
15,2024-01-01,Mon,15,104,163,79
16,2024-01-01,Mon,16,103,226,103
17,2024-01-01,Mon,17,105,139,92
18,2024-01-01,Mon,18,67,127,58
19,2024-01-01,Mon,19,66,142,69
20,2024-01-01,Mon,20,63,131,63
21,2024-01-01,Mon,21,81,170,49
22,2024-01-01,Mon,22,87,176,43
23,2024-01-01,Mon,23,83,105,113
24,2024-01-02,Tue,0,44,93,78
25,2024-01-02,Tue,1,45,46,47
26,2024-01-02,Tue,2,35,34,37
27,2024-01-02,Tue,3,31,28,29
28,2024-01-02,Tue,4,28,24,30
29,2024-01-02,Tue,5,36,39,41
30,2024-01-02,Tue,6,55,49,50
31,2024-01-02,Tue,7,94,171,71
32,2024-01-02,Tue,8,108,239,162
33,2024-01-02,Tue,9,106,210,219
34,2024-01-02,Tue,10,81,262,295
35,2024-01-02,Tue,11,88,212,250
36,2024-01-02,Tue,12,100,219,248
37,2024-01-02,Tue,13,92,210,190
38,2024-01-02,Tue,14,52,191,219
39,2024-01-02,Tue,15,65,278,242
40,2024-01-02,Tue,16,91,257,160
41,2024-01-02,Tue,17,98,182,92
42,2024-01-02,Tue,18,86,188,89
43,2024-01-02,Tue,19,93,189,135
44,2024-01-02,Tue,20,89,226,106
45,2024-01-02,Tue,21,83,192,92
46,2024-01-02,Tue,22,98,192,55
47,2024-01-02,Tue,23,77,136,113
48,2024-01-03,Wed,0,54,96,89
49,2024-01-03,Wed,1,49,36,45
50,2024-01-03,Wed,2,30,31,34
51,2024-01-03,Wed,3,18,16,48
52,2024-01-03,Wed,4,20,37,34
53,2024-01-03,Wed,5,50,47,50
54,2024-01-03,Wed,6,56,85,68
55,2024-01-03,Wed,7,100,152,82
56,2024-01-03,Wed,8,111,254,162
57,2024-01-03,Wed,9,85,242,232
58,2024-01-03,Wed,10,68,264,270
59,2024-01-03,Wed,11,62,283,211
60,2024-01-03,Wed,12,84,218,182
61,2024-01-03,Wed,13,72,213,178
62,2024-01-03,Wed,14,69,186,248
63,2024-01-03,Wed,15,73,218,177
64,2024-01-03,Wed,16,84,298,197
65,2024-01-03,Wed,17,100,219,109
66,2024-01-03,Wed,18,85,181,118
67,2024-01-03,Wed,19,96,189,109
68,2024-01-03,Wed,20,90,181,85
69,2024-01-03,Wed,21,79,153,82
70,2024-01-03,Wed,22,95,223,77
71,2024-01-03,Wed,23,89,117,99
72,2024-01-04,Thu,0,67,65,62
73,2024-01-04,Thu,1,54,49,60
74,2024-01-04,Thu,2,36,36,32
75,2024-01-04,Thu,3,34,39,31
76,2024-01-04,Thu,4,24,15,35
77,2024-01-04,Thu,5,50,32,49
78,2024-01-04,Thu,6,63,75,67
79,2024-01-04,Thu,7,81,151,88
80,2024-01-04,Thu,8,112,190,172
81,2024-01-04,Thu,9,125,193,311
82,2024-01-04,Thu,10,109,224,272
83,2024-01-04,Thu,11,88,232,283
84,2024-01-04,Thu,12,78,224,243
85,2024-01-04,Thu,13,83,203,264
86,2024-01-04,Thu,14,82,219,223
87,2024-01-04,Thu,15,69,190,252
88,2024-01-04,Thu,16,80,224,235
89,2024-01-04,Thu,17,86,174,144
90,2024-01-04,Thu,18,108,192,130
91,2024-01-04,Thu,19,88,247,99
92,2024-01-04,Thu,20,101,151,141
93,2024-01-04,Thu,21,89,168,101
94,2024-01-04,Thu,22,84,195,66
95,2024-01-04,Thu,23,81,127,124
96,2024-01-05,Fri,0,70,115,90
97,2024-01-05,Fri,1,42,61,77
98,2024-01-05,Fri,2,22,50,44
99,2024-01-05,Fri,3,30,44,40
100,2024-01-05,Fri,4,29,21,47
101,2024-01-05,Fri,5,47,20,59
102,2024-01-05,Fri,6,56,69,60
103,2024-01-05,Fri,7,97,174,95
104,2024-01-05,Fri,8,123,267,196
105,2024-01-05,Fri,9,99,236,314
106,2024-01-05,Fri,10,86,255,277
107,2024-01-05,Fri,11,84,251,296
108,2024-01-05,Fri,12,75,221,268
109,2024-01-05,Fri,13,59,239,223
110,2024-01-05,Fri,14,87,202,245
111,2024-01-05,Fri,15,64,208,193
112,2024-01-05,Fri,16,87,281,172
113,2024-01-05,Fri,17,76,220,124
114,2024-01-05,Fri,18,67,195,111
115,2024-01-05,Fri,19,78,188,89
116,2024-01-05,Fri,20,88,147,80
117,2024-01-05,Fri,21,103,176,69
118,2024-01-05,Fri,22,89,232,63
119,2024-01-05,Fri,23,93,128,109
120,2024-01-06,Sat,0,91,95,100
121,2024-01-06,Sat,1,72,72,91
122,2024-01-06,Sat,2,34,59,73
123,2024-01-06,Sat,3,42,37,57
124,2024-01-06,Sat,4,28,32,37
125,2024-01-06,Sat,5,28,45,48
126,2024-01-06,Sat,6,42,36,62
127,2024-01-06,Sat,7,34,87,44
128,2024-01-06,Sat,8,81,171,76
129,2024-01-06,Sat,9,83,234,93
130,2024-01-06,Sat,10,96,235,116
131,2024-01-06,Sat,11,95,205,78
132,2024-01-06,Sat,12,91,236,103
133,2024-01-06,Sat,13,110,245,127
134,2024-01-06,Sat,14,71,229,104
135,2024-01-06,Sat,15,51,212,148
136,2024-01-06,Sat,16,78,201,110
137,2024-01-06,Sat,17,66,182,89
138,2024-01-06,Sat,18,56,166,71
139,2024-01-06,Sat,19,55,165,79
140,2024-01-06,Sat,20,74,169,71
141,2024-01-06,Sat,21,74,201,67
142,2024-01-06,Sat,22,102,193,59
143,2024-01-06,Sat,23,104,171,130
144,2024-01-07,Sun,0,71,113,111
145,2024-01-07,Sun,1,74,75,103
146,2024-01-07,Sun,2,35,57,58
147,2024-01-07,Sun,3,23,55,45
148,2024-01-07,Sun,4,27,32,46
149,2024-01-07,Sun,5,13,46,42
150,2024-01-07,Sun,6,15,72,34
151,2024-01-07,Sun,7,44,113,40
152,2024-01-07,Sun,8,63,109,38
153,2024-01-07,Sun,9,81,191,64
154,2024-01-07,Sun,10,70,184,80
155,2024-01-07,Sun,11,58,165,92
156,2024-01-07,Sun,12,71,187,81
157,2024-01-07,Sun,13,65,172,90
158,2024-01-07,Sun,14,72,226,63
159,2024-01-07,Sun,15,71,187,89
160,2024-01-07,Sun,16,78,187,87
161,2024-01-07,Sun,17,66,169,60
162,2024-01-07,Sun,18,65,202,90
163,2024-01-07,Sun,19,79,153,66
164,2024-01-07,Sun,20,78,124,63
165,2024-01-07,Sun,21,82,183,48
166,2024-01-07,Sun,22,103,156,44
167,2024-01-07,Sun,23,59,136,79
168,2024-01-08,Mon,0,47,77,79
169,2024-01-08,Mon,1,36,39,73
170,2024-01-08,Mon,2,30,29,47
171,2024-01-08,Mon,3,22,29,21
172,2024-01-08,Mon,4,25,28,39
173,2024-01-08,Mon,5,29,39,39
174,2024-01-08,Mon,6,62,58,68
175,2024-01-08,Mon,7,93,177,86
176,2024-01-08,Mon,8,113,205,158
177,2024-01-08,Mon,9,102,263,255
178,2024-01-08,Mon,10,86,313,281
179,2024-01-08,Mon,11,82,213,275
180,2024-01-08,Mon,12,82,216,249
181,2024-01-08,Mon,13,68,187,252
182,2024-01-08,Mon,14,65,199,247
183,2024-01-08,Mon,15,74,251,187
184,2024-01-08,Mon,16,90,256,234
185,2024-01-08,Mon,17,78,225,90
186,2024-01-08,Mon,18,82,244,93
187,2024-01-08,Mon,19,73,218,118
188,2024-01-08,Mon,20,81,180,89
189,2024-01-08,Mon,21,117,222,75
190,2024-01-08,Mon,22,109,220,81
191,2024-01-08,Mon,23,79,105,89
192,2024-01-09,Tue,0,44,84,57
193,2024-01-09,Tue,1,29,36,50
194,2024-01-09,Tue,2,14,32,42
195,2024-01-09,Tue,3,24,31,23
196,2024-01-09,Tue,4,25,31,38
197,2024-01-09,Tue,5,34,41,40
198,2024-01-09,Tue,6,58,77,84
199,2024-01-09,Tue,7,83,174,81
200,2024-01-09,Tue,8,123,209,195
201,2024-01-09,Tue,9,118,277,266
202,2024-01-09,Tue,10,88,265,228
203,2024-01-09,Tue,11,74,254,217
204,2024-01-09,Tue,12,66,231,269
205,2024-01-09,Tue,13,73,187,202
206,2024-01-09,Tue,14,72,217,181
207,2024-01-09,Tue,15,47,214,195
208,2024-01-09,Tue,16,61,230,210
209,2024-01-09,Tue,17,63,150,140
210,2024-01-09,Tue,18,56,187,115
211,2024-01-09,Tue,19,69,179,126
212,2024-01-09,Tue,20,62,199,141
213,2024-01-09,Tue,21,82,241,142
214,2024-01-09,Tue,22,64,224,175
215,2024-01-09,Tue,23,57,160,143
216,2024-01-10,Wed,0,24,96,135
217,2024-01-10,Wed,1,34,62,60
218,2024-01-10,Wed,2,22,33,38
219,2024-01-10,Wed,3,18,29,33
220,2024-01-10,Wed,4,33,44,26
221,2024-01-10,Wed,5,38,33,31
222,2024-01-10,Wed,6,86,100,78
223,2024-01-10,Wed,7,94,214,154
224,2024-01-10,Wed,8,125,300,176
225,2024-01-10,Wed,9,107,337,280
226,2024-01-10,Wed,10,66,281,340
227,2024-01-10,Wed,11,78,309,330
228,2024-01-10,Wed,12,82,300,252
229,2024-01-10,Wed,13,86,193,241
230,2024-01-10,Wed,14,80,237,251
231,2024-01-10,Wed,15,75,273,248
232,2024-01-10,Wed,16,70,267,247
233,2024-01-10,Wed,17,91,197,152
234,2024-01-10,Wed,18,88,196,150
235,2024-01-10,Wed,19,83,170,115
236,2024-01-10,Wed,20,86,236,128
237,2024-01-10,Wed,21,107,207,62
238,2024-01-10,Wed,22,99,173,91
239,2024-01-10,Wed,23,69,90,69
240,2024-01-11,Thu,0,78,87,108
241,2024-01-11,Thu,1,46,47,60
242,2024-01-11,Thu,2,25,29,50
243,2024-01-11,Thu,3,39,25,44
244,2024-01-11,Thu,4,17,34,46
245,2024-01-11,Thu,5,30,42,41
246,2024-01-11,Thu,6,60,78,56
247,2024-01-11,Thu,7,86,165,94
248,2024-01-11,Thu,8,132,243,219
249,2024-01-11,Thu,9,101,214,288
250,2024-01-11,Thu,10,80,221,268
251,2024-01-11,Thu,11,84,213,274
252,2024-01-11,Thu,12,98,224,249
253,2024-01-11,Thu,13,60,219,295
254,2024-01-11,Thu,14,69,184,270
255,2024-01-11,Thu,15,60,233,219
256,2024-01-11,Thu,16,98,171,177
257,2024-01-11,Thu,17,60,233,151
258,2024-01-11,Thu,18,64,152,144
259,2024-01-11,Thu,19,66,127,130
260,2024-01-11,Thu,20,71,143,122
261,2024-01-11,Thu,21,85,189,103
262,2024-01-11,Thu,22,93,168,85
263,2024-01-11,Thu,23,74,104,123
264,2024-01-12,Fri,0,68,74,77
265,2024-01-12,Fri,1,29,50,57
266,2024-01-12,Fri,2,32,46,47
267,2024-01-12,Fri,3,42,22,41
268,2024-01-12,Fri,4,24,17,22
269,2024-01-12,Fri,5,33,38,29
270,2024-01-12,Fri,6,39,78,67
271,2024-01-12,Fri,7,79,136,85
272,2024-01-12,Fri,8,126,210,173
273,2024-01-12,Fri,9,94,234,267
274,2024-01-12,Fri,10,93,216,237
275,2024-01-12,Fri,11,88,213,228
276,2024-01-12,Fri,12,82,209,230
277,2024-01-12,Fri,13,83,197,211
278,2024-01-12,Fri,14,60,218,208
279,2024-01-12,Fri,15,74,167,196
280,2024-01-12,Fri,16,84,201,178
281,2024-01-12,Fri,17,97,208,103
282,2024-01-12,Fri,18,100,162,102
283,2024-01-12,Fri,19,69,172,87
284,2024-01-12,Fri,20,72,110,94
285,2024-01-12,Fri,21,95,156,59
286,2024-01-12,Fri,22,104,223,58
287,2024-01-12,Fri,23,99,121,95
288,2024-01-13,Sat,0,62,87,87
289,2024-01-13,Sat,1,40,64,73
290,2024-01-13,Sat,2,18,73,56
291,2024-01-13,Sat,3,12,52,76
292,2024-01-13,Sat,4,11,44,46
293,2024-01-13,Sat,5,24,36,46
294,2024-01-13,Sat,6,37,60,36
295,2024-01-13,Sat,7,51,99,52
296,2024-01-13,Sat,8,87,154,91
297,2024-01-13,Sat,9,73,177,141
298,2024-01-13,Sat,10,87,204,141
299,2024-01-13,Sat,11,93,188,109
300,2024-01-13,Sat,12,91,179,104
301,2024-01-13,Sat,13,82,170,125
302,2024-01-13,Sat,14,63,183,116
303,2024-01-13,Sat,15,64,142,111
304,2024-01-13,Sat,16,77,166,131
305,2024-01-13,Sat,17,72,182,90
306,2024-01-13,Sat,18,81,138,130
307,2024-01-13,Sat,19,65,157,73
308,2024-01-13,Sat,20,65,142,78
309,2024-01-13,Sat,21,87,199,58
310,2024-01-13,Sat,22,109,208,42
311,2024-01-13,Sat,23,90,155,112
312,2024-01-14,Sun,0,101,148,132
313,2024-01-14,Sun,1,58,91,98
314,2024-01-14,Sun,2,35,66,64
315,2024-01-14,Sun,3,32,39,50
316,2024-01-14,Sun,4,42,29,43
317,2024-01-14,Sun,5,20,27,47
318,2024-01-14,Sun,6,41,44,60
319,2024-01-14,Sun,7,58,100,39
320,2024-01-14,Sun,8,69,148,88
321,2024-01-14,Sun,9,77,196,125
322,2024-01-14,Sun,10,97,188,130
323,2024-01-14,Sun,11,89,205,165
324,2024-01-14,Sun,12,94,209,146
325,2024-01-14,Sun,13,91,173,151
326,2024-01-14,Sun,14,84,194,141
327,2024-01-14,Sun,15,71,229,124
328,2024-01-14,Sun,16,84,194,131
329,2024-01-14,Sun,17,73,259,106
330,2024-01-14,Sun,18,62,199,68
331,2024-01-14,Sun,19,92,207,57
332,2024-01-14,Sun,20,89,162,75
333,2024-01-14,Sun,21,101,172,74
334,2024-01-14,Sun,22,86,206,67
335,2024-01-14,Sun,23,101,97,78
336,2024-01-15,Mon,0,56,101,110
337,2024-01-15,Mon,1,66,59,76
338,2024-01-15,Mon,2,42,57,41
339,2024-01-15,Mon,3,20,30,32
340,2024-01-15,Mon,4,32,28,35
341,2024-01-15,Mon,5,28,37,48
342,2024-01-15,Mon,6,37,56,67
343,2024-01-15,Mon,7,46,137,85
344,2024-01-15,Mon,8,91,180,136
345,2024-01-15,Mon,9,75,198,191
346,2024-01-15,Mon,10,118,213,301
347,2024-01-15,Mon,11,97,223,298
348,2024-01-15,Mon,12,89,232,240
349,2024-01-15,Mon,13,81,210,252
350,2024-01-15,Mon,14,62,246,190
351,2024-01-15,Mon,15,83,226,170
352,2024-01-15,Mon,16,93,222,162
353,2024-01-15,Mon,17,80,209,154
354,2024-01-15,Mon,18,88,199,104
355,2024-01-15,Mon,19,78,179,91
356,2024-01-15,Mon,20,101,215,92
357,2024-01-15,Mon,21,105,177,120
358,2024-01-15,Mon,22,92,208,68
359,2024-01-15,Mon,23,102,116,108
360,2024-01-16,Tue,0,43,98,125
361,2024-01-16,Tue,1,42,61,66
362,2024-01-16,Tue,2,31,64,52
363,2024-01-16,Tue,3,19,56,36
364,2024-01-16,Tue,4,22,44,57
365,2024-01-16,Tue,5,41,46,47
366,2024-01-16,Tue,6,36,59,81
367,2024-01-16,Tue,7,52,183,62
368,2024-01-16,Tue,8,78,219,99
369,2024-01-16,Tue,9,52,241,174
370,2024-01-16,Tue,10,74,283,279
371,2024-01-16,Tue,11,60,236,234
372,2024-01-16,Tue,12,62,228,254
373,2024-01-16,Tue,13,56,249,278
374,2024-01-16,Tue,14,49,253,236
375,2024-01-16,Tue,15,66,200,226
376,2024-01-16,Tue,16,64,173,303
377,2024-01-16,Tue,17,76,178,185
378,2024-01-16,Tue,18,58,204,180
379,2024-01-16,Tue,19,58,191,172
380,2024-01-16,Tue,20,95,170,110
381,2024-01-16,Tue,21,85,180,115
382,2024-01-16,Tue,22,85,160,133
383,2024-01-16,Tue,23,68,133,132
384,2024-01-17,Wed,0,59,71,117
385,2024-01-17,Wed,1,30,38,78
386,2024-01-17,Wed,2,22,31,56
387,2024-01-17,Wed,3,28,41,34
388,2024-01-17,Wed,4,21,20,55
389,2024-01-17,Wed,5,34,51,99
390,2024-01-17,Wed,6,57,65,121
391,2024-01-17,Wed,7,87,172,145
392,2024-01-17,Wed,8,210,293,290
393,2024-01-17,Wed,9,145,353,392
394,2024-01-17,Wed,10,108,315,373
395,2024-01-17,Wed,11,93,288,317
396,2024-01-17,Wed,12,104,216,235
397,2024-01-17,Wed,13,104,262,327
398,2024-01-17,Wed,14,90,260,295
399,2024-01-17,Wed,15,95,273,338
400,2024-01-17,Wed,16,101,262,255
401,2024-01-17,Wed,17,121,294,132
402,2024-01-17,Wed,18,133,263,195
403,2024-01-17,Wed,19,150,240,177
404,2024-01-17,Wed,20,118,199,213
405,2024-01-17,Wed,21,99,166,92
406,2024-01-17,Wed,22,70,108,61
407,2024-01-17,Wed,23,58,70,51
408,2024-01-18,Thu,0,32,62,38
409,2024-01-18,Thu,1,35,33,25
410,2024-01-18,Thu,2,12,48,17
411,2024-01-18,Thu,3,16,18,13
412,2024-01-18,Thu,4,24,22,14
413,2024-01-18,Thu,5,38,24,19
414,2024-01-18,Thu,6,46,46,31
415,2024-01-18,Thu,7,81,97,84
416,2024-01-18,Thu,8,139,183,194
417,2024-01-18,Thu,9,180,460,495
418,2024-01-18,Thu,10,133,290,379
419,2024-01-18,Thu,11,153,338,405
420,2024-01-18,Thu,12,148,461,571
421,2024-01-18,Thu,13,130,420,492
422,2024-01-18,Thu,14,79,412,543
423,2024-01-18,Thu,15,76,234,279
424,2024-01-18,Thu,16,74,234,259
425,2024-01-18,Thu,17,85,243,178
426,2024-01-18,Thu,18,112,253,157
427,2024-01-18,Thu,19,96,289,170
428,2024-01-18,Thu,20,85,201,142
429,2024-01-18,Thu,21,99,183,150
430,2024-01-18,Thu,22,92,221,96
431,2024-01-18,Thu,23,76,123,123
432,2024-01-19,Fri,0,74,97,109
433,2024-01-19,Fri,1,31,64,60
434,2024-01-19,Fri,2,22,55,59
435,2024-01-19,Fri,3,15,55,46
436,2024-01-19,Fri,4,35,38,40
437,2024-01-19,Fri,5,32,36,47
438,2024-01-19,Fri,6,43,89,55
439,2024-01-19,Fri,7,90,191,121
440,2024-01-19,Fri,8,136,256,135
441,2024-01-19,Fri,9,106,237,234
442,2024-01-19,Fri,10,92,254,222
443,2024-01-19,Fri,11,73,205,232
444,2024-01-19,Fri,12,76,275,207
445,2024-01-19,Fri,13,77,205,200
446,2024-01-19,Fri,14,62,201,243
447,2024-01-19,Fri,15,65,202,240
448,2024-01-19,Fri,16,70,223,172
449,2024-01-19,Fri,17,77,213,133
450,2024-01-19,Fri,18,54,201,96
451,2024-01-19,Fri,19,49,214,117
452,2024-01-19,Fri,20,65,176,124
453,2024-01-19,Fri,21,78,166,55
454,2024-01-19,Fri,22,64,165,62
455,2024-01-19,Fri,23,75,176,100
456,2024-01-20,Sat,0,76,154,123
457,2024-01-20,Sat,1,40,84,108
458,2024-01-20,Sat,2,30,59,56
459,2024-01-20,Sat,3,30,57,58
460,2024-01-20,Sat,4,27,49,48
461,2024-01-20,Sat,5,35,35,34
462,2024-01-20,Sat,6,39,58,57
463,2024-01-20,Sat,7,59,155,75
464,2024-01-20,Sat,8,60,218,132
465,2024-01-20,Sat,9,78,206,161
466,2024-01-20,Sat,10,55,246,172
467,2024-01-20,Sat,11,81,180,202
468,2024-01-20,Sat,12,106,199,197
469,2024-01-20,Sat,13,103,235,205
470,2024-01-20,Sat,14,99,183,145
471,2024-01-20,Sat,15,103,183,195
472,2024-01-20,Sat,16,97,196,174
473,2024-01-20,Sat,17,82,192,172
474,2024-01-20,Sat,18,72,174,152
475,2024-01-20,Sat,19,73,152,106
476,2024-01-20,Sat,20,96,187,119
477,2024-01-20,Sat,21,29,80,36
478,2024-01-20,Sat,22,111,66,3
479,2024-01-20,Sat,23,73,42,8
480,2024-01-21,Sun,0,18,138,12
481,2024-01-21,Sun,1,0,26,65
482,2024-01-21,Sun,2,0,80,95
483,2024-01-21,Sun,3,1,62,83
484,2024-01-21,Sun,4,0,44,59
485,2024-01-21,Sun,5,0,41,57
486,2024-01-21,Sun,6,0,70,68
487,2024-01-21,Sun,7,0,134,82
488,2024-01-21,Sun,8,0,195,122
489,2024-01-21,Sun,9,73,180,179
490,2024-01-21,Sun,10,104,257,203
491,2024-01-21,Sun,11,131,225,212
492,2024-01-21,Sun,12,89,198,232
493,2024-01-21,Sun,13,100,170,221
494,2024-01-21,Sun,14,92,226,182
495,2024-01-21,Sun,15,65,282,176
496,2024-01-21,Sun,16,113,215,178
497,2024-01-21,Sun,17,86,217,128
498,2024-01-21,Sun,18,81,245,125
499,2024-01-21,Sun,19,95,273,99
500,2024-01-21,Sun,20,67,172,63
501,2024-01-21,Sun,21,89,210,114
502,2024-01-21,Sun,22,112,259,88
503,2024-01-21,Sun,23,74,148,98
504,2024-01-22,Mon,0,68,87,114
505,2024-01-22,Mon,1,36,69,53
506,2024-01-22,Mon,2,22,27,41
507,2024-01-22,Mon,3,28,22,48
508,2024-01-22,Mon,4,29,37,43
509,2024-01-22,Mon,5,41,36,74
510,2024-01-22,Mon,6,59,74,66
511,2024-01-22,Mon,7,102,196,164
512,2024-01-22,Mon,8,130,224,181
513,2024-01-22,Mon,9,106,241,341
514,2024-01-22,Mon,10,92,240,268
515,2024-01-22,Mon,11,77,269,282
516,2024-01-22,Mon,12,77,218,270
517,2024-01-22,Mon,13,79,221,274
518,2024-01-22,Mon,14,74,252,265
519,2024-01-22,Mon,15,74,272,240
520,2024-01-22,Mon,16,60,257,208
521,2024-01-22,Mon,17,89,232,98
522,2024-01-22,Mon,18,102,264,126
523,2024-01-22,Mon,19,95,271,138
524,2024-01-22,Mon,20,86,210,107
525,2024-01-22,Mon,21,96,207,103
526,2024-01-22,Mon,22,79,217,99
527,2024-01-22,Mon,23,61,110,87
528,2024-01-23,Tue,0,46,87,81
529,2024-01-23,Tue,1,39,66,43
530,2024-01-23,Tue,2,24,38,47
531,2024-01-23,Tue,3,25,63,27
532,2024-01-23,Tue,4,19,40,40
533,2024-01-23,Tue,5,42,26,45
534,2024-01-23,Tue,6,51,72,60
535,2024-01-23,Tue,7,70,186,134
536,2024-01-23,Tue,8,93,216,163
537,2024-01-23,Tue,9,93,208,272
538,2024-01-23,Tue,10,90,208,276
539,2024-01-23,Tue,11,82,196,307
540,2024-01-23,Tue,12,83,181,253
541,2024-01-23,Tue,13,78,167,266
542,2024-01-23,Tue,14,94,198,207
543,2024-01-23,Tue,15,87,229,207
544,2024-01-23,Tue,16,70,225,211
545,2024-01-23,Tue,17,78,157,150
546,2024-01-23,Tue,18,87,226,128
547,2024-01-23,Tue,19,73,221,110
548,2024-01-23,Tue,20,73,188,133
549,2024-01-23,Tue,21,91,218,80
550,2024-01-23,Tue,22,77,220,76
551,2024-01-23,Tue,23,67,90,128
552,2024-01-24,Wed,0,48,82,77
553,2024-01-24,Wed,1,23,45,79
554,2024-01-24,Wed,2,15,33,47
555,2024-01-24,Wed,3,23,34,34
556,2024-01-24,Wed,4,20,21,32
557,2024-01-24,Wed,5,41,40,55
558,2024-01-24,Wed,6,44,57,78
559,2024-01-24,Wed,7,91,161,70
560,2024-01-24,Wed,8,103,233,146
561,2024-01-24,Wed,9,86,261,232
562,2024-01-24,Wed,10,80,212,234
563,2024-01-24,Wed,11,89,192,217
564,2024-01-24,Wed,12,59,180,211
565,2024-01-24,Wed,13,60,181,197
566,2024-01-24,Wed,14,58,246,229
567,2024-01-24,Wed,15,75,189,203
568,2024-01-24,Wed,16,54,231,215
569,2024-01-24,Wed,17,69,158,118
570,2024-01-24,Wed,18,85,157,141
571,2024-01-24,Wed,19,76,206,96
572,2024-01-24,Wed,20,80,151,105
573,2024-01-24,Wed,21,72,193,92
574,2024-01-24,Wed,22,82,211,71
575,2024-01-24,Wed,23,55,107,97
576,2024-01-25,Thu,0,50,85,72
577,2024-01-25,Thu,1,40,45,61
578,2024-01-25,Thu,2,28,33,59
579,2024-01-25,Thu,3,15,33,24
580,2024-01-25,Thu,4,20,31,42
581,2024-01-25,Thu,5,19,27,46
582,2024-01-25,Thu,6,49,49,69
583,2024-01-25,Thu,7,88,158,97
584,2024-01-25,Thu,8,104,188,146
585,2024-01-25,Thu,9,103,174,251
586,2024-01-25,Thu,10,73,253,237
587,2024-01-25,Thu,11,91,208,251
588,2024-01-25,Thu,12,74,215,263
589,2024-01-25,Thu,13,64,209,247
590,2024-01-25,Thu,14,85,185,188
591,2024-01-25,Thu,15,79,229,256
592,2024-01-25,Thu,16,64,183,228
593,2024-01-25,Thu,17,72,172,149
594,2024-01-25,Thu,18,83,196,82
595,2024-01-25,Thu,19,75,213,125
596,2024-01-25,Thu,20,71,128,91
597,2024-01-25,Thu,21,132,177,86
598,2024-01-25,Thu,22,112,173,75
599,2024-01-25,Thu,23,67,126,111
600,2024-01-26,Fri,0,39,90,94
601,2024-01-26,Fri,1,22,45,67
602,2024-01-26,Fri,2,22,53,32
603,2024-01-26,Fri,3,21,51,50
604,2024-01-26,Fri,4,23,29,32
605,2024-01-26,Fri,5,36,22,42
606,2024-01-26,Fri,6,41,63,65
607,2024-01-26,Fri,7,81,118,83
608,2024-01-26,Fri,8,88,181,141
609,2024-01-26,Fri,9,83,166,225
610,2024-01-26,Fri,10,65,163,205
611,2024-01-26,Fri,11,82,142,282
612,2024-01-26,Fri,12,85,167,254
613,2024-01-26,Fri,13,90,203,230
614,2024-01-26,Fri,14,89,214,249
615,2024-01-26,Fri,15,74,176,191
616,2024-01-26,Fri,16,73,180,180
617,2024-01-26,Fri,17,92,187,159
618,2024-01-26,Fri,18,74,190,82
619,2024-01-26,Fri,19,80,165,74
620,2024-01-26,Fri,20,71,118,81
621,2024-01-26,Fri,21,93,198,98
622,2024-01-26,Fri,22,113,233,71
623,2024-01-26,Fri,23,158,245,101
624,2024-01-27,Sat,0,89,148,110
625,2024-01-27,Sat,1,71,92,96
626,2024-01-27,Sat,2,34,42,75
627,2024-01-27,Sat,3,43,44,51
628,2024-01-27,Sat,4,36,39,48
629,2024-01-27,Sat,5,19,53,27
630,2024-01-27,Sat,6,34,46,48
631,2024-01-27,Sat,7,40,95,65
632,2024-01-27,Sat,8,86,166,111
633,2024-01-27,Sat,9,84,221,83
634,2024-01-27,Sat,10,94,183,96
635,2024-01-27,Sat,11,100,203,117
636,2024-01-27,Sat,12,67,181,99
637,2024-01-27,Sat,13,83,204,117
638,2024-01-27,Sat,14,95,224,112
639,2024-01-27,Sat,15,107,161,126
640,2024-01-27,Sat,16,79,160,128
641,2024-01-27,Sat,17,77,177,119
642,2024-01-27,Sat,18,108,132,97
643,2024-01-27,Sat,19,108,125,102
644,2024-01-27,Sat,20,78,156,109
645,2024-01-27,Sat,21,102,153,84
646,2024-01-27,Sat,22,101,195,79
647,2024-01-27,Sat,23,141,177,151
648,2024-01-28,Sun,0,118,172,101
649,2024-01-28,Sun,1,74,116,84
650,2024-01-28,Sun,2,53,105,92
651,2024-01-28,Sun,3,48,47,49
652,2024-01-28,Sun,4,30,30,45
653,2024-01-28,Sun,5,38,35,31
654,2024-01-28,Sun,6,26,51,31
655,2024-01-28,Sun,7,38,80,28
656,2024-01-28,Sun,8,41,120,78
657,2024-01-28,Sun,9,55,132,79
658,2024-01-28,Sun,10,87,160,129
659,2024-01-28,Sun,11,97,179,87
660,2024-01-28,Sun,12,81,156,116
661,2024-01-28,Sun,13,93,117,125
662,2024-01-28,Sun,14,76,163,140
663,2024-01-28,Sun,15,73,193,120
664,2024-01-28,Sun,16,65,189,99
665,2024-01-28,Sun,17,69,158,101
666,2024-01-28,Sun,18,63,111,112
667,2024-01-28,Sun,19,68,115,57
668,2024-01-28,Sun,20,67,133,79
669,2024-01-28,Sun,21,93,173,77
670,2024-01-28,Sun,22,123,161,80
671,2024-01-28,Sun,23,72,114,103
672,2024-01-29,Mon,0,56,66,80
673,2024-01-29,Mon,1,46,70,46
674,2024-01-29,Mon,2,58,41,34
675,2024-01-29,Mon,3,15,43,28
676,2024-01-29,Mon,4,23,30,37
677,2024-01-29,Mon,5,22,25,62
678,2024-01-29,Mon,6,49,61,79
679,2024-01-29,Mon,7,77,159,109
680,2024-01-29,Mon,8,113,215,160
681,2024-01-29,Mon,9,116,238,238
682,2024-01-29,Mon,10,102,233,207
683,2024-01-29,Mon,11,81,279,240
684,2024-01-29,Mon,12,100,218,242
685,2024-01-29,Mon,13,70,223,229
686,2024-01-29,Mon,14,71,235,261
687,2024-01-29,Mon,15,74,220,223
688,2024-01-29,Mon,16,86,240,201
689,2024-01-29,Mon,17,66,256,138
690,2024-01-29,Mon,18,73,206,103
691,2024-01-29,Mon,19,76,259,99
692,2024-01-29,Mon,20,77,199,109
693,2024-01-29,Mon,21,94,196,94
694,2024-01-29,Mon,22,76,191,77
695,2024-01-29,Mon,23,73,135,94
696,2024-01-30,Tue,0,51,84,90
697,2024-01-30,Tue,1,36,64,62
698,2024-01-30,Tue,2,29,51,54
699,2024-01-30,Tue,3,26,29,28
700,2024-01-30,Tue,4,19,31,39
701,2024-01-30,Tue,5,36,37,49
702,2024-01-30,Tue,6,51,90,66
703,2024-01-30,Tue,7,97,211,142
704,2024-01-30,Tue,8,122,262,177
705,2024-01-30,Tue,9,128,287,253
706,2024-01-30,Tue,10,84,254,251
707,2024-01-30,Tue,11,95,225,254
708,2024-01-30,Tue,12,89,226,228
709,2024-01-30,Tue,13,57,214,203
710,2024-01-30,Tue,14,89,204,175
711,2024-01-30,Tue,15,83,183,250
712,2024-01-30,Tue,16,59,212,227
713,2024-01-30,Tue,17,98,163,163
714,2024-01-30,Tue,18,68,205,136
715,2024-01-30,Tue,19,82,170,138
716,2024-01-30,Tue,20,73,183,131
717,2024-01-30,Tue,21,87,194,125
718,2024-01-30,Tue,22,79,201,93
719,2024-01-30,Tue,23,79,119,122
720,2024-01-31,Wed,0,65,70,86
721,2024-01-31,Wed,1,32,57,84
722,2024-01-31,Wed,2,28,34,41
723,2024-01-31,Wed,3,17,19,41
724,2024-01-31,Wed,4,32,23,43
725,2024-01-31,Wed,5,40,35,47
726,2024-01-31,Wed,6,54,52,76
727,2024-01-31,Wed,7,119,167,100
728,2024-01-31,Wed,8,136,188,150
729,2024-01-31,Wed,9,94,211,254
730,2024-01-31,Wed,10,93,192,251
731,2024-01-31,Wed,11,77,209,174
732,2024-01-31,Wed,12,72,187,235
733,2024-01-31,Wed,13,70,172,230
734,2024-01-31,Wed,14,65,168,193
735,2024-01-31,Wed,15,73,174,213
736,2024-01-31,Wed,16,66,297,189
737,2024-01-31,Wed,17,83,213,140
738,2024-01-31,Wed,18,63,205,136
739,2024-01-31,Wed,19,68,194,122
740,2024-01-31,Wed,20,73,221,117
741,2024-01-31,Wed,21,83,192,122
742,2024-01-31,Wed,22,94,212,107
743,2024-01-31,Wed,23,63,130,102
744,2024-02-01,Thu,0,37,61,76
745,2024-02-01,Thu,1,29,27,60
746,2024-02-01,Thu,2,24,27,34
747,2024-02-01,Thu,3,12,34,50
748,2024-02-01,Thu,4,29,35,48
749,2024-02-01,Thu,5,29,23,37
750,2024-02-01,Thu,6,56,81,95
751,2024-02-01,Thu,7,93,194,83
752,2024-02-01,Thu,8,132,214,179
753,2024-02-01,Thu,9,77,295,234
754,2024-02-01,Thu,10,96,242,222
755,2024-02-01,Thu,11,93,252,209
756,2024-02-01,Thu,12,94,245,248
757,2024-02-01,Thu,13,63,187,217
758,2024-02-01,Thu,14,84,180,210
759,2024-02-01,Thu,15,71,190,189
760,2024-02-01,Thu,16,75,240,197
761,2024-02-01,Thu,17,91,280,131
762,2024-02-01,Thu,18,76,174,130
763,2024-02-01,Thu,19,80,194,122
764,2024-02-01,Thu,20,70,223,120
765,2024-02-01,Thu,21,107,251,95
766,2024-02-01,Thu,22,92,219,67
767,2024-02-01,Thu,23,79,96,101
768,2024-02-02,Fri,0,54,88,91
769,2024-02-02,Fri,1,36,47,49
770,2024-02-02,Fri,2,27,38,27
771,2024-02-02,Fri,3,18,21,31
772,2024-02-02,Fri,4,24,29,40
773,2024-02-02,Fri,5,45,31,37
774,2024-02-02,Fri,6,53,55,64
775,2024-02-02,Fri,7,74,107,131
776,2024-02-02,Fri,8,121,185,161
777,2024-02-02,Fri,9,86,210,180
778,2024-02-02,Fri,10,53,189,218
779,2024-02-02,Fri,11,51,170,217
780,2024-02-02,Fri,12,74,168,253
781,2024-02-02,Fri,13,84,147,171
782,2024-02-02,Fri,14,69,136,223
783,2024-02-02,Fri,15,79,175,217
784,2024-02-02,Fri,16,77,259,196
785,2024-02-02,Fri,17,86,216,134
786,2024-02-02,Fri,18,81,138,109
787,2024-02-02,Fri,19,62,158,77
788,2024-02-02,Fri,20,67,177,81
789,2024-02-02,Fri,21,87,170,69
790,2024-02-02,Fri,22,81,169,86
791,2024-02-02,Fri,23,98,152,92
792,2024-02-03,Sat,0,97,98,98
793,2024-02-03,Sat,1,50,81,89
794,2024-02-03,Sat,2,44,65,69
795,2024-02-03,Sat,3,38,35,50
796,2024-02-03,Sat,4,26,23,41
797,2024-02-03,Sat,5,20,38,27
798,2024-02-03,Sat,6,35,59,29
799,2024-02-03,Sat,7,42,123,55
800,2024-02-03,Sat,8,116,144,77
801,2024-02-03,Sat,9,77,172,78
802,2024-02-03,Sat,10,90,167,108
803,2024-02-03,Sat,11,99,189,124
804,2024-02-03,Sat,12,94,206,91
805,2024-02-03,Sat,13,93,183,91
806,2024-02-03,Sat,14,77,212,91
807,2024-02-03,Sat,15,67,164,107
808,2024-02-03,Sat,16,108,152,120
809,2024-02-03,Sat,17,88,164,95
810,2024-02-03,Sat,18,62,156,97
811,2024-02-03,Sat,19,82,138,81
812,2024-02-03,Sat,20,61,112,81
813,2024-02-03,Sat,21,81,156,110
814,2024-02-03,Sat,22,93,183,73
815,2024-02-03,Sat,23,118,188,109
816,2024-02-04,Sun,0,114,128,106
817,2024-02-04,Sun,1,93,102,106
818,2024-02-04,Sun,2,65,85,82
819,2024-02-04,Sun,3,39,56,49
820,2024-02-04,Sun,4,26,34,44
821,2024-02-04,Sun,5,36,35,33
822,2024-02-04,Sun,6,36,45,46
823,2024-02-04,Sun,7,52,101,50
824,2024-02-04,Sun,8,64,95,62
825,2024-02-04,Sun,9,66,130,98
826,2024-02-04,Sun,10,85,165,110
827,2024-02-04,Sun,11,69,170,105
828,2024-02-04,Sun,12,84,164,115
829,2024-02-04,Sun,13,75,146,126
830,2024-02-04,Sun,14,105,173,112
831,2024-02-04,Sun,15,75,184,122
832,2024-02-04,Sun,16,87,189,98
833,2024-02-04,Sun,17,62,172,74
834,2024-02-04,Sun,18,73,158,89
835,2024-02-04,Sun,19,60,173,72
836,2024-02-04,Sun,20,72,161,69
837,2024-02-04,Sun,21,105,178,75
838,2024-02-04,Sun,22,108,176,76
839,2024-02-04,Sun,23,65,102,77
840,2024-02-05,Mon,0,53,64,82
841,2024-02-05,Mon,1,51,88,74
842,2024-02-05,Mon,2,32,30,39
843,2024-02-05,Mon,3,17,28,31
844,2024-02-05,Mon,4,32,34,34
845,2024-02-05,Mon,5,26,45,66
846,2024-02-05,Mon,6,57,60,64
847,2024-02-05,Mon,7,90,150,80
848,2024-02-05,Mon,8,115,182,128
849,2024-02-05,Mon,9,96,255,219
850,2024-02-05,Mon,10,77,227,206
851,2024-02-05,Mon,11,112,185,251
852,2024-02-05,Mon,12,81,185,225
853,2024-02-05,Mon,13,104,159,154
854,2024-02-05,Mon,14,74,196,198
855,2024-02-05,Mon,15,73,250,269
856,2024-02-05,Mon,16,71,212,194
857,2024-02-05,Mon,17,73,197,131
858,2024-02-05,Mon,18,84,221,87
859,2024-02-05,Mon,19,121,166,98
860,2024-02-05,Mon,20,90,209,187
861,2024-02-05,Mon,21,75,234,89
862,2024-02-05,Mon,22,79,229,84
863,2024-02-05,Mon,23,78,118,134
864,2024-02-06,Tue,0,44,83,69
865,2024-02-06,Tue,1,36,43,58
866,2024-02-06,Tue,2,16,49,51
867,2024-02-06,Tue,3,18,28,38
868,2024-02-06,Tue,4,15,26,34
869,2024-02-06,Tue,5,38,41,29
870,2024-02-06,Tue,6,51,54,98
871,2024-02-06,Tue,7,111,179,172
872,2024-02-06,Tue,8,105,259,135
873,2024-02-06,Tue,9,124,219,238
874,2024-02-06,Tue,10,71,209,230
875,2024-02-06,Tue,11,83,186,286
876,2024-02-06,Tue,12,98,190,229
877,2024-02-06,Tue,13,69,193,222
878,2024-02-06,Tue,14,80,187,279
879,2024-02-06,Tue,15,86,179,153
880,2024-02-06,Tue,16,80,192,195
881,2024-02-06,Tue,17,109,219,137
882,2024-02-06,Tue,18,78,228,110
883,2024-02-06,Tue,19,79,163,130
884,2024-02-06,Tue,20,66,173,117
885,2024-02-06,Tue,21,114,198,81
886,2024-02-06,Tue,22,71,160,77
887,2024-02-06,Tue,23,88,96,115
888,2024-02-07,Wed,0,46,51,79
889,2024-02-07,Wed,1,32,41,50
890,2024-02-07,Wed,2,17,26,43
891,2024-02-07,Wed,3,27,34,24
892,2024-02-07,Wed,4,42,19,32
893,2024-02-07,Wed,5,45,34,47
894,2024-02-07,Wed,6,45,88,89
895,2024-02-07,Wed,7,88,168,95
896,2024-02-07,Wed,8,98,176,162
897,2024-02-07,Wed,9,84,210,222
898,2024-02-07,Wed,10,66,239,217
899,2024-02-07,Wed,11,84,189,243
900,2024-02-07,Wed,12,62,275,214
901,2024-02-07,Wed,13,85,147,226
902,2024-02-07,Wed,14,58,179,217
903,2024-02-07,Wed,15,72,181,170
904,2024-02-07,Wed,16,75,171,164
905,2024-02-07,Wed,17,97,177,181
906,2024-02-07,Wed,18,98,187,145
907,2024-02-07,Wed,19,91,185,88
908,2024-02-07,Wed,20,117,151,124
909,2024-02-07,Wed,21,118,224,75
910,2024-02-07,Wed,22,85,183,52
911,2024-02-07,Wed,23,77,136,90
912,2024-02-08,Thu,0,62,81,65
913,2024-02-08,Thu,1,29,56,43
914,2024-02-08,Thu,2,26,28,33
915,2024-02-08,Thu,3,14,39,41
916,2024-02-08,Thu,4,23,25,53
917,2024-02-08,Thu,5,35,38,34
918,2024-02-08,Thu,6,50,72,72
919,2024-02-08,Thu,7,86,168,89
920,2024-02-08,Thu,8,124,216,146
921,2024-02-08,Thu,9,125,202,232
922,2024-02-08,Thu,10,71,179,249
923,2024-02-08,Thu,11,90,229,255
924,2024-02-08,Thu,12,67,224,176
925,2024-02-08,Thu,13,82,167,199
926,2024-02-08,Thu,14,57,201,176
927,2024-02-08,Thu,15,63,209,204
928,2024-02-08,Thu,16,84,219,176
929,2024-02-08,Thu,17,70,150,115
930,2024-02-08,Thu,18,68,176,109
931,2024-02-08,Thu,19,89,157,82
932,2024-02-08,Thu,20,75,145,99
933,2024-02-08,Thu,21,91,189,124
934,2024-02-08,Thu,22,110,132,87
935,2024-02-08,Thu,23,84,128,85
936,2024-02-09,Fri,0,69,92,71
937,2024-02-09,Fri,1,33,46,60
938,2024-02-09,Fri,2,31,41,49
939,2024-02-09,Fri,3,17,31,29
940,2024-02-09,Fri,4,15,33,33
941,2024-02-09,Fri,5,42,41,41
942,2024-02-09,Fri,6,41,66,43
943,2024-02-09,Fri,7,101,129,104
944,2024-02-09,Fri,8,99,201,143
945,2024-02-09,Fri,9,76,197,230
946,2024-02-09,Fri,10,73,249,155
947,2024-02-09,Fri,11,81,205,231
948,2024-02-09,Fri,12,75,173,229
949,2024-02-09,Fri,13,69,137,173
950,2024-02-09,Fri,14,43,98,110
951,2024-02-09,Fri,15,69,149,145
952,2024-02-09,Fri,16,78,234,166
953,2024-02-09,Fri,17,82,200,124
954,2024-02-09,Fri,18,75,229,93
955,2024-02-09,Fri,19,72,135,111
956,2024-02-09,Fri,20,100,149,81
957,2024-02-09,Fri,21,120,197,82
958,2024-02-09,Fri,22,123,204,83
959,2024-02-09,Fri,23,162,133,86
960,2024-02-10,Sat,0,146,162,108
961,2024-02-10,Sat,1,67,97,67
962,2024-02-10,Sat,2,41,72,59
963,2024-02-10,Sat,3,36,39,35
964,2024-02-10,Sat,4,25,26,37
965,2024-02-10,Sat,5,22,46,42
966,2024-02-10,Sat,6,40,39,32
967,2024-02-10,Sat,7,65,92,66
968,2024-02-10,Sat,8,79,142,86
969,2024-02-10,Sat,9,69,200,126
970,2024-02-10,Sat,10,74,192,146
971,2024-02-10,Sat,11,81,188,111
972,2024-02-10,Sat,12,95,187,139
973,2024-02-10,Sat,13,85,145,128
974,2024-02-10,Sat,14,65,181,122
975,2024-02-10,Sat,15,84,175,124
976,2024-02-10,Sat,16,103,178,106
977,2024-02-10,Sat,17,76,160,108
978,2024-02-10,Sat,18,77,158,95
979,2024-02-10,Sat,19,86,162,85
980,2024-02-10,Sat,20,78,160,78
981,2024-02-10,Sat,21,106,214,76
982,2024-02-10,Sat,22,139,246,117
983,2024-02-10,Sat,23,159,194,119
984,2024-02-11,Sun,0,128,200,114
985,2024-02-11,Sun,1,100,109,100
986,2024-02-11,Sun,2,57,70,75
987,2024-02-11,Sun,3,39,67,53
988,2024-02-11,Sun,4,37,50,57
989,2024-02-11,Sun,5,19,17,34
990,2024-02-11,Sun,6,31,52,37
991,2024-02-11,Sun,7,50,105,47
992,2024-02-11,Sun,8,65,137,54
993,2024-02-11,Sun,9,63,178,88
994,2024-02-11,Sun,10,109,160,105
995,2024-02-11,Sun,11,89,189,90
996,2024-02-11,Sun,12,78,197,107
997,2024-02-11,Sun,13,85,183,108
998,2024-02-11,Sun,14,98,197,116
999,2024-02-11,Sun,15,96,175,112
1000,2024-02-11,Sun,16,79,166,93
1001,2024-02-11,Sun,17,88,155,95
1002,2024-02-11,Sun,18,74,156,70
1003,2024-02-11,Sun,19,87,133,60
1004,2024-02-11,Sun,20,68,148,73
1005,2024-02-11,Sun,21,95,130,67
1006,2024-02-11,Sun,22,82,191,62
1007,2024-02-11,Sun,23,105,144,73
1008,2024-02-12,Mon,0,79,108,106
1009,2024-02-12,Mon,1,37,48,47
1010,2024-02-12,Mon,2,26,40,32
1011,2024-02-12,Mon,3,14,19,31
1012,2024-02-12,Mon,4,28,25,38
1013,2024-02-12,Mon,5,26,40,36
1014,2024-02-12,Mon,6,46,57,39
1015,2024-02-12,Mon,7,92,167,84
1016,2024-02-12,Mon,8,111,189,113
1017,2024-02-12,Mon,9,92,230,225
1018,2024-02-12,Mon,10,69,198,224
1019,2024-02-12,Mon,11,69,175,204
1020,2024-02-12,Mon,12,74,261,209
1021,2024-02-12,Mon,13,70,154,166
1022,2024-02-12,Mon,14,66,200,162
1023,2024-02-12,Mon,15,83,220,218
1024,2024-02-12,Mon,16,83,255,227
1025,2024-02-12,Mon,17,79,158,110
1026,2024-02-12,Mon,18,95,214,112
1027,2024-02-12,Mon,19,78,189,121
1028,2024-02-12,Mon,20,75,221,95
1029,2024-02-12,Mon,21,89,216,87
1030,2024-02-12,Mon,22,96,204,63
1031,2024-02-12,Mon,23,62,116,88
1032,2024-02-13,Tue,0,45,65,82
1033,2024-02-13,Tue,1,39,46,66
1034,2024-02-13,Tue,2,21,46,50
1035,2024-02-13,Tue,3,14,25,33
1036,2024-02-13,Tue,4,20,29,25
1037,2024-02-13,Tue,5,21,33,30
1038,2024-02-13,Tue,6,19,53,30
1039,2024-02-13,Tue,7,39,101,61
1040,2024-02-13,Tue,8,42,156,86
1041,2024-02-13,Tue,9,54,166,142
1042,2024-02-13,Tue,10,51,252,165
1043,2024-02-13,Tue,11,43,188,166
1044,2024-02-13,Tue,12,50,171,151
1045,2024-02-13,Tue,13,55,120,197
1046,2024-02-13,Tue,14,57,171,162
1047,2024-02-13,Tue,15,79,183,170
1048,2024-02-13,Tue,16,62,210,170
1049,2024-02-13,Tue,17,59,171,129
1050,2024-02-13,Tue,18,83,172,92
1051,2024-02-13,Tue,19,67,120,92
1052,2024-02-13,Tue,20,68,115,68
1053,2024-02-13,Tue,21,79,164,52
1054,2024-02-13,Tue,22,55,180,59
1055,2024-02-13,Tue,23,59,109,83
1056,2024-02-14,Wed,0,45,71,66
1057,2024-02-14,Wed,1,31,51,49
1058,2024-02-14,Wed,2,14,23,31
1059,2024-02-14,Wed,3,8,25,35
1060,2024-02-14,Wed,4,21,18,26
1061,2024-02-14,Wed,5,28,21,44
1062,2024-02-14,Wed,6,41,80,83
1063,2024-02-14,Wed,7,75,161,83
1064,2024-02-14,Wed,8,118,222,146
1065,2024-02-14,Wed,9,71,230,201
1066,2024-02-14,Wed,10,72,216,220
1067,2024-02-14,Wed,11,67,221,161
1068,2024-02-14,Wed,12,73,185,191
1069,2024-02-14,Wed,13,59,212,162
1070,2024-02-14,Wed,14,82,191,161
1071,2024-02-14,Wed,15,63,174,180
1072,2024-02-14,Wed,16,78,182,181
1073,2024-02-14,Wed,17,82,221,97
1074,2024-02-14,Wed,18,73,190,107
1075,2024-02-14,Wed,19,65,185,98
1076,2024-02-14,Wed,20,60,147,86
1077,2024-02-14,Wed,21,101,157,69
1078,2024-02-14,Wed,22,83,206,69
1079,2024-02-14,Wed,23,66,97,79
1080,2024-02-15,Thu,0,43,73,91
1081,2024-02-15,Thu,1,44,73,63
1082,2024-02-15,Thu,2,27,42,42
1083,2024-02-15,Thu,3,24,26,41
1084,2024-02-15,Thu,4,22,32,30
1085,2024-02-15,Thu,5,27,42,33
1086,2024-02-15,Thu,6,58,63,73
1087,2024-02-15,Thu,7,108,213,89
1088,2024-02-15,Thu,8,100,183,122
1089,2024-02-15,Thu,9,100,143,216
1090,2024-02-15,Thu,10,45,129,170
1091,2024-02-15,Thu,11,77,246,202
1092,2024-02-15,Thu,12,92,160,190
1093,2024-02-15,Thu,13,72,173,212
1094,2024-02-15,Thu,14,53,206,159
1095,2024-02-15,Thu,15,80,192,192
1096,2024-02-15,Thu,16,61,210,192
1097,2024-02-15,Thu,17,76,170,152
1098,2024-02-15,Thu,18,84,208,108
1099,2024-02-15,Thu,19,60,157,136
1100,2024-02-15,Thu,20,79,102,99
1101,2024-02-15,Thu,21,72,138,121
1102,2024-02-15,Thu,22,75,128,76
1103,2024-02-15,Thu,23,77,112,104
1104,2024-02-16,Fri,0,47,86,71
1105,2024-02-16,Fri,1,27,55,61
1106,2024-02-16,Fri,2,23,33,37
1107,2024-02-16,Fri,3,32,28,32
1108,2024-02-16,Fri,4,21,13,38
1109,2024-02-16,Fri,5,40,35,29
1110,2024-02-16,Fri,6,51,79,47
1111,2024-02-16,Fri,7,77,142,89
1112,2024-02-16,Fri,8,122,171,142
1113,2024-02-16,Fri,9,81,214,247
1114,2024-02-16,Fri,10,86,209,227
1115,2024-02-16,Fri,11,78,160,188
1116,2024-02-16,Fri,12,80,187,234
1117,2024-02-16,Fri,13,60,124,173
1118,2024-02-16,Fri,14,52,181,189
1119,2024-02-16,Fri,15,52,251,175
1120,2024-02-16,Fri,16,67,215,167
1121,2024-02-16,Fri,17,65,272,106
1122,2024-02-16,Fri,18,72,173,80
1123,2024-02-16,Fri,19,71,140,72
1124,2024-02-16,Fri,20,76,130,65
1125,2024-02-16,Fri,21,90,166,60
1126,2024-02-16,Fri,22,91,209,58
1127,2024-02-16,Fri,23,78,124,64
1128,2024-02-17,Sat,0,68,103,122
1129,2024-02-17,Sat,1,46,61,75
1130,2024-02-17,Sat,2,25,35,77
1131,2024-02-17,Sat,3,28,39,49
1132,2024-02-17,Sat,4,19,17,35
1133,2024-02-17,Sat,5,19,23,39
1134,2024-02-17,Sat,6,24,39,55
1135,2024-02-17,Sat,7,33,92,40
1136,2024-02-17,Sat,8,36,113,51
1137,2024-02-17,Sat,9,57,159,82
1138,2024-02-17,Sat,10,77,152,82
1139,2024-02-17,Sat,11,55,137,106
1140,2024-02-17,Sat,12,70,173,104
1141,2024-02-17,Sat,13,62,165,83
1142,2024-02-17,Sat,14,58,160,66
1143,2024-02-17,Sat,15,67,163,94
1144,2024-02-17,Sat,16,77,154,84
1145,2024-02-17,Sat,17,61,145,94
1146,2024-02-17,Sat,18,57,160,87
1147,2024-02-17,Sat,19,61,157,72
1148,2024-02-17,Sat,20,71,132,63
1149,2024-02-17,Sat,21,71,137,72
1150,2024-02-17,Sat,22,82,199,68
1151,2024-02-17,Sat,23,88,190,99
1152,2024-02-18,Sun,0,94,131,97
1153,2024-02-18,Sun,1,76,90,88
1154,2024-02-18,Sun,2,39,65,66
1155,2024-02-18,Sun,3,25,44,60
1156,2024-02-18,Sun,4,27,44,43
1157,2024-02-18,Sun,5,34,34,31
1158,2024-02-18,Sun,6,29,32,51
1159,2024-02-18,Sun,7,46,130,66
1160,2024-02-18,Sun,8,56,128,70
1161,2024-02-18,Sun,9,69,162,114
1162,2024-02-18,Sun,10,79,177,93
1163,2024-02-18,Sun,11,111,177,108
1164,2024-02-18,Sun,12,88,151,96
1165,2024-02-18,Sun,13,56,174,142
1166,2024-02-18,Sun,14,73,167,101
1167,2024-02-18,Sun,15,83,148,121
1168,2024-02-18,Sun,16,68,200,109
1169,2024-02-18,Sun,17,77,160,95
1170,2024-02-18,Sun,18,62,165,89
1171,2024-02-18,Sun,19,71,139,67
1172,2024-02-18,Sun,20,74,139,50
1173,2024-02-18,Sun,21,80,150,76
1174,2024-02-18,Sun,22,102,202,69
1175,2024-02-18,Sun,23,69,129,80
1176,2024-02-19,Mon,0,72,80,106
1177,2024-02-19,Mon,1,51,56,81
1178,2024-02-19,Mon,2,31,33,35
1179,2024-02-19,Mon,3,27,28,40
1180,2024-02-19,Mon,4,21,33,19
1181,2024-02-19,Mon,5,30,33,30
1182,2024-02-19,Mon,6,25,58,35
1183,2024-02-19,Mon,7,66,144,64
1184,2024-02-19,Mon,8,85,139,105
1185,2024-02-19,Mon,9,62,159,132
1186,2024-02-19,Mon,10,63,181,155
1187,2024-02-19,Mon,11,58,218,178
1188,2024-02-19,Mon,12,60,174,168
1189,2024-02-19,Mon,13,74,240,157
1190,2024-02-19,Mon,14,75,218,181
1191,2024-02-19,Mon,15,65,211,88
1192,2024-02-19,Mon,16,75,186,153
1193,2024-02-19,Mon,17,72,229,128
1194,2024-02-19,Mon,18,63,198,106
1195,2024-02-19,Mon,19,75,141,66
1196,2024-02-19,Mon,20,73,156,69
1197,2024-02-19,Mon,21,79,146,60
1198,2024-02-19,Mon,22,86,175,57
1199,2024-02-19,Mon,23,65,112,84
1200,2024-02-20,Tue,0,59,87,80
1201,2024-02-20,Tue,1,46,64,54
1202,2024-02-20,Tue,2,59,30,34
1203,2024-02-20,Tue,3,34,23,28
1204,2024-02-20,Tue,4,24,26,32
1205,2024-02-20,Tue,5,27,42,35
1206,2024-02-20,Tue,6,41,55,57
1207,2024-02-20,Tue,7,60,176,72
1208,2024-02-20,Tue,8,75,175,152
1209,2024-02-20,Tue,9,74,175,244
1210,2024-02-20,Tue,10,76,182,218
1211,2024-02-20,Tue,11,89,199,286
1212,2024-02-20,Tue,12,85,148,232
1213,2024-02-20,Tue,13,68,162,213
1214,2024-02-20,Tue,14,59,169,194
1215,2024-02-20,Tue,15,64,150,178
1216,2024-02-20,Tue,16,53,186,165
1217,2024-02-20,Tue,17,79,196,155
1218,2024-02-20,Tue,18,77,166,144
1219,2024-02-20,Tue,19,85,193,91
1220,2024-02-20,Tue,20,98,188,93
1221,2024-02-20,Tue,21,85,191,88
1222,2024-02-20,Tue,22,97,195,69
1223,2024-02-20,Tue,23,68,102,110
1224,2024-02-21,Wed,0,44,98,129
1225,2024-02-21,Wed,1,32,40,62
1226,2024-02-21,Wed,2,40,18,41
1227,2024-02-21,Wed,3,13,25,48
1228,2024-02-21,Wed,4,30,25,30
1229,2024-02-21,Wed,5,36,35,37
1230,2024-02-21,Wed,6,50,53,55
1231,2024-02-21,Wed,7,68,155,96
1232,2024-02-21,Wed,8,96,158,109
1233,2024-02-21,Wed,9,92,228,187
1234,2024-02-21,Wed,10,110,208,190
1235,2024-02-21,Wed,11,93,188,228
1236,2024-02-21,Wed,12,69,153,177
1237,2024-02-21,Wed,13,71,193,217
1238,2024-02-21,Wed,14,75,190,209
1239,2024-02-21,Wed,15,59,282,199
1240,2024-02-21,Wed,16,56,199,167
1241,2024-02-21,Wed,17,86,214,115
1242,2024-02-21,Wed,18,105,177,88
1243,2024-02-21,Wed,19,79,201,100
1244,2024-02-21,Wed,20,61,168,75
1245,2024-02-21,Wed,21,91,180,96
1246,2024-02-21,Wed,22,92,193,71
1247,2024-02-21,Wed,23,90,130,102
1248,2024-02-22,Thu,0,49,74,72
1249,2024-02-22,Thu,1,29,62,41
1250,2024-02-22,Thu,2,32,35,49
1251,2024-02-22,Thu,3,31,25,31
1252,2024-02-22,Thu,4,15,42,38
1253,2024-02-22,Thu,5,35,27,43
1254,2024-02-22,Thu,6,47,59,56
1255,2024-02-22,Thu,7,74,155,80
1256,2024-02-22,Thu,8,99,188,147
1257,2024-02-22,Thu,9,95,187,258
1258,2024-02-22,Thu,10,68,196,236
1259,2024-02-22,Thu,11,74,179,240
1260,2024-02-22,Thu,12,66,176,188
1261,2024-02-22,Thu,13,71,131,199
1262,2024-02-22,Thu,14,66,170,205
1263,2024-02-22,Thu,15,39,182,197
1264,2024-02-22,Thu,16,55,207,180
1265,2024-02-22,Thu,17,73,254,136
1266,2024-02-22,Thu,18,76,153,110
1267,2024-02-22,Thu,19,56,174,81
1268,2024-02-22,Thu,20,65,143,79
1269,2024-02-22,Thu,21,84,186,62
1270,2024-02-22,Thu,22,83,182,55
1271,2024-02-22,Thu,23,75,119,100
1272,2024-02-23,Fri,0,87,96,78
1273,2024-02-23,Fri,1,40,50,65
1274,2024-02-23,Fri,2,22,47,43
1275,2024-02-23,Fri,3,31,17,32
1276,2024-02-23,Fri,4,26,40,31
1277,2024-02-23,Fri,5,24,40,35
1278,2024-02-23,Fri,6,46,62,60
1279,2024-02-23,Fri,7,74,108,97
1280,2024-02-23,Fri,8,86,205,120
1281,2024-02-23,Fri,9,98,231,257
1282,2024-02-23,Fri,10,66,212,233
1283,2024-02-23,Fri,11,56,230,204
1284,2024-02-23,Fri,12,63,176,224
1285,2024-02-23,Fri,13,79,153,221
1286,2024-02-23,Fri,14,68,178,149
1287,2024-02-23,Fri,15,70,217,166
1288,2024-02-23,Fri,16,81,163,137
1289,2024-02-23,Fri,17,64,183,149
1290,2024-02-23,Fri,18,99,161,129
1291,2024-02-23,Fri,19,60,112,100
1292,2024-02-23,Fri,20,70,149,95
1293,2024-02-23,Fri,21,110,189,83
1294,2024-02-23,Fri,22,124,198,61
1295,2024-02-23,Fri,23,86,124,71
1296,2024-02-24,Sat,0,71,118,86
1297,2024-02-24,Sat,1,52,90,66
1298,2024-02-24,Sat,2,32,47,69
1299,2024-02-24,Sat,3,23,40,38
1300,2024-02-24,Sat,4,30,37,49
1301,2024-02-24,Sat,5,27,42,42
1302,2024-02-24,Sat,6,38,44,37
1303,2024-02-24,Sat,7,46,110,63
1304,2024-02-24,Sat,8,66,161,51
1305,2024-02-24,Sat,9,82,186,92
1306,2024-02-24,Sat,10,79,155,109
1307,2024-02-24,Sat,11,74,208,95
1308,2024-02-24,Sat,12,70,198,119
1309,2024-02-24,Sat,13,59,165,115
1310,2024-02-24,Sat,14,73,164,95
1311,2024-02-24,Sat,15,65,184,89
1312,2024-02-24,Sat,16,78,174,96
1313,2024-02-24,Sat,17,74,159,92
1314,2024-02-24,Sat,18,58,159,88
1315,2024-02-24,Sat,19,76,122,85
1316,2024-02-24,Sat,20,69,106,65
1317,2024-02-24,Sat,21,90,187,75
1318,2024-02-24,Sat,22,93,201,80
1319,2024-02-24,Sat,23,78,173,102
1320,2024-02-25,Sun,0,88,136,118
1321,2024-02-25,Sun,1,73,123,100
1322,2024-02-25,Sun,2,43,57,78
1323,2024-02-25,Sun,3,26,52,46
1324,2024-02-25,Sun,4,46,40,47
1325,2024-02-25,Sun,5,25,33,57
1326,2024-02-25,Sun,6,31,33,51
1327,2024-02-25,Sun,7,44,119,40
1328,2024-02-25,Sun,8,49,155,64
1329,2024-02-25,Sun,9,58,156,76
1330,2024-02-25,Sun,10,77,173,99
1331,2024-02-25,Sun,11,85,274,114
1332,2024-02-25,Sun,12,89,193,87
1333,2024-02-25,Sun,13,69,125,100
1334,2024-02-25,Sun,14,71,184,92
1335,2024-02-25,Sun,15,71,188,110
1336,2024-02-25,Sun,16,82,185,98
1337,2024-02-25,Sun,17,85,146,93
1338,2024-02-25,Sun,18,70,164,71
1339,2024-02-25,Sun,19,77,134,63
1340,2024-02-25,Sun,20,86,132,88
1341,2024-02-25,Sun,21,91,202,78
1342,2024-02-25,Sun,22,97,156,70
1343,2024-02-25,Sun,23,70,103,87
1344,2024-02-26,Mon,0,58,69,83
1345,2024-02-26,Mon,1,28,43,100
1346,2024-02-26,Mon,2,31,34,55
1347,2024-02-26,Mon,3,19,42,27
1348,2024-02-26,Mon,4,33,24,34
1349,2024-02-26,Mon,5,37,27,39
1350,2024-02-26,Mon,6,62,68,79
1351,2024-02-26,Mon,7,89,162,101
1352,2024-02-26,Mon,8,123,173,179
1353,2024-02-26,Mon,9,82,201,224
1354,2024-02-26,Mon,10,98,192,220
1355,2024-02-26,Mon,11,78,240,204
1356,2024-02-26,Mon,12,72,202,231
1357,2024-02-26,Mon,13,66,172,150
1358,2024-02-26,Mon,14,71,211,283
1359,2024-02-26,Mon,15,53,179,177
1360,2024-02-26,Mon,16,69,168,171
1361,2024-02-26,Mon,17,96,151,129
1362,2024-02-26,Mon,18,51,150,79
1363,2024-02-26,Mon,19,56,210,120
1364,2024-02-26,Mon,20,77,217,75
1365,2024-02-26,Mon,21,58,210,92
1366,2024-02-26,Mon,22,91,176,55
1367,2024-02-26,Mon,23,63,109,101
1368,2024-02-27,Tue,0,49,63,89
1369,2024-02-27,Tue,1,41,50,52
1370,2024-02-27,Tue,2,30,30,34
1371,2024-02-27,Tue,3,18,28,28
1372,2024-02-27,Tue,4,21,28,24
1373,2024-02-27,Tue,5,35,29,32
1374,2024-02-27,Tue,6,80,69,59
1375,2024-02-27,Tue,7,96,155,120
1376,2024-02-27,Tue,8,131,217,140
1377,2024-02-27,Tue,9,115,226,226
1378,2024-02-27,Tue,10,68,233,243
1379,2024-02-27,Tue,11,79,211,214
1380,2024-02-27,Tue,12,92,234,186
1381,2024-02-27,Tue,13,75,171,231
1382,2024-02-27,Tue,14,60,175,188
1383,2024-02-27,Tue,15,70,167,219
1384,2024-02-27,Tue,16,66,196,193
1385,2024-02-27,Tue,17,97,182,195
1386,2024-02-27,Tue,18,62,165,85
1387,2024-02-27,Tue,19,54,139,101
1388,2024-02-27,Tue,20,65,148,86
1389,2024-02-27,Tue,21,65,149,73
1390,2024-02-27,Tue,22,93,190,78
1391,2024-02-27,Tue,23,53,112,78
1392,2024-02-28,Wed,0,60,82,86
1393,2024-02-28,Wed,1,42,50,49
1394,2024-02-28,Wed,2,26,41,29
1395,2024-02-28,Wed,3,14,26,21
1396,2024-02-28,Wed,4,24,22,38
1397,2024-02-28,Wed,5,41,33,39
1398,2024-02-28,Wed,6,59,49,53
1399,2024-02-28,Wed,7,101,143,90
1400,2024-02-28,Wed,8,116,197,176
1401,2024-02-28,Wed,9,96,201,209
1402,2024-02-28,Wed,10,55,221,188
1403,2024-02-28,Wed,11,63,208,218
1404,2024-02-28,Wed,12,75,165,214
1405,2024-02-28,Wed,13,53,181,196
1406,2024-02-28,Wed,14,48,216,177
1407,2024-02-28,Wed,15,63,180,178
1408,2024-02-28,Wed,16,50,174,185
1409,2024-02-28,Wed,17,76,166,121
1410,2024-02-28,Wed,18,70,131,96
1411,2024-02-28,Wed,19,68,143,103
1412,2024-02-28,Wed,20,65,168,79
1413,2024-02-28,Wed,21,78,168,76
1414,2024-02-28,Wed,22,83,189,77
1415,2024-02-28,Wed,23,60,103,71
1416,2024-02-29,Thu,0,52,71,79
1417,2024-02-29,Thu,1,40,33,65
1418,2024-02-29,Thu,2,27,33,34
1419,2024-02-29,Thu,3,23,20,32
1420,2024-02-29,Thu,4,25,20,35
1421,2024-02-29,Thu,5,30,30,50
1422,2024-02-29,Thu,6,57,85,68
1423,2024-02-29,Thu,7,95,217,145
1424,2024-02-29,Thu,8,124,233,156
1425,2024-02-29,Thu,9,98,234,250
1426,2024-02-29,Thu,10,63,269,217
1427,2024-02-29,Thu,11,80,264,247
1428,2024-02-29,Thu,12,69,223,214
1429,2024-02-29,Thu,13,70,189,198
1430,2024-02-29,Thu,14,63,175,165
1431,2024-02-29,Thu,15,51,174,153
1432,2024-02-29,Thu,16,63,186,164
1433,2024-02-29,Thu,17,77,171,110
1434,2024-02-29,Thu,18,65,179,109
1435,2024-02-29,Thu,19,68,138,112
1436,2024-02-29,Thu,20,79,158,90
1437,2024-02-29,Thu,21,130,157,82
1438,2024-02-29,Thu,22,108,199,64
1439,2024-02-29,Thu,23,65,89,104
1440,2024-03-01,Fri,0,58,93,73
1441,2024-03-01,Fri,1,28,38,50
1442,2024-03-01,Fri,2,20,51,48
1443,2024-03-01,Fri,3,22,28,56
1444,2024-03-01,Fri,4,32,31,39
1445,2024-03-01,Fri,5,37,27,41
1446,2024-03-01,Fri,6,63,71,76
1447,2024-03-01,Fri,7,88,185,124
1448,2024-03-01,Fri,8,119,226,150
1449,2024-03-01,Fri,9,86,231,182
1450,2024-03-01,Fri,10,82,232,235
1451,2024-03-01,Fri,11,79,220,185
1452,2024-03-01,Fri,12,83,173,227
1453,2024-03-01,Fri,13,76,145,157
1454,2024-03-01,Fri,14,79,156,184
1455,2024-03-01,Fri,15,65,189,173
1456,2024-03-01,Fri,16,67,204,188
1457,2024-03-01,Fri,17,82,207,91
1458,2024-03-01,Fri,18,77,180,94
1459,2024-03-01,Fri,19,84,152,78
1460,2024-03-01,Fri,20,106,186,96
1461,2024-03-01,Fri,21,102,205,78
1462,2024-03-01,Fri,22,122,243,62
1463,2024-03-01,Fri,23,111,133,89
1464,2024-03-02,Sat,0,76,136,115
1465,2024-03-02,Sat,1,58,75,83
1466,2024-03-02,Sat,2,43,61,70
1467,2024-03-02,Sat,3,24,37,47
1468,2024-03-02,Sat,4,33,37,35
1469,2024-03-02,Sat,5,27,40,35
1470,2024-03-02,Sat,6,27,72,39
1471,2024-03-02,Sat,7,40,101,43
1472,2024-03-02,Sat,8,64,147,76
1473,2024-03-02,Sat,9,65,159,121
1474,2024-03-02,Sat,10,82,151,106
1475,2024-03-02,Sat,11,50,150,107
1476,2024-03-02,Sat,12,73,179,87
1477,2024-03-02,Sat,13,74,159,107
1478,2024-03-02,Sat,14,65,174,119
1479,2024-03-02,Sat,15,59,114,71
1480,2024-03-02,Sat,16,42,155,113
1481,2024-03-02,Sat,17,51,131,110
1482,2024-03-02,Sat,18,57,143,92
1483,2024-03-02,Sat,19,65,151,89
1484,2024-03-02,Sat,20,57,126,71
1485,2024-03-02,Sat,21,73,152,68
1486,2024-03-02,Sat,22,77,221,76
1487,2024-03-02,Sat,23,93,202,80
1488,2024-03-03,Sun,0,99,135,106
1489,2024-03-03,Sun,1,74,91,79
1490,2024-03-03,Sun,2,52,71,68
1491,2024-03-03,Sun,3,34,50,56
1492,2024-03-03,Sun,4,35,30,65
1493,2024-03-03,Sun,5,24,27,45
1494,2024-03-03,Sun,6,31,42,32
1495,2024-03-03,Sun,7,59,104,71
1496,2024-03-03,Sun,8,73,127,84
1497,2024-03-03,Sun,9,84,147,84
1498,2024-03-03,Sun,10,83,175,87
1499,2024-03-03,Sun,11,102,177,82
1500,2024-03-03,Sun,12,108,219,97
1501,2024-03-03,Sun,13,110,175,107
1502,2024-03-03,Sun,14,112,190,80
1503,2024-03-03,Sun,15,110,200,102
1504,2024-03-03,Sun,16,122,201,77
1505,2024-03-03,Sun,17,101,263,82
1506,2024-03-03,Sun,18,113,204,80
1507,2024-03-03,Sun,19,98,215,111
1508,2024-03-03,Sun,20,109,223,88
1509,2024-03-03,Sun,21,142,257,71
1510,2024-03-03,Sun,22,137,259,53
1511,2024-03-03,Sun,23,116,159,76
1512,2024-03-04,Mon,0,64,74,90
1513,2024-03-04,Mon,1,26,50,85
1514,2024-03-04,Mon,2,32,34,42
1515,2024-03-04,Mon,3,30,23,36
1516,2024-03-04,Mon,4,30,22,35
1517,2024-03-04,Mon,5,33,35,43
1518,2024-03-04,Mon,6,66,85,50
1519,2024-03-04,Mon,7,117,139,110
1520,2024-03-04,Mon,8,112,183,138
1521,2024-03-04,Mon,9,107,192,245
1522,2024-03-04,Mon,10,76,192,244
1523,2024-03-04,Mon,11,86,218,240
1524,2024-03-04,Mon,12,82,184,166
1525,2024-03-04,Mon,13,79,182,190
1526,2024-03-04,Mon,14,56,195,212
1527,2024-03-04,Mon,15,88,201,221
1528,2024-03-04,Mon,16,98,205,178
1529,2024-03-04,Mon,17,84,208,144
1530,2024-03-04,Mon,18,78,174,118
1531,2024-03-04,Mon,19,70,157,112
1532,2024-03-04,Mon,20,92,171,89
1533,2024-03-04,Mon,21,97,157,76
1534,2024-03-04,Mon,22,86,182,72
1535,2024-03-04,Mon,23,85,98,101
1536,2024-03-05,Tue,0,50,49,64
1537,2024-03-05,Tue,1,34,33,40
1538,2024-03-05,Tue,2,9,41,32
1539,2024-03-05,Tue,3,13,33,29
1540,2024-03-05,Tue,4,21,23,38
1541,2024-03-05,Tue,5,55,32,68
1542,2024-03-05,Tue,6,59,73,74
1543,2024-03-05,Tue,7,60,130,70
1544,2024-03-05,Tue,8,66,187,163
1545,2024-03-05,Tue,9,68,232,166
1546,2024-03-05,Tue,10,63,177,185
1547,2024-03-05,Tue,11,65,172,197
1548,2024-03-05,Tue,12,46,185,202
1549,2024-03-05,Tue,13,58,161,181
1550,2024-03-05,Tue,14,70,210,227
1551,2024-03-05,Tue,15,45,152,230
1552,2024-03-05,Tue,16,52,153,191
1553,2024-03-05,Tue,17,76,171,116
1554,2024-03-05,Tue,18,55,139,93
1555,2024-03-05,Tue,19,76,180,134
1556,2024-03-05,Tue,20,95,148,84
1557,2024-03-05,Tue,21,85,192,57
1558,2024-03-05,Tue,22,77,178,56
1559,2024-03-05,Tue,23,62,112,86
1560,2024-03-06,Wed,0,59,67,56
1561,2024-03-06,Wed,1,33,36,40
1562,2024-03-06,Wed,2,34,55,35
1563,2024-03-06,Wed,3,23,52,21
1564,2024-03-06,Wed,4,18,26,24
1565,2024-03-06,Wed,5,39,43,51
1566,2024-03-06,Wed,6,58,72,98
1567,2024-03-06,Wed,7,108,163,107
1568,2024-03-06,Wed,8,107,217,166
1569,2024-03-06,Wed,9,112,176,249
1570,2024-03-06,Wed,10,76,188,221
1571,2024-03-06,Wed,11,57,159,260
1572,2024-03-06,Wed,12,77,205,208
1573,2024-03-06,Wed,13,50,195,187
1574,2024-03-06,Wed,14,47,142,196
1575,2024-03-06,Wed,15,54,131,187
1576,2024-03-06,Wed,16,41,210,210
1577,2024-03-06,Wed,17,53,196,168
1578,2024-03-06,Wed,18,61,161,122
1579,2024-03-06,Wed,19,50,179,152
1580,2024-03-06,Wed,20,68,145,102
1581,2024-03-06,Wed,21,72,148,82
1582,2024-03-06,Wed,22,76,146,66
1583,2024-03-06,Wed,23,76,74,105
1584,2024-03-07,Thu,0,49,80,82
1585,2024-03-07,Thu,1,29,39,51
1586,2024-03-07,Thu,2,21,29,41
1587,2024-03-07,Thu,3,16,22,34
1588,2024-03-07,Thu,4,29,25,39
1589,2024-03-07,Thu,5,28,33,34
1590,2024-03-07,Thu,6,63,102,72
1591,2024-03-07,Thu,7,85,181,75
1592,2024-03-07,Thu,8,113,168,183
1593,2024-03-07,Thu,9,91,220,236
1594,2024-03-07,Thu,10,81,204,249
1595,2024-03-07,Thu,11,62,199,228
1596,2024-03-07,Thu,12,99,182,242
1597,2024-03-07,Thu,13,58,148,209
1598,2024-03-07,Thu,14,79,157,194
1599,2024-03-07,Thu,15,62,140,245
1600,2024-03-07,Thu,16,74,190,217
1601,2024-03-07,Thu,17,67,188,150
1602,2024-03-07,Thu,18,80,131,133
1603,2024-03-07,Thu,19,75,166,110
1604,2024-03-07,Thu,20,83,138,105
1605,2024-03-07,Thu,21,87,176,83
1606,2024-03-07,Thu,22,82,197,65
1607,2024-03-07,Thu,23,93,129,107
1608,2024-03-08,Fri,0,64,70,69
1609,2024-03-08,Fri,1,38,53,40
1610,2024-03-08,Fri,2,22,37,45
1611,2024-03-08,Fri,3,34,21,31
1612,2024-03-08,Fri,4,24,11,27
1613,2024-03-08,Fri,5,38,19,30
1614,2024-03-08,Fri,6,61,86,70
1615,2024-03-08,Fri,7,99,152,81
1616,2024-03-08,Fri,8,103,169,175
1617,2024-03-08,Fri,9,105,204,242
1618,2024-03-08,Fri,10,84,249,211
1619,2024-03-08,Fri,11,102,187,223
1620,2024-03-08,Fri,12,66,164,235
1621,2024-03-08,Fri,13,71,134,180
1622,2024-03-08,Fri,14,72,113,187
1623,2024-03-08,Fri,15,73,149,202
1624,2024-03-08,Fri,16,65,154,217
1625,2024-03-08,Fri,17,83,197,159
1626,2024-03-08,Fri,18,90,142,105
1627,2024-03-08,Fri,19,71,190,71
1628,2024-03-08,Fri,20,72,170,77
1629,2024-03-08,Fri,21,72,225,91
1630,2024-03-08,Fri,22,94,239,61
1631,2024-03-08,Fri,23,120,135,83
1632,2024-03-09,Sat,0,110,142,91
1633,2024-03-09,Sat,1,62,85,88
1634,2024-03-09,Sat,2,44,59,56
1635,2024-03-09,Sat,3,32,40,45
1636,2024-03-09,Sat,4,38,49,29
1637,2024-03-09,Sat,5,32,32,38
1638,2024-03-09,Sat,6,47,66,51
1639,2024-03-09,Sat,7,58,95,62
1640,2024-03-09,Sat,8,76,174,101
1641,2024-03-09,Sat,9,65,188,107
1642,2024-03-09,Sat,10,101,154,134
1643,2024-03-09,Sat,11,80,157,138
1644,2024-03-09,Sat,12,70,145,131
1645,2024-03-09,Sat,13,70,178,121
1646,2024-03-09,Sat,14,71,168,107
1647,2024-03-09,Sat,15,52,153,91
1648,2024-03-09,Sat,16,54,148,84
1649,2024-03-09,Sat,17,63,139,83
1650,2024-03-09,Sat,18,54,136,51
1651,2024-03-09,Sat,19,50,157,68
1652,2024-03-09,Sat,20,55,161,112
1653,2024-03-09,Sat,21,68,194,110
1654,2024-03-09,Sat,22,79,249,98
1655,2024-03-09,Sat,23,82,184,103
1656,2024-03-10,Sun,0,73,177,117
1657,2024-03-10,Sun,1,62,101,96
1658,2024-03-10,Sun,2,0,0,0
1659,2024-03-10,Sun,3,44,109,70
1660,2024-03-10,Sun,4,26,25,50
1661,2024-03-10,Sun,5,19,42,50
1662,2024-03-10,Sun,6,66,46,34
1663,2024-03-10,Sun,7,61,79,30
1664,2024-03-10,Sun,8,65,139,85
1665,2024-03-10,Sun,9,60,146,79
1666,2024-03-10,Sun,10,83,155,103
1667,2024-03-10,Sun,11,85,200,87
1668,2024-03-10,Sun,12,83,178,139
1669,2024-03-10,Sun,13,79,182,155
1670,2024-03-10,Sun,14,81,179,98
1671,2024-03-10,Sun,15,117,187,130
1672,2024-03-10,Sun,16,75,193,100
1673,2024-03-10,Sun,17,106,155,124
1674,2024-03-10,Sun,18,78,177,90
1675,2024-03-10,Sun,19,70,157,67
1676,2024-03-10,Sun,20,79,177,64
1677,2024-03-10,Sun,21,94,191,96
1678,2024-03-10,Sun,22,102,196,103
1679,2024-03-10,Sun,23,66,149,100
1680,2024-03-11,Mon,0,95,123,105
1681,2024-03-11,Mon,1,51,48,67
1682,2024-03-11,Mon,2,39,35,36
1683,2024-03-11,Mon,3,25,19,31
1684,2024-03-11,Mon,4,23,27,32
1685,2024-03-11,Mon,5,19,22,48
1686,2024-03-11,Mon,6,52,59,76
1687,2024-03-11,Mon,7,77,147,94
1688,2024-03-11,Mon,8,100,171,178
1689,2024-03-11,Mon,9,82,190,260
1690,2024-03-11,Mon,10,87,180,246
1691,2024-03-11,Mon,11,81,167,213
1692,2024-03-11,Mon,12,71,216,258
1693,2024-03-11,Mon,13,86,184,242
1694,2024-03-11,Mon,14,70,205,214
1695,2024-03-11,Mon,15,65,130,334
1696,2024-03-11,Mon,16,56,222,217
1697,2024-03-11,Mon,17,78,177,123
1698,2024-03-11,Mon,18,80,179,101
1699,2024-03-11,Mon,19,83,189,119
1700,2024-03-11,Mon,20,86,136,142
1701,2024-03-11,Mon,21,81,181,92
1702,2024-03-11,Mon,22,96,214,94
1703,2024-03-11,Mon,23,74,158,94
1704,2024-03-12,Tue,0,53,96,66
1705,2024-03-12,Tue,1,43,67,51
1706,2024-03-12,Tue,2,26,74,49
1707,2024-03-12,Tue,3,32,83,30
1708,2024-03-12,Tue,4,40,56,33
1709,2024-03-12,Tue,5,38,32,52
1710,2024-03-12,Tue,6,51,73,64
1711,2024-03-12,Tue,7,89,152,106
1712,2024-03-12,Tue,8,107,208,178
1713,2024-03-12,Tue,9,96,198,235
1714,2024-03-12,Tue,10,76,188,264
1715,2024-03-12,Tue,11,83,147,202
1716,2024-03-12,Tue,12,63,227,267
1717,2024-03-12,Tue,13,88,121,293
1718,2024-03-12,Tue,14,71,133,217
1719,2024-03-12,Tue,15,74,146,287
1720,2024-03-12,Tue,16,82,155,213
1721,2024-03-12,Tue,17,78,196,138
1722,2024-03-12,Tue,18,94,157,146
1723,2024-03-12,Tue,19,122,211,122
1724,2024-03-12,Tue,20,114,193,116
1725,2024-03-12,Tue,21,110,295,100
1726,2024-03-12,Tue,22,127,242,89
1727,2024-03-12,Tue,23,108,143,99
1728,2024-03-13,Wed,0,83,97,109
1729,2024-03-13,Wed,1,41,47,45
1730,2024-03-13,Wed,2,23,29,31
1731,2024-03-13,Wed,3,20,43,39
1732,2024-03-13,Wed,4,21,32,37
1733,2024-03-13,Wed,5,38,30,51
1734,2024-03-13,Wed,6,66,66,67
1735,2024-03-13,Wed,7,103,148,172
1736,2024-03-13,Wed,8,111,194,157
1737,2024-03-13,Wed,9,95,184,241
1738,2024-03-13,Wed,10,90,167,254
1739,2024-03-13,Wed,11,60,171,217
1740,2024-03-13,Wed,12,55,180,293
1741,2024-03-13,Wed,13,79,143,172
1742,2024-03-13,Wed,14,42,184,178
1743,2024-03-13,Wed,15,69,161,223
1744,2024-03-13,Wed,16,69,222,190
1745,2024-03-13,Wed,17,89,198,108
1746,2024-03-13,Wed,18,84,270,143
1747,2024-03-13,Wed,19,76,184,106
1748,2024-03-13,Wed,20,76,198,90
1749,2024-03-13,Wed,21,101,291,83
1750,2024-03-13,Wed,22,100,199,65
1751,2024-03-13,Wed,23,68,146,122
1752,2024-03-14,Thu,0,66,74,81
1753,2024-03-14,Thu,1,37,47,48
1754,2024-03-14,Thu,2,24,29,35
1755,2024-03-14,Thu,3,33,24,37
1756,2024-03-14,Thu,4,36,34,25
1757,2024-03-14,Thu,5,34,43,31
1758,2024-03-14,Thu,6,44,63,57
1759,2024-03-14,Thu,7,87,151,75
1760,2024-03-14,Thu,8,118,176,164
1761,2024-03-14,Thu,9,74,190,272
1762,2024-03-14,Thu,10,74,195,224
1763,2024-03-14,Thu,11,84,193,249
1764,2024-03-14,Thu,12,84,189,218
1765,2024-03-14,Thu,13,79,165,241
1766,2024-03-14,Thu,14,81,155,226
1767,2024-03-14,Thu,15,86,197,212
1768,2024-03-14,Thu,16,86,185,181
1769,2024-03-14,Thu,17,112,180,136
1770,2024-03-14,Thu,18,124,214,138
1771,2024-03-14,Thu,19,85,150,82
1772,2024-03-14,Thu,20,99,191,105
1773,2024-03-14,Thu,21,143,224,109
1774,2024-03-14,Thu,22,122,214,82
1775,2024-03-14,Thu,23,136,159,137
1776,2024-03-15,Fri,0,83,113,104
1777,2024-03-15,Fri,1,52,67,70
1778,2024-03-15,Fri,2,34,45,51
1779,2024-03-15,Fri,3,9,16,30
1780,2024-03-15,Fri,4,32,54,26
1781,2024-03-15,Fri,5,32,26,30
1782,2024-03-15,Fri,6,52,49,58
1783,2024-03-15,Fri,7,98,157,83
1784,2024-03-15,Fri,8,104,207,210
1785,2024-03-15,Fri,9,85,182,236
1786,2024-03-15,Fri,10,68,169,296
1787,2024-03-15,Fri,11,77,141,281
1788,2024-03-15,Fri,12,81,151,213
1789,2024-03-15,Fri,13,103,150,237
1790,2024-03-15,Fri,14,66,131,149
1791,2024-03-15,Fri,15,66,122,179
1792,2024-03-15,Fri,16,68,173,149
1793,2024-03-15,Fri,17,83,160,97
1794,2024-03-15,Fri,18,81,175,91
1795,2024-03-15,Fri,19,85,162,72
1796,2024-03-15,Fri,20,82,206,67
1797,2024-03-15,Fri,21,118,214,64
1798,2024-03-15,Fri,22,128,228,48
1799,2024-03-15,Fri,23,133,155,110
1800,2024-03-16,Sat,0,145,188,146
1801,2024-03-16,Sat,1,73,142,98
1802,2024-03-16,Sat,2,44,93,51
1803,2024-03-16,Sat,3,33,72,40
1804,2024-03-16,Sat,4,30,49,41
1805,2024-03-16,Sat,5,31,25,34
1806,2024-03-16,Sat,6,31,47,36
1807,2024-03-16,Sat,7,52,73,44
1808,2024-03-16,Sat,8,53,133,81
1809,2024-03-16,Sat,9,61,146,95
1810,2024-03-16,Sat,10,81,151,88
1811,2024-03-16,Sat,11,71,145,103
1812,2024-03-16,Sat,12,88,148,94
1813,2024-03-16,Sat,13,58,163,104
1814,2024-03-16,Sat,14,95,148,59
1815,2024-03-16,Sat,15,83,139,79
1816,2024-03-16,Sat,16,86,151,102
1817,2024-03-16,Sat,17,74,161,100
1818,2024-03-16,Sat,18,78,148,94
1819,2024-03-16,Sat,19,79,147,89
1820,2024-03-16,Sat,20,93,152,87
1821,2024-03-16,Sat,21,112,205,81
1822,2024-03-16,Sat,22,136,252,79
1823,2024-03-16,Sat,23,136,200,119
1824,2024-03-17,Sun,0,134,200,116
1825,2024-03-17,Sun,1,93,121,105
1826,2024-03-17,Sun,2,49,108,73
1827,2024-03-17,Sun,3,44,98,65
1828,2024-03-17,Sun,4,40,119,39
1829,2024-03-17,Sun,5,27,66,37
1830,2024-03-17,Sun,6,44,39,42
1831,2024-03-17,Sun,7,42,103,29
1832,2024-03-17,Sun,8,51,143,60
1833,2024-03-17,Sun,9,85,146,83
1834,2024-03-17,Sun,10,75,172,65
1835,2024-03-17,Sun,11,68,178,85
1836,2024-03-17,Sun,12,78,151,87
1837,2024-03-17,Sun,13,111,155,119
1838,2024-03-17,Sun,14,100,159,87
1839,2024-03-17,Sun,15,92,139,100
1840,2024-03-17,Sun,16,83,132,54
1841,2024-03-17,Sun,17,76,172,54
1842,2024-03-17,Sun,18,90,151,69
1843,2024-03-17,Sun,19,93,177,63
1844,2024-03-17,Sun,20,108,181,65
1845,2024-03-17,Sun,21,125,227,53
1846,2024-03-17,Sun,22,167,217,69
1847,2024-03-17,Sun,23,99,107,86
1848,2024-03-18,Mon,0,90,104,105
1849,2024-03-18,Mon,1,55,42,56
1850,2024-03-18,Mon,2,23,23,25
1851,2024-03-18,Mon,3,21,23,26
1852,2024-03-18,Mon,4,26,30,28
1853,2024-03-18,Mon,5,50,27,39
1854,2024-03-18,Mon,6,55,57,55
1855,2024-03-18,Mon,7,80,93,91
1856,2024-03-18,Mon,8,119,158,125
1857,2024-03-18,Mon,9,91,186,180
1858,2024-03-18,Mon,10,81,182,198
1859,2024-03-18,Mon,11,73,146,202
1860,2024-03-18,Mon,12,78,151,204
1861,2024-03-18,Mon,13,56,105,200
1862,2024-03-18,Mon,14,64,150,167
1863,2024-03-18,Mon,15,65,137,205
1864,2024-03-18,Mon,16,81,174,175
1865,2024-03-18,Mon,17,86,196,114
1866,2024-03-18,Mon,18,84,176,125
1867,2024-03-18,Mon,19,68,167,83
1868,2024-03-18,Mon,20,84,163,82
1869,2024-03-18,Mon,21,100,157,70
1870,2024-03-18,Mon,22,71,166,51
1871,2024-03-18,Mon,23,50,135,122
1872,2024-03-19,Tue,0,44,49,99
1873,2024-03-19,Tue,1,30,56,54
1874,2024-03-19,Tue,2,15,22,29
1875,2024-03-19,Tue,3,20,21,26
1876,2024-03-19,Tue,4,21,23,16
1877,2024-03-19,Tue,5,28,29,36
1878,2024-03-19,Tue,6,43,60,47
1879,2024-03-19,Tue,7,92,148,64
1880,2024-03-19,Tue,8,125,306,190
1881,2024-03-19,Tue,9,98,350,417
1882,2024-03-19,Tue,10,104,265,215
1883,2024-03-19,Tue,11,111,395,342
1884,2024-03-19,Tue,12,118,300,328
1885,2024-03-19,Tue,13,119,327,541
1886,2024-03-19,Tue,14,132,277,260
1887,2024-03-19,Tue,15,129,317,430
1888,2024-03-19,Tue,16,86,357,480
1889,2024-03-19,Tue,17,81,192,172
1890,2024-03-19,Tue,18,88,161,167
1891,2024-03-19,Tue,19,71,148,108
1892,2024-03-19,Tue,20,112,157,111
1893,2024-03-19,Tue,21,97,199,75
1894,2024-03-19,Tue,22,75,147,41
1895,2024-03-19,Tue,23,75,111,92
1896,2024-03-20,Wed,0,51,105,93
1897,2024-03-20,Wed,1,30,48,57
1898,2024-03-20,Wed,2,18,36,31
1899,2024-03-20,Wed,3,26,19,25
1900,2024-03-20,Wed,4,24,40,38
1901,2024-03-20,Wed,5,38,37,46
1902,2024-03-20,Wed,6,47,98,59
1903,2024-03-20,Wed,7,82,233,69
1904,2024-03-20,Wed,8,101,268,137
1905,2024-03-20,Wed,9,73,233,229
1906,2024-03-20,Wed,10,78,191,245
1907,2024-03-20,Wed,11,91,188,299
1908,2024-03-20,Wed,12,69,220,215
1909,2024-03-20,Wed,13,59,227,225
1910,2024-03-20,Wed,14,41,169,244
1911,2024-03-20,Wed,15,63,173,190
1912,2024-03-20,Wed,16,62,213,159
1913,2024-03-20,Wed,17,46,160,141
1914,2024-03-20,Wed,18,65,211,114
1915,2024-03-20,Wed,19,63,191,75
1916,2024-03-20,Wed,20,140,172,98
1917,2024-03-20,Wed,21,88,184,90
1918,2024-03-20,Wed,22,50,240,69
1919,2024-03-20,Wed,23,72,137,118
1920,2024-03-21,Thu,0,51,90,101
1921,2024-03-21,Thu,1,22,62,51
1922,2024-03-21,Thu,2,9,39,66
1923,2024-03-21,Thu,3,26,28,47
1924,2024-03-21,Thu,4,19,16,23
1925,2024-03-21,Thu,5,32,38,42
1926,2024-03-21,Thu,6,52,82,82
1927,2024-03-21,Thu,7,70,175,95
1928,2024-03-21,Thu,8,91,226,136
1929,2024-03-21,Thu,9,109,222,220
1930,2024-03-21,Thu,10,61,213,202
1931,2024-03-21,Thu,11,69,193,259
1932,2024-03-21,Thu,12,72,200,223
1933,2024-03-21,Thu,13,73,233,212
1934,2024-03-21,Thu,14,57,220,179
1935,2024-03-21,Thu,15,123,176,181
1936,2024-03-21,Thu,16,65,173,155
1937,2024-03-21,Thu,17,58,139,184
1938,2024-03-21,Thu,18,94,188,183
1939,2024-03-21,Thu,19,68,195,152
1940,2024-03-21,Thu,20,77,185,105
1941,2024-03-21,Thu,21,116,186,134
1942,2024-03-21,Thu,22,82,221,85
1943,2024-03-21,Thu,23,82,126,92
1944,2024-03-22,Fri,0,41,95,110
1945,2024-03-22,Fri,1,26,57,52
1946,2024-03-22,Fri,2,25,31,34
1947,2024-03-22,Fri,3,18,37,38
1948,2024-03-22,Fri,4,27,34,28
1949,2024-03-22,Fri,5,33,45,54
1950,2024-03-22,Fri,6,55,75,84
1951,2024-03-22,Fri,7,58,148,91
1952,2024-03-22,Fri,8,92,196,139
1953,2024-03-22,Fri,9,101,192,194
1954,2024-03-22,Fri,10,73,191,236
1955,2024-03-22,Fri,11,81,195,227
1956,2024-03-22,Fri,12,104,177,279
1957,2024-03-22,Fri,13,71,209,231
1958,2024-03-22,Fri,14,70,209,231
1959,2024-03-22,Fri,15,60,175,194
1960,2024-03-22,Fri,16,79,185,211
1961,2024-03-22,Fri,17,69,195,130
1962,2024-03-22,Fri,18,91,155,116
1963,2024-03-22,Fri,19,80,161,97
1964,2024-03-22,Fri,20,96,181,83
1965,2024-03-22,Fri,21,78,178,98
1966,2024-03-22,Fri,22,110,202,76
1967,2024-03-22,Fri,23,122,155,97
1968,2024-03-23,Sat,0,95,115,134
1969,2024-03-23,Sat,1,49,71,82
1970,2024-03-23,Sat,2,36,55,60
1971,2024-03-23,Sat,3,28,33,35
1972,2024-03-23,Sat,4,26,28,39
1973,2024-03-23,Sat,5,26,36,22
1974,2024-03-23,Sat,6,34,28,32
1975,2024-03-23,Sat,7,33,56,43
1976,2024-03-23,Sat,8,60,159,58
1977,2024-03-23,Sat,9,55,190,75
1978,2024-03-23,Sat,10,57,169,105
1979,2024-03-23,Sat,11,72,201,119
1980,2024-03-23,Sat,12,51,180,84
1981,2024-03-23,Sat,13,51,153,138
1982,2024-03-23,Sat,14,43,194,133
1983,2024-03-23,Sat,15,44,259,227
1984,2024-03-23,Sat,16,54,202,205
1985,2024-03-23,Sat,17,54,177,154
1986,2024-03-23,Sat,18,61,204,83
1987,2024-03-23,Sat,19,60,163,102
1988,2024-03-23,Sat,20,57,166,78
1989,2024-03-23,Sat,21,92,179,69
1990,2024-03-23,Sat,22,99,189,84
1991,2024-03-23,Sat,23,112,148,114
1992,2024-03-24,Sun,0,96,139,144
1993,2024-03-24,Sun,1,92,93,105
1994,2024-03-24,Sun,2,39,67,70
1995,2024-03-24,Sun,3,24,30,45
1996,2024-03-24,Sun,4,21,53,28
1997,2024-03-24,Sun,5,36,48,34
1998,2024-03-24,Sun,6,44,40,40
1999,2024-03-24,Sun,7,61,89,52
2000,2024-03-24,Sun,8,55,141,84
2001,2024-03-24,Sun,9,65,157,93
2002,2024-03-24,Sun,10,77,190,106
2003,2024-03-24,Sun,11,106,214,114
2004,2024-03-24,Sun,12,100,203,145
2005,2024-03-24,Sun,13,93,151,153
2006,2024-03-24,Sun,14,111,156,81
2007,2024-03-24,Sun,15,122,160,118
2008,2024-03-24,Sun,16,106,187,76
2009,2024-03-24,Sun,17,96,203,77
2010,2024-03-24,Sun,18,113,180,116
2011,2024-03-24,Sun,19,84,184,115
2012,2024-03-24,Sun,20,94,180,92
2013,2024-03-24,Sun,21,116,233,90
2014,2024-03-24,Sun,22,131,225,88
2015,2024-03-24,Sun,23,107,122,84
2016,2024-03-25,Mon,0,84,93,114
2017,2024-03-25,Mon,1,40,40,88
2018,2024-03-25,Mon,2,17,29,48
2019,2024-03-25,Mon,3,22,34,36
2020,2024-03-25,Mon,4,24,33,31
2021,2024-03-25,Mon,5,30,30,46
2022,2024-03-25,Mon,6,52,87,65
2023,2024-03-25,Mon,7,110,170,109
2024,2024-03-25,Mon,8,109,190,143
2025,2024-03-25,Mon,9,88,216,254
2026,2024-03-25,Mon,10,73,246,217
2027,2024-03-25,Mon,11,62,210,243
2028,2024-03-25,Mon,12,71,185,291
2029,2024-03-25,Mon,13,65,183,236
2030,2024-03-25,Mon,14,82,183,218
2031,2024-03-25,Mon,15,67,210,227
2032,2024-03-25,Mon,16,70,206,205
2033,2024-03-25,Mon,17,78,172,137
2034,2024-03-25,Mon,18,86,212,125
2035,2024-03-25,Mon,19,74,228,127
2036,2024-03-25,Mon,20,84,187,96
2037,2024-03-25,Mon,21,85,183,89
2038,2024-03-25,Mon,22,94,149,93
2039,2024-03-25,Mon,23,55,186,105
2040,2024-03-26,Tue,0,30,103,67
2041,2024-03-26,Tue,1,25,44,58
2042,2024-03-26,Tue,2,22,50,30
2043,2024-03-26,Tue,3,26,24,25
2044,2024-03-26,Tue,4,26,22,41
2045,2024-03-26,Tue,5,39,50,36
2046,2024-03-26,Tue,6,47,85,56
2047,2024-03-26,Tue,7,102,167,87
2048,2024-03-26,Tue,8,123,211,147
2049,2024-03-26,Tue,9,118,256,245
2050,2024-03-26,Tue,10,86,234,226
2051,2024-03-26,Tue,11,72,241,273
2052,2024-03-26,Tue,12,66,217,227
2053,2024-03-26,Tue,13,86,189,216
2054,2024-03-26,Tue,14,58,191,234
2055,2024-03-26,Tue,15,66,181,202
2056,2024-03-26,Tue,16,81,206,183
2057,2024-03-26,Tue,17,99,231,139
2058,2024-03-26,Tue,18,103,184,162
2059,2024-03-26,Tue,19,85,159,138
2060,2024-03-26,Tue,20,71,142,120
2061,2024-03-26,Tue,21,116,173,96
2062,2024-03-26,Tue,22,82,201,95
2063,2024-03-26,Tue,23,59,154,77
2064,2024-03-27,Wed,0,45,102,83
2065,2024-03-27,Wed,1,29,54,51
2066,2024-03-27,Wed,2,24,34,36
2067,2024-03-27,Wed,3,21,24,23
2068,2024-03-27,Wed,4,29,25,36
2069,2024-03-27,Wed,5,36,27,31
2070,2024-03-27,Wed,6,42,81,91
2071,2024-03-27,Wed,7,94,121,86
2072,2024-03-27,Wed,8,119,231,156
2073,2024-03-27,Wed,9,84,232,181
2074,2024-03-27,Wed,10,69,221,213
2075,2024-03-27,Wed,11,76,236,189
2076,2024-03-27,Wed,12,69,181,179
2077,2024-03-27,Wed,13,74,205,222
2078,2024-03-27,Wed,14,79,180,165
2079,2024-03-27,Wed,15,48,164,211
2080,2024-03-27,Wed,16,67,233,133
2081,2024-03-27,Wed,17,68,146,115
2082,2024-03-27,Wed,18,67,187,138
2083,2024-03-27,Wed,19,86,138,146
2084,2024-03-27,Wed,20,79,150,130
2085,2024-03-27,Wed,21,102,213,73
2086,2024-03-27,Wed,22,98,169,66
2087,2024-03-27,Wed,23,66,137,80
2088,2024-03-28,Thu,0,59,78,80
2089,2024-03-28,Thu,1,29,39,38
2090,2024-03-28,Thu,2,23,44,32
2091,2024-03-28,Thu,3,16,21,19
2092,2024-03-28,Thu,4,11,37,40
2093,2024-03-28,Thu,5,23,27,45
2094,2024-03-28,Thu,6,40,52,45
2095,2024-03-28,Thu,7,83,116,70
2096,2024-03-28,Thu,8,86,147,140
2097,2024-03-28,Thu,9,52,176,129
2098,2024-03-28,Thu,10,57,239,202
2099,2024-03-28,Thu,11,54,181,197
2100,2024-03-28,Thu,12,48,195,163
2101,2024-03-28,Thu,13,47,146,199
2102,2024-03-28,Thu,14,34,146,146
2103,2024-03-28,Thu,15,58,155,163
2104,2024-03-28,Thu,16,50,146,148
2105,2024-03-28,Thu,17,52,152,95
2106,2024-03-28,Thu,18,75,130,93
2107,2024-03-28,Thu,19,61,130,73
2108,2024-03-28,Thu,20,55,125,57
2109,2024-03-28,Thu,21,61,177,80
2110,2024-03-28,Thu,22,89,175,74
2111,2024-03-28,Thu,23,100,140,77
2112,2024-03-29,Fri,0,45,96,83
2113,2024-03-29,Fri,1,37,48,52
2114,2024-03-29,Fri,2,18,40,39
2115,2024-03-29,Fri,3,18,37,24
2116,2024-03-29,Fri,4,24,25,26
2117,2024-03-29,Fri,5,40,31,46
2118,2024-03-29,Fri,6,35,48,50
2119,2024-03-29,Fri,7,55,99,54
2120,2024-03-29,Fri,8,52,156,126
2121,2024-03-29,Fri,9,79,190,149
2122,2024-03-29,Fri,10,67,197,173
2123,2024-03-29,Fri,11,67,192,187
2124,2024-03-29,Fri,12,83,172,189
2125,2024-03-29,Fri,13,95,186,144
2126,2024-03-29,Fri,14,85,166,189
2127,2024-03-29,Fri,15,62,159,152
2128,2024-03-29,Fri,16,55,138,136
2129,2024-03-29,Fri,17,115,174,105
2130,2024-03-29,Fri,18,80,149,114
2131,2024-03-29,Fri,19,108,141,82
2132,2024-03-29,Fri,20,63,144,75
2133,2024-03-29,Fri,21,115,160,67
2134,2024-03-29,Fri,22,95,170,71
2135,2024-03-29,Fri,23,91,135,74
2136,2024-03-30,Sat,0,80,109,119
2137,2024-03-30,Sat,1,58,98,95
2138,2024-03-30,Sat,2,36,97,60
2139,2024-03-30,Sat,3,17,36,49
2140,2024-03-30,Sat,4,26,41,43
2141,2024-03-30,Sat,5,39,20,49
2142,2024-03-30,Sat,6,29,72,39
2143,2024-03-30,Sat,7,36,91,33
2144,2024-03-30,Sat,8,59,139,70
2145,2024-03-30,Sat,9,51,167,89
2146,2024-03-30,Sat,10,80,155,117
2147,2024-03-30,Sat,11,61,142,103
2148,2024-03-30,Sat,12,96,137,117
2149,2024-03-30,Sat,13,75,127,130
2150,2024-03-30,Sat,14,90,125,109
2151,2024-03-30,Sat,15,70,144,88
2152,2024-03-30,Sat,16,95,151,91
2153,2024-03-30,Sat,17,101,168,76
2154,2024-03-30,Sat,18,83,182,85
2155,2024-03-30,Sat,19,87,179,75
2156,2024-03-30,Sat,20,82,160,72
2157,2024-03-30,Sat,21,107,203,73
2158,2024-03-30,Sat,22,152,264,64
2159,2024-03-30,Sat,23,159,153,92
2160,2024-03-31,Sun,0,97,166,100
2161,2024-03-31,Sun,1,77,86,94
2162,2024-03-31,Sun,2,51,69,86
2163,2024-03-31,Sun,3,47,43,57
2164,2024-03-31,Sun,4,36,40,50
2165,2024-03-31,Sun,5,22,24,40
2166,2024-03-31,Sun,6,26,47,43
2167,2024-03-31,Sun,7,34,106,40
2168,2024-03-31,Sun,8,42,113,49
2169,2024-03-31,Sun,9,53,173,61
2170,2024-03-31,Sun,10,74,143,81
2171,2024-03-31,Sun,11,67,186,75
2172,2024-03-31,Sun,12,88,152,79
2173,2024-03-31,Sun,13,61,123,91
2174,2024-03-31,Sun,14,75,148,74
2175,2024-03-31,Sun,15,84,134,78
2176,2024-03-31,Sun,16,121,158,70
2177,2024-03-31,Sun,17,88,186,63
2178,2024-03-31,Sun,18,138,193,82
2179,2024-03-31,Sun,19,112,158,64
2180,2024-03-31,Sun,20,118,185,99
2181,2024-03-31,Sun,21,108,267,89
2182,2024-03-31,Sun,22,135,297,83
2183,2024-03-31,Sun,23,113,155,94
2184,2024-04-01,Mon,0,85,157,98
2185,2024-04-01,Mon,1,46,68,82
2186,2024-04-01,Mon,2,41,72,41
2187,2024-04-01,Mon,3,17,37,24
2188,2024-04-01,Mon,4,28,38,15
2189,2024-04-01,Mon,5,38,21,29
2190,2024-04-01,Mon,6,41,45,45
2191,2024-04-01,Mon,7,60,115,115
2192,2024-04-01,Mon,8,82,192,106
2193,2024-04-01,Mon,9,71,210,197
2194,2024-04-01,Mon,10,85,204,221
2195,2024-04-01,Mon,11,64,201,234
2196,2024-04-01,Mon,12,74,197,233
2197,2024-04-01,Mon,13,76,198,228
2198,2024-04-01,Mon,14,60,172,240
2199,2024-04-01,Mon,15,75,217,202
2200,2024-04-01,Mon,16,82,197,205
2201,2024-04-01,Mon,17,93,174,143
2202,2024-04-01,Mon,18,73,161,143
2203,2024-04-01,Mon,19,140,182,94
2204,2024-04-01,Mon,20,84,182,91
2205,2024-04-01,Mon,21,113,174,70
2206,2024-04-01,Mon,22,110,224,88
2207,2024-04-01,Mon,23,56,129,91
2208,2024-04-02,Tue,0,46,114,96
2209,2024-04-02,Tue,1,26,46,54
2210,2024-04-02,Tue,2,19,39,30
2211,2024-04-02,Tue,3,19,32,28
2212,2024-04-02,Tue,4,32,39,46
2213,2024-04-02,Tue,5,29,28,50
2214,2024-04-02,Tue,6,49,64,52
2215,2024-04-02,Tue,7,83,178,61
2216,2024-04-02,Tue,8,88,174,123
2217,2024-04-02,Tue,9,78,220,221
2218,2024-04-02,Tue,10,93,218,230
2219,2024-04-02,Tue,11,79,174,201
2220,2024-04-02,Tue,12,72,172,161
2221,2024-04-02,Tue,13,78,191,183
2222,2024-04-02,Tue,14,58,165,218
2223,2024-04-02,Tue,15,43,162,167
2224,2024-04-02,Tue,16,44,170,158
2225,2024-04-02,Tue,17,39,134,102
2226,2024-04-02,Tue,18,56,124,127
2227,2024-04-02,Tue,19,68,123,112
2228,2024-04-02,Tue,20,80,142,70
2229,2024-04-02,Tue,21,56,171,73
2230,2024-04-02,Tue,22,70,183,83
2231,2024-04-02,Tue,23,50,95,84
2232,2024-04-03,Wed,0,46,81,59
2233,2024-04-03,Wed,1,26,51,52
2234,2024-04-03,Wed,2,24,45,46
2235,2024-04-03,Wed,3,19,32,25
2236,2024-04-03,Wed,4,19,16,19
2237,2024-04-03,Wed,5,31,29,23
2238,2024-04-03,Wed,6,41,68,54
2239,2024-04-03,Wed,7,63,142,88
2240,2024-04-03,Wed,8,80,173,160
2241,2024-04-03,Wed,9,73,209,177
2242,2024-04-03,Wed,10,48,262,204
2243,2024-04-03,Wed,11,59,236,203
2244,2024-04-03,Wed,12,63,183,215
2245,2024-04-03,Wed,13,64,163,241
2246,2024-04-03,Wed,14,60,181,274
2247,2024-04-03,Wed,15,47,186,251
2248,2024-04-03,Wed,16,56,213,175
2249,2024-04-03,Wed,17,104,233,217
2250,2024-04-03,Wed,18,50,270,204
2251,2024-04-03,Wed,19,48,199,186
2252,2024-04-03,Wed,20,62,225,144
2253,2024-04-03,Wed,21,73,245,129
2254,2024-04-03,Wed,22,85,191,87
2255,2024-04-03,Wed,23,67,143,96
2256,2024-04-04,Thu,0,43,101,77
2257,2024-04-04,Thu,1,29,44,58
2258,2024-04-04,Thu,2,20,40,40
2259,2024-04-04,Thu,3,11,26,48
2260,2024-04-04,Thu,4,24,26,30
2261,2024-04-04,Thu,5,38,30,44
2262,2024-04-04,Thu,6,46,90,68
2263,2024-04-04,Thu,7,86,192,118
2264,2024-04-04,Thu,8,89,246,197
2265,2024-04-04,Thu,9,108,284,280
2266,2024-04-04,Thu,10,97,274,294
2267,2024-04-04,Thu,11,73,231,205
2268,2024-04-04,Thu,12,88,191,286
2269,2024-04-04,Thu,13,72,188,203
2270,2024-04-04,Thu,14,68,191,207
2271,2024-04-04,Thu,15,55,263,194
2272,2024-04-04,Thu,16,62,160,198
2273,2024-04-04,Thu,17,84,199,127
2274,2024-04-04,Thu,18,69,164,127
2275,2024-04-04,Thu,19,82,156,119
2276,2024-04-04,Thu,20,90,198,131
2277,2024-04-04,Thu,21,88,198,78
2278,2024-04-04,Thu,22,77,194,100
2279,2024-04-04,Thu,23,117,156,72
2280,2024-04-05,Fri,0,50,81,87
2281,2024-04-05,Fri,1,44,66,64
2282,2024-04-05,Fri,2,23,50,42
2283,2024-04-05,Fri,3,18,22,24
2284,2024-04-05,Fri,4,27,23,38
2285,2024-04-05,Fri,5,49,30,43
2286,2024-04-05,Fri,6,46,96,74
2287,2024-04-05,Fri,7,85,156,95
2288,2024-04-05,Fri,8,113,184,187
2289,2024-04-05,Fri,9,95,195,246
2290,2024-04-05,Fri,10,55,224,176
2291,2024-04-05,Fri,11,55,223,211
2292,2024-04-05,Fri,12,83,212,183
2293,2024-04-05,Fri,13,87,149,205
2294,2024-04-05,Fri,14,79,200,187
2295,2024-04-05,Fri,15,70,187,166
2296,2024-04-05,Fri,16,60,193,203
2297,2024-04-05,Fri,17,94,173,138
2298,2024-04-05,Fri,18,103,160,114
2299,2024-04-05,Fri,19,73,199,110
2300,2024-04-05,Fri,20,68,129,134
2301,2024-04-05,Fri,21,113,184,76
2302,2024-04-05,Fri,22,145,183,79
2303,2024-04-05,Fri,23,201,167,58
2304,2024-04-06,Sat,0,77,137,113
2305,2024-04-06,Sat,1,55,94,73
2306,2024-04-06,Sat,2,31,45,54
2307,2024-04-06,Sat,3,25,55,43
2308,2024-04-06,Sat,4,21,39,47
2309,2024-04-06,Sat,5,22,46,43
2310,2024-04-06,Sat,6,36,73,43
2311,2024-04-06,Sat,7,57,114,47
2312,2024-04-06,Sat,8,98,176,63
2313,2024-04-06,Sat,9,88,202,103
2314,2024-04-06,Sat,10,91,180,79
2315,2024-04-06,Sat,11,74,173,101
2316,2024-04-06,Sat,12,92,172,133
2317,2024-04-06,Sat,13,81,140,100
2318,2024-04-06,Sat,14,81,180,125
2319,2024-04-06,Sat,15,82,172,94
2320,2024-04-06,Sat,16,83,170,102
2321,2024-04-06,Sat,17,77,148,95
2322,2024-04-06,Sat,18,67,171,70
2323,2024-04-06,Sat,19,68,154,96
2324,2024-04-06,Sat,20,70,169,79
2325,2024-04-06,Sat,21,78,215,81
2326,2024-04-06,Sat,22,107,254,59
2327,2024-04-06,Sat,23,129,165,102
2328,2024-04-07,Sun,0,90,183,86
2329,2024-04-07,Sun,1,63,128,114
2330,2024-04-07,Sun,2,66,75,85
2331,2024-04-07,Sun,3,48,44,74
2332,2024-04-07,Sun,4,24,58,46
2333,2024-04-07,Sun,5,12,33,37
2334,2024-04-07,Sun,6,35,51,47
2335,2024-04-07,Sun,7,56,89,39
2336,2024-04-07,Sun,8,53,139,81
2337,2024-04-07,Sun,9,65,137,96
2338,2024-04-07,Sun,10,110,223,121
2339,2024-04-07,Sun,11,94,189,135
2340,2024-04-07,Sun,12,91,172,103
2341,2024-04-07,Sun,13,90,151,112
2342,2024-04-07,Sun,14,95,167,112
2343,2024-04-07,Sun,15,107,181,76
2344,2024-04-07,Sun,16,74,148,86
2345,2024-04-07,Sun,17,69,214,83
2346,2024-04-07,Sun,18,82,206,87
2347,2024-04-07,Sun,19,94,211,78
2348,2024-04-07,Sun,20,71,207,93
2349,2024-04-07,Sun,21,132,224,67
2350,2024-04-07,Sun,22,130,217,59
2351,2024-04-07,Sun,23,87,139,98
2352,2024-04-08,Mon,0,59,111,86
2353,2024-04-08,Mon,1,32,44,57
2354,2024-04-08,Mon,2,25,23,47
2355,2024-04-08,Mon,3,15,16,25
2356,2024-04-08,Mon,4,23,21,24
2357,2024-04-08,Mon,5,47,29,46
2358,2024-04-08,Mon,6,58,53,69
2359,2024-04-08,Mon,7,77,152,104
2360,2024-04-08,Mon,8,102,170,176
2361,2024-04-08,Mon,9,70,191,249
2362,2024-04-08,Mon,10,63,288,245
2363,2024-04-08,Mon,11,79,221,233
2364,2024-04-08,Mon,12,78,201,239
2365,2024-04-08,Mon,13,72,183,203
2366,2024-04-08,Mon,14,52,180,173
2367,2024-04-08,Mon,15,55,158,139
2368,2024-04-08,Mon,16,74,204,163
2369,2024-04-08,Mon,17,92,249,114
2370,2024-04-08,Mon,18,94,198,114
2371,2024-04-08,Mon,19,63,152,88
2372,2024-04-08,Mon,20,93,189,109
2373,2024-04-08,Mon,21,103,197,83
2374,2024-04-08,Mon,22,106,195,85
2375,2024-04-08,Mon,23,107,142,106
2376,2024-04-09,Tue,0,54,76,84
2377,2024-04-09,Tue,1,31,47,45
2378,2024-04-09,Tue,2,18,37,25
2379,2024-04-09,Tue,3,18,25,28
2380,2024-04-09,Tue,4,29,26,24
2381,2024-04-09,Tue,5,27,33,32
2382,2024-04-09,Tue,6,54,86,58
2383,2024-04-09,Tue,7,98,143,81
2384,2024-04-09,Tue,8,115,182,197
2385,2024-04-09,Tue,9,111,173,221
2386,2024-04-09,Tue,10,87,216,231
2387,2024-04-09,Tue,11,97,220,244
2388,2024-04-09,Tue,12,62,220,211
2389,2024-04-09,Tue,13,79,175,199
2390,2024-04-09,Tue,14,89,185,180
2391,2024-04-09,Tue,15,75,179,179
2392,2024-04-09,Tue,16,80,168,160
2393,2024-04-09,Tue,17,101,169,139
2394,2024-04-09,Tue,18,107,223,174
2395,2024-04-09,Tue,19,150,170,105
2396,2024-04-09,Tue,20,113,215,120
2397,2024-04-09,Tue,21,147,287,114
2398,2024-04-09,Tue,22,120,261,110
2399,2024-04-09,Tue,23,109,178,118
2400,2024-04-10,Wed,0,75,119,121
2401,2024-04-10,Wed,1,33,96,58
2402,2024-04-10,Wed,2,33,48,34
2403,2024-04-10,Wed,3,20,40,36
2404,2024-04-10,Wed,4,19,38,18
2405,2024-04-10,Wed,5,49,27,34
2406,2024-04-10,Wed,6,48,86,49
2407,2024-04-10,Wed,7,109,162,71
2408,2024-04-10,Wed,8,99,182,158
2409,2024-04-10,Wed,9,99,213,223
2410,2024-04-10,Wed,10,79,194,187
2411,2024-04-10,Wed,11,81,207,291
2412,2024-04-10,Wed,12,85,220,247
2413,2024-04-10,Wed,13,61,183,207
2414,2024-04-10,Wed,14,84,139,179
2415,2024-04-10,Wed,15,89,192,193
2416,2024-04-10,Wed,16,60,184,194
2417,2024-04-10,Wed,17,88,162,124
2418,2024-04-10,Wed,18,115,248,129
2419,2024-04-10,Wed,19,133,161,76
2420,2024-04-10,Wed,20,118,178,111
2421,2024-04-10,Wed,21,101,218,90
2422,2024-04-10,Wed,22,99,206,62
2423,2024-04-10,Wed,23,70,102,73
2424,2024-04-11,Thu,0,41,75,58
2425,2024-04-11,Thu,1,35,38,38
2426,2024-04-11,Thu,2,24,31,29
2427,2024-04-11,Thu,3,15,22,21
2428,2024-04-11,Thu,4,24,26,20
2429,2024-04-11,Thu,5,34,39,38
2430,2024-04-11,Thu,6,63,75,41
2431,2024-04-11,Thu,7,73,108,78
2432,2024-04-11,Thu,8,89,130,96
2433,2024-04-11,Thu,9,78,136,94
2434,2024-04-11,Thu,10,78,134,115
2435,2024-04-11,Thu,11,67,134,114
2436,2024-04-11,Thu,12,82,162,133
2437,2024-04-11,Thu,13,71,127,106
2438,2024-04-11,Thu,14,71,174,97
2439,2024-04-11,Thu,15,65,160,106
2440,2024-04-11,Thu,16,53,187,91
2441,2024-04-11,Thu,17,107,93,70
2442,2024-04-11,Thu,18,95,108,81
2443,2024-04-11,Thu,19,102,80,65
2444,2024-04-11,Thu,20,66,147,69
2445,2024-04-11,Thu,21,59,111,41
2446,2024-04-11,Thu,22,77,141,53
2447,2024-04-11,Thu,23,53,102,56
2448,2024-04-12,Fri,0,52,98,63
2449,2024-04-12,Fri,1,44,43,37
2450,2024-04-12,Fri,2,13,39,35
2451,2024-04-12,Fri,3,18,19,23
2452,2024-04-12,Fri,4,22,25,20
2453,2024-04-12,Fri,5,25,27,18
2454,2024-04-12,Fri,6,46,56,37
2455,2024-04-12,Fri,7,90,101,98
2456,2024-04-12,Fri,8,89,160,128
2457,2024-04-12,Fri,9,104,157,139
2458,2024-04-12,Fri,10,74,124,118
2459,2024-04-12,Fri,11,72,151,144
2460,2024-04-12,Fri,12,52,111,133
2461,2024-04-12,Fri,13,65,91,122
2462,2024-04-12,Fri,14,63,97,103
2463,2024-04-12,Fri,15,77,135,128
2464,2024-04-12,Fri,16,63,98,115
2465,2024-04-12,Fri,17,63,121,99
2466,2024-04-12,Fri,18,94,130,84
2467,2024-04-12,Fri,19,96,148,78
2468,2024-04-12,Fri,20,66,136,68
2469,2024-04-12,Fri,21,98,163,68
2470,2024-04-12,Fri,22,156,225,84
2471,2024-04-12,Fri,23,120,167,55
2472,2024-04-13,Sat,0,76,119,91
2473,2024-04-13,Sat,1,44,101,62
2474,2024-04-13,Sat,2,28,59,44
2475,2024-04-13,Sat,3,26,31,35
2476,2024-04-13,Sat,4,25,38,28
2477,2024-04-13,Sat,5,24,33,17
2478,2024-04-13,Sat,6,35,32,30
2479,2024-04-13,Sat,7,47,94,45
2480,2024-04-13,Sat,8,112,144,56
2481,2024-04-13,Sat,9,124,147,64
2482,2024-04-13,Sat,10,135,136,64
2483,2024-04-13,Sat,11,117,122,75
2484,2024-04-13,Sat,12,93,129,70
2485,2024-04-13,Sat,13,83,101,94
2486,2024-04-13,Sat,14,67,112,68
2487,2024-04-13,Sat,15,73,128,76
2488,2024-04-13,Sat,16,82,129,73
2489,2024-04-13,Sat,17,66,109,68
2490,2024-04-13,Sat,18,81,100,92
2491,2024-04-13,Sat,19,64,156,72
2492,2024-04-13,Sat,20,71,124,67
2493,2024-04-13,Sat,21,101,192,63
2494,2024-04-13,Sat,22,158,245,67
2495,2024-04-13,Sat,23,122,183,65
2496,2024-04-14,Sun,0,112,186,70
2497,2024-04-14,Sun,1,66,90,66
2498,2024-04-14,Sun,2,49,79,69
2499,2024-04-14,Sun,3,27,64,40
2500,2024-04-14,Sun,4,29,52,39
2501,2024-04-14,Sun,5,22,25,37
2502,2024-04-14,Sun,6,26,26,44
2503,2024-04-14,Sun,7,52,78,41
2504,2024-04-14,Sun,8,77,110,53
2505,2024-04-14,Sun,9,138,125,75
2506,2024-04-14,Sun,10,122,125,88
2507,2024-04-14,Sun,11,109,133,86
2508,2024-04-14,Sun,12,112,117,103
2509,2024-04-14,Sun,13,126,100,89
2510,2024-04-14,Sun,14,106,152,78
2511,2024-04-14,Sun,15,82,127,80
2512,2024-04-14,Sun,16,127,189,61
2513,2024-04-14,Sun,17,166,201,65
2514,2024-04-14,Sun,18,192,212,60
2515,2024-04-14,Sun,19,169,244,81
2516,2024-04-14,Sun,20,179,253,69
2517,2024-04-14,Sun,21,121,181,58
2518,2024-04-14,Sun,22,102,254,42
2519,2024-04-14,Sun,23,160,137,69
2520,2024-04-15,Mon,0,66,82,102
2521,2024-04-15,Mon,1,46,65,52
2522,2024-04-15,Mon,2,20,38,22
2523,2024-04-15,Mon,3,25,38,27
2524,2024-04-15,Mon,4,31,11,20
2525,2024-04-15,Mon,5,25,21,25
2526,2024-04-15,Mon,6,52,67,35
2527,2024-04-15,Mon,7,102,95,76
2528,2024-04-15,Mon,8,88,145,132
2529,2024-04-15,Mon,9,96,150,172
2530,2024-04-15,Mon,10,84,285,241
2531,2024-04-15,Mon,11,100,314,338
2532,2024-04-15,Mon,12,134,434,496
2533,2024-04-15,Mon,13,98,328,456
2534,2024-04-15,Mon,14,130,400,459
2535,2024-04-15,Mon,15,84,437,618
2536,2024-04-15,Mon,16,100,360,531
2537,2024-04-15,Mon,17,149,496,390
2538,2024-04-15,Mon,18,167,402,315
2539,2024-04-15,Mon,19,259,504,276
2540,2024-04-15,Mon,20,208,420,261
2541,2024-04-15,Mon,21,171,490,342
2542,2024-04-15,Mon,22,133,471,378
2543,2024-04-15,Mon,23,109,258,235
2544,2024-04-16,Tue,0,45,110,76
2545,2024-04-16,Tue,1,39,40,66
2546,2024-04-16,Tue,2,27,37,51
2547,2024-04-16,Tue,3,14,24,40
2548,2024-04-16,Tue,4,38,22,32
2549,2024-04-16,Tue,5,29,36,23
2550,2024-04-16,Tue,6,87,94,55
2551,2024-04-16,Tue,7,116,160,92
2552,2024-04-16,Tue,8,149,227,196
2553,2024-04-16,Tue,9,119,236,216
2554,2024-04-16,Tue,10,71,251,220
2555,2024-04-16,Tue,11,89,243,226
2556,2024-04-16,Tue,12,90,209,231
2557,2024-04-16,Tue,13,107,160,205
2558,2024-04-16,Tue,14,73,231,173
2559,2024-04-16,Tue,15,71,234,305
2560,2024-04-16,Tue,16,81,208,261
2561,2024-04-16,Tue,17,102,257,218
2562,2024-04-16,Tue,18,112,192,172
2563,2024-04-16,Tue,19,97,182,148
2564,2024-04-16,Tue,20,105,204,122
2565,2024-04-16,Tue,21,198,219,83
2566,2024-04-16,Tue,22,132,234,83
2567,2024-04-16,Tue,23,80,144,102
2568,2024-04-17,Wed,0,69,135,103
2569,2024-04-17,Wed,1,46,46,53
2570,2024-04-17,Wed,2,24,42,32
2571,2024-04-17,Wed,3,28,18,22
2572,2024-04-17,Wed,4,29,29,18
2573,2024-04-17,Wed,5,43,29,39
2574,2024-04-17,Wed,6,64,65,65
2575,2024-04-17,Wed,7,115,147,92
2576,2024-04-17,Wed,8,111,231,171
2577,2024-04-17,Wed,9,94,257,269
2578,2024-04-17,Wed,10,78,246,297
2579,2024-04-17,Wed,11,83,205,272
2580,2024-04-17,Wed,12,72,199,233
2581,2024-04-17,Wed,13,66,196,214
2582,2024-04-17,Wed,14,78,223,203
2583,2024-04-17,Wed,15,53,175,208
2584,2024-04-17,Wed,16,57,179,108
2585,2024-04-17,Wed,17,72,174,130
2586,2024-04-17,Wed,18,97,157,68
2587,2024-04-17,Wed,19,90,203,128
2588,2024-04-17,Wed,20,124,175,99
2589,2024-04-17,Wed,21,72,175,90
2590,2024-04-17,Wed,22,83,224,44
2591,2024-04-17,Wed,23,61,100,79
2592,2024-04-18,Thu,0,34,58,68
2593,2024-04-18,Thu,1,25,33,44
2594,2024-04-18,Thu,2,14,27,46
2595,2024-04-18,Thu,3,20,22,23
2596,2024-04-18,Thu,4,25,20,63
2597,2024-04-18,Thu,5,52,35,32
2598,2024-04-18,Thu,6,53,84,65
2599,2024-04-18,Thu,7,84,163,82
2600,2024-04-18,Thu,8,131,226,160
2601,2024-04-18,Thu,9,86,213,206
2602,2024-04-18,Thu,10,61,201,207
2603,2024-04-18,Thu,11,98,222,214
2604,2024-04-18,Thu,12,90,188,184
2605,2024-04-18,Thu,13,57,176,205
2606,2024-04-18,Thu,14,70,173,214
2607,2024-04-18,Thu,15,66,244,198
2608,2024-04-18,Thu,16,63,183,188
2609,2024-04-18,Thu,17,89,160,116
2610,2024-04-18,Thu,18,106,153,127
2611,2024-04-18,Thu,19,80,136,122
2612,2024-04-18,Thu,20,69,152,130
2613,2024-04-18,Thu,21,87,183,96
2614,2024-04-18,Thu,22,103,189,52
2615,2024-04-18,Thu,23,60,148,82
2616,2024-04-19,Fri,0,49,106,101
2617,2024-04-19,Fri,1,30,60,72
2618,2024-04-19,Fri,2,20,32,36
2619,2024-04-19,Fri,3,17,18,41
2620,2024-04-19,Fri,4,28,27,24
2621,2024-04-19,Fri,5,46,31,42
2622,2024-04-19,Fri,6,61,68,64
2623,2024-04-19,Fri,7,94,137,104
2624,2024-04-19,Fri,8,108,211,167
2625,2024-04-19,Fri,9,96,208,210
2626,2024-04-19,Fri,10,104,233,182
2627,2024-04-19,Fri,11,69,203,229
2628,2024-04-19,Fri,12,58,190,213
2629,2024-04-19,Fri,13,91,213,195
2630,2024-04-19,Fri,14,74,186,177
2631,2024-04-19,Fri,15,57,187,223
2632,2024-04-19,Fri,16,66,243,217
2633,2024-04-19,Fri,17,71,169,139
2634,2024-04-19,Fri,18,87,175,107
2635,2024-04-19,Fri,19,116,196,103
2636,2024-04-19,Fri,20,81,161,90
2637,2024-04-19,Fri,21,111,211,85
2638,2024-04-19,Fri,22,160,215,84
2639,2024-04-19,Fri,23,130,176,71
2640,2024-04-20,Sat,0,94,140,97
2641,2024-04-20,Sat,1,77,102,85
2642,2024-04-20,Sat,2,45,85,62
2643,2024-04-20,Sat,3,25,42,53
2644,2024-04-20,Sat,4,30,17,36
2645,2024-04-20,Sat,5,30,24,30
2646,2024-04-20,Sat,6,28,60,47
2647,2024-04-20,Sat,7,55,99,47
2648,2024-04-20,Sat,8,67,154,65
2649,2024-04-20,Sat,9,92,172,86
2650,2024-04-20,Sat,10,82,170,101
2651,2024-04-20,Sat,11,73,133,98
2652,2024-04-20,Sat,12,82,168,76
2653,2024-04-20,Sat,13,79,189,105
2654,2024-04-20,Sat,14,78,181,99
2655,2024-04-20,Sat,15,93,181,93
2656,2024-04-20,Sat,16,107,153,97
2657,2024-04-20,Sat,17,102,147,87
2658,2024-04-20,Sat,18,111,175,46
2659,2024-04-20,Sat,19,150,196,80
2660,2024-04-20,Sat,20,89,215,75
2661,2024-04-20,Sat,21,89,262,61
2662,2024-04-20,Sat,22,232,315,74
2663,2024-04-20,Sat,23,159,222,82
2664,2024-04-21,Sun,0,109,193,121
2665,2024-04-21,Sun,1,74,139,90
2666,2024-04-21,Sun,2,45,108,80
2667,2024-04-21,Sun,3,79,60,74
2668,2024-04-21,Sun,4,26,39,57
2669,2024-04-21,Sun,5,25,38,49
2670,2024-04-21,Sun,6,44,68,44
2671,2024-04-21,Sun,7,67,94,46
2672,2024-04-21,Sun,8,74,163,52
2673,2024-04-21,Sun,9,118,148,71
2674,2024-04-21,Sun,10,111,183,93
2675,2024-04-21,Sun,11,114,178,84
2676,2024-04-21,Sun,12,92,216,83
2677,2024-04-21,Sun,13,97,144,125
2678,2024-04-21,Sun,14,116,181,114
2679,2024-04-21,Sun,15,90,202,92
2680,2024-04-21,Sun,16,79,230,77
2681,2024-04-21,Sun,17,99,205,64
2682,2024-04-21,Sun,18,74,233,95
2683,2024-04-21,Sun,19,93,199,70
2684,2024-04-21,Sun,20,104,176,58
2685,2024-04-21,Sun,21,148,209,53
2686,2024-04-21,Sun,22,91,194,65
2687,2024-04-21,Sun,23,71,150,67
2688,2024-04-22,Mon,0,62,169,81
2689,2024-04-22,Mon,1,38,111,62
2690,2024-04-22,Mon,2,19,63,41
2691,2024-04-22,Mon,3,12,29,23
2692,2024-04-22,Mon,4,18,21,15
2693,2024-04-22,Mon,5,36,32,39
2694,2024-04-22,Mon,6,52,61,69
2695,2024-04-22,Mon,7,80,141,102
2696,2024-04-22,Mon,8,105,198,154
2697,2024-04-22,Mon,9,84,207,223
2698,2024-04-22,Mon,10,67,228,250
2699,2024-04-22,Mon,11,66,250,274
2700,2024-04-22,Mon,12,85,213,257
2701,2024-04-22,Mon,13,74,126,249
2702,2024-04-22,Mon,14,53,205,227
2703,2024-04-22,Mon,15,74,213,218
2704,2024-04-22,Mon,16,62,166,198
2705,2024-04-22,Mon,17,91,166,122
2706,2024-04-22,Mon,18,73,187,127
2707,2024-04-22,Mon,19,76,150,142
2708,2024-04-22,Mon,20,62,169,109
2709,2024-04-22,Mon,21,116,183,75
2710,2024-04-22,Mon,22,92,312,71
2711,2024-04-22,Mon,23,79,145,67
2712,2024-04-23,Tue,0,61,72,74
2713,2024-04-23,Tue,1,25,47,57
2714,2024-04-23,Tue,2,24,34,29
2715,2024-04-23,Tue,3,19,25,20
2716,2024-04-23,Tue,4,39,29,23
2717,2024-04-23,Tue,5,31,23,32
2718,2024-04-23,Tue,6,40,62,56
2719,2024-04-23,Tue,7,84,130,80
2720,2024-04-23,Tue,8,82,201,130
2721,2024-04-23,Tue,9,85,209,156
2722,2024-04-23,Tue,10,62,256,221
2723,2024-04-23,Tue,11,67,300,244
2724,2024-04-23,Tue,12,59,206,218
2725,2024-04-23,Tue,13,79,184,207
2726,2024-04-23,Tue,14,57,234,206
2727,2024-04-23,Tue,15,73,148,171
2728,2024-04-23,Tue,16,48,223,164
2729,2024-04-23,Tue,17,59,124,105
2730,2024-04-23,Tue,18,91,144,114
2731,2024-04-23,Tue,19,127,131,119
2732,2024-04-23,Tue,20,102,138,98
2733,2024-04-23,Tue,21,89,229,108
2734,2024-04-23,Tue,22,90,173,74
2735,2024-04-23,Tue,23,58,132,78
2736,2024-04-24,Wed,0,48,85,79
2737,2024-04-24,Wed,1,39,54,38
2738,2024-04-24,Wed,2,25,39,31
2739,2024-04-24,Wed,3,20,26,13
2740,2024-04-24,Wed,4,24,24,20
2741,2024-04-24,Wed,5,29,31,30
2742,2024-04-24,Wed,6,47,61,62
2743,2024-04-24,Wed,7,69,119,70
2744,2024-04-24,Wed,8,81,211,104
2745,2024-04-24,Wed,9,68,187,159
2746,2024-04-24,Wed,10,67,222,196
2747,2024-04-24,Wed,11,44,189,184
2748,2024-04-24,Wed,12,55,229,220
2749,2024-04-24,Wed,13,70,206,187
2750,2024-04-24,Wed,14,68,290,316
2751,2024-04-24,Wed,15,52,189,202
2752,2024-04-24,Wed,16,60,159,124
2753,2024-04-24,Wed,17,66,174,183
2754,2024-04-24,Wed,18,89,202,121
2755,2024-04-24,Wed,19,92,198,111
2756,2024-04-24,Wed,20,76,158,82
2757,2024-04-24,Wed,21,103,217,75
2758,2024-04-24,Wed,22,87,220,55
2759,2024-04-24,Wed,23,85,128,82
2760,2024-04-25,Thu,0,62,67,83
2761,2024-04-25,Thu,1,53,49,45
2762,2024-04-25,Thu,2,28,24,60
2763,2024-04-25,Thu,3,26,34,31
2764,2024-04-25,Thu,4,20,20,30
2765,2024-04-25,Thu,5,30,24,49
2766,2024-04-25,Thu,6,53,88,76
2767,2024-04-25,Thu,7,103,113,77
2768,2024-04-25,Thu,8,112,208,135
2769,2024-04-25,Thu,9,91,215,180
2770,2024-04-25,Thu,10,97,163,227
2771,2024-04-25,Thu,11,66,170,260
2772,2024-04-25,Thu,12,88,190,225
2773,2024-04-25,Thu,13,61,172,211
2774,2024-04-25,Thu,14,76,146,172
2775,2024-04-25,Thu,15,76,140,153
2776,2024-04-25,Thu,16,69,158,219
2777,2024-04-25,Thu,17,86,168,127
2778,2024-04-25,Thu,18,80,182,120
2779,2024-04-25,Thu,19,76,170,113
2780,2024-04-25,Thu,20,101,141,110
2781,2024-04-25,Thu,21,113,164,99
2782,2024-04-25,Thu,22,108,210,67
2783,2024-04-25,Thu,23,83,127,90
2784,2024-04-26,Fri,0,59,130,114
2785,2024-04-26,Fri,1,39,65,51
2786,2024-04-26,Fri,2,23,48,52
2787,2024-04-26,Fri,3,22,19,23
2788,2024-04-26,Fri,4,36,33,25
2789,2024-04-26,Fri,5,22,33,33
2790,2024-04-26,Fri,6,40,70,77
2791,2024-04-26,Fri,7,66,121,70
2792,2024-04-26,Fri,8,89,195,124
2793,2024-04-26,Fri,9,72,191,216
2794,2024-04-26,Fri,10,57,229,212
2795,2024-04-26,Fri,11,61,193,187
2796,2024-04-26,Fri,12,74,173,212
2797,2024-04-26,Fri,13,68,128,225
2798,2024-04-26,Fri,14,66,146,203
2799,2024-04-26,Fri,15,60,139,265
2800,2024-04-26,Fri,16,77,160,180
2801,2024-04-26,Fri,17,60,205,114
2802,2024-04-26,Fri,18,78,207,85
2803,2024-04-26,Fri,19,129,164,103
2804,2024-04-26,Fri,20,78,166,73
2805,2024-04-26,Fri,21,106,212,74
2806,2024-04-26,Fri,22,127,236,70
2807,2024-04-26,Fri,23,185,162,79
2808,2024-04-27,Sat,0,111,135,101
2809,2024-04-27,Sat,1,76,109,72
2810,2024-04-27,Sat,2,37,57,64
2811,2024-04-27,Sat,3,27,47,41
2812,2024-04-27,Sat,4,22,55,39
2813,2024-04-27,Sat,5,19,32,42
2814,2024-04-27,Sat,6,41,37,56
2815,2024-04-27,Sat,7,47,142,53
2816,2024-04-27,Sat,8,53,147,85
2817,2024-04-27,Sat,9,78,186,87
2818,2024-04-27,Sat,10,72,172,93
2819,2024-04-27,Sat,11,84,187,96
2820,2024-04-27,Sat,12,69,203,89
2821,2024-04-27,Sat,13,75,155,124
2822,2024-04-27,Sat,14,72,126,104
2823,2024-04-27,Sat,15,69,148,86
2824,2024-04-27,Sat,16,71,145,61
2825,2024-04-27,Sat,17,94,169,77
2826,2024-04-27,Sat,18,67,196,51
2827,2024-04-27,Sat,19,79,144,61
2828,2024-04-27,Sat,20,70,148,67
2829,2024-04-27,Sat,21,89,207,70
2830,2024-04-27,Sat,22,119,261,61
2831,2024-04-27,Sat,23,116,212,86
2832,2024-04-28,Sun,0,84,191,131
2833,2024-04-28,Sun,1,42,109,123
2834,2024-04-28,Sun,2,55,63,58
2835,2024-04-28,Sun,3,33,62,42
2836,2024-04-28,Sun,4,31,64,57
2837,2024-04-28,Sun,5,30,62,40
2838,2024-04-28,Sun,6,36,35,55
2839,2024-04-28,Sun,7,46,103,40
2840,2024-04-28,Sun,8,60,104,72
2841,2024-04-28,Sun,9,73,195,86
2842,2024-04-28,Sun,10,100,174,63
2843,2024-04-28,Sun,11,145,193,77
2844,2024-04-28,Sun,12,94,178,75
2845,2024-04-28,Sun,13,115,146,98
2846,2024-04-28,Sun,14,88,177,85
2847,2024-04-28,Sun,15,93,216,107
2848,2024-04-28,Sun,16,132,211,71
2849,2024-04-28,Sun,17,115,265,72
2850,2024-04-28,Sun,18,191,240,91
2851,2024-04-28,Sun,19,139,281,103
2852,2024-04-28,Sun,20,217,304,83
2853,2024-04-28,Sun,21,167,300,81
2854,2024-04-28,Sun,22,132,336,50
2855,2024-04-28,Sun,23,135,262,72
2856,2024-04-29,Mon,0,114,173,125
2857,2024-04-29,Mon,1,48,96,74
2858,2024-04-29,Mon,2,36,61,66
2859,2024-04-29,Mon,3,28,61,42
2860,2024-04-29,Mon,4,39,30,36
2861,2024-04-29,Mon,5,35,61,34
2862,2024-04-29,Mon,6,63,46,69
2863,2024-04-29,Mon,7,65,101,90
2864,2024-04-29,Mon,8,80,134,135
2865,2024-04-29,Mon,9,97,202,226
2866,2024-04-29,Mon,10,77,210,271
2867,2024-04-29,Mon,11,70,285,264
2868,2024-04-29,Mon,12,90,203,277
2869,2024-04-29,Mon,13,76,156,242
2870,2024-04-29,Mon,14,77,221,208
2871,2024-04-29,Mon,15,106,161,177
2872,2024-04-29,Mon,16,61,161,176
2873,2024-04-29,Mon,17,85,179,173
2874,2024-04-29,Mon,18,89,174,141
2875,2024-04-29,Mon,19,109,226,114
2876,2024-04-29,Mon,20,94,194,120
2877,2024-04-29,Mon,21,112,238,132
2878,2024-04-29,Mon,22,120,239,76
2879,2024-04-29,Mon,23,98,147,96
2880,2024-04-30,Tue,0,59,105,82
2881,2024-04-30,Tue,1,44,54,68
2882,2024-04-30,Tue,2,31,48,40
2883,2024-04-30,Tue,3,24,11,23
2884,2024-04-30,Tue,4,28,28,32
2885,2024-04-30,Tue,5,32,27,26
2886,2024-04-30,Tue,6,56,59,61
2887,2024-04-30,Tue,7,80,138,92
2888,2024-04-30,Tue,8,89,159,146
2889,2024-04-30,Tue,9,80,208,252
2890,2024-04-30,Tue,10,72,220,201
2891,2024-04-30,Tue,11,98,181,244
2892,2024-04-30,Tue,12,61,171,232
2893,2024-04-30,Tue,13,79,149,251
2894,2024-04-30,Tue,14,66,190,223
2895,2024-04-30,Tue,15,90,194,155
2896,2024-04-30,Tue,16,62,187,180
2897,2024-04-30,Tue,17,79,152,154
2898,2024-04-30,Tue,18,86,152,150
2899,2024-04-30,Tue,19,85,197,25
2900,2024-04-30,Tue,20,81,166,12
2901,2024-04-30,Tue,21,82,141,63
2902,2024-04-30,Tue,22,87,197,111
2903,2024-04-30,Tue,23,68,129,116
2904,2024-05-01,Wed,0,44,98,88
2905,2024-05-01,Wed,1,37,59,71
2906,2024-05-01,Wed,2,14,59,35
2907,2024-05-01,Wed,3,35,31,24
2908,2024-05-01,Wed,4,26,37,32
2909,2024-05-01,Wed,5,32,48,55
2910,2024-05-01,Wed,6,49,51,69
2911,2024-05-01,Wed,7,86,137,118
2912,2024-05-01,Wed,8,92,173,145
2913,2024-05-01,Wed,9,89,207,193
2914,2024-05-01,Wed,10,79,191,277
2915,2024-05-01,Wed,11,78,192,267
2916,2024-05-01,Wed,12,78,177,185
2917,2024-05-01,Wed,13,101,150,279
2918,2024-05-01,Wed,14,86,189,181
2919,2024-05-01,Wed,15,106,173,173
2920,2024-05-01,Wed,16,72,202,187
2921,2024-05-01,Wed,17,76,146,164
2922,2024-05-01,Wed,18,112,196,158
2923,2024-05-01,Wed,19,91,188,110
2924,2024-05-01,Wed,20,80,197,111
2925,2024-05-01,Wed,21,84,211,109
2926,2024-05-01,Wed,22,85,297,76
2927,2024-05-01,Wed,23,83,131,98
2928,2024-05-02,Thu,0,48,85,71
2929,2024-05-02,Thu,1,38,56,62
2930,2024-05-02,Thu,2,22,47,25
2931,2024-05-02,Thu,3,17,35,33
2932,2024-05-02,Thu,4,23,32,22
2933,2024-05-02,Thu,5,19,38,33
2934,2024-05-02,Thu,6,52,72,73
2935,2024-05-02,Thu,7,108,119,68
2936,2024-05-02,Thu,8,108,186,133
2937,2024-05-02,Thu,9,86,246,202
2938,2024-05-02,Thu,10,76,233,205
2939,2024-05-02,Thu,11,84,179,191
2940,2024-05-02,Thu,12,88,162,225
2941,2024-05-02,Thu,13,67,173,242
2942,2024-05-02,Thu,14,59,179,196
2943,2024-05-02,Thu,15,71,283,178
2944,2024-05-02,Thu,16,95,230,207
2945,2024-05-02,Thu,17,90,160,142
2946,2024-05-02,Thu,18,119,216,122
2947,2024-05-02,Thu,19,114,186,149
2948,2024-05-02,Thu,20,104,172,110
2949,2024-05-02,Thu,21,132,228,115
2950,2024-05-02,Thu,22,145,307,93
2951,2024-05-02,Thu,23,99,191,93
2952,2024-05-03,Fri,0,96,121,103
2953,2024-05-03,Fri,1,50,83,73
2954,2024-05-03,Fri,2,33,30,39
2955,2024-05-03,Fri,3,20,36,35
2956,2024-05-03,Fri,4,30,14,23
2957,2024-05-03,Fri,5,20,28,26
2958,2024-05-03,Fri,6,39,55,69
2959,2024-05-03,Fri,7,88,125,63
2960,2024-05-03,Fri,8,116,190,152
2961,2024-05-03,Fri,9,105,206,176
2962,2024-05-03,Fri,10,79,183,221
2963,2024-05-03,Fri,11,65,165,204
2964,2024-05-03,Fri,12,81,155,208
2965,2024-05-03,Fri,13,88,175,223
2966,2024-05-03,Fri,14,72,125,240
2967,2024-05-03,Fri,15,69,153,188
2968,2024-05-03,Fri,16,68,192,154
2969,2024-05-03,Fri,17,86,203,111
2970,2024-05-03,Fri,18,84,189,118
2971,2024-05-03,Fri,19,76,153,89
2972,2024-05-03,Fri,20,92,172,116
2973,2024-05-03,Fri,21,101,204,63
2974,2024-05-03,Fri,22,115,295,69
2975,2024-05-03,Fri,23,139,210,71
2976,2024-05-04,Sat,0,109,184,145
2977,2024-05-04,Sat,1,66,119,88
2978,2024-05-04,Sat,2,25,71,72
2979,2024-05-04,Sat,3,35,50,41
2980,2024-05-04,Sat,4,40,35,37
2981,2024-05-04,Sat,5,25,44,42
2982,2024-05-04,Sat,6,50,34,50
2983,2024-05-04,Sat,7,47,105,56
2984,2024-05-04,Sat,8,72,176,79
2985,2024-05-04,Sat,9,77,207,84
2986,2024-05-04,Sat,10,74,154,105
2987,2024-05-04,Sat,11,77,161,106
2988,2024-05-04,Sat,12,98,128,129
2989,2024-05-04,Sat,13,91,134,100
2990,2024-05-04,Sat,14,71,215,108
2991,2024-05-04,Sat,15,80,182,84
2992,2024-05-04,Sat,16,81,186,96
2993,2024-05-04,Sat,17,86,155,64
2994,2024-05-04,Sat,18,88,224,83
2995,2024-05-04,Sat,19,98,231,79
2996,2024-05-04,Sat,20,121,210,67
2997,2024-05-04,Sat,21,178,256,64
2998,2024-05-04,Sat,22,207,263,71
2999,2024-05-04,Sat,23,159,200,77
3000,2024-05-05,Sun,0,108,169,129
3001,2024-05-05,Sun,1,97,124,105
3002,2024-05-05,Sun,2,59,84,90
3003,2024-05-05,Sun,3,33,48,74
3004,2024-05-05,Sun,4,28,39,64
3005,2024-05-05,Sun,5,23,27,42
3006,2024-05-05,Sun,6,33,53,54
3007,2024-05-05,Sun,7,51,104,53
3008,2024-05-05,Sun,8,64,143,49
3009,2024-05-05,Sun,9,86,174,52
3010,2024-05-05,Sun,10,77,209,67
3011,2024-05-05,Sun,11,68,188,83
3012,2024-05-05,Sun,12,101,138,80
3013,2024-05-05,Sun,13,88,183,91
3014,2024-05-05,Sun,14,122,133,86
3015,2024-05-05,Sun,15,63,189,81
3016,2024-05-05,Sun,16,73,168,93
3017,2024-05-05,Sun,17,59,155,68
3018,2024-05-05,Sun,18,54,138,62
3019,2024-05-05,Sun,19,72,170,71
3020,2024-05-05,Sun,20,90,174,62
3021,2024-05-05,Sun,21,119,252,60
3022,2024-05-05,Sun,22,85,219,49
3023,2024-05-05,Sun,23,81,165,56
3024,2024-05-06,Mon,0,58,121,83
3025,2024-05-06,Mon,1,37,65,45
3026,2024-05-06,Mon,2,27,59,23
3027,2024-05-06,Mon,3,12,38,36
3028,2024-05-06,Mon,4,27,35,34
3029,2024-05-06,Mon,5,25,35,39
3030,2024-05-06,Mon,6,70,59,80
3031,2024-05-06,Mon,7,95,161,120
3032,2024-05-06,Mon,8,94,195,180
3033,2024-05-06,Mon,9,96,235,266
3034,2024-05-06,Mon,10,88,190,245
3035,2024-05-06,Mon,11,91,203,303
3036,2024-05-06,Mon,12,92,177,255
3037,2024-05-06,Mon,13,87,187,211
3038,2024-05-06,Mon,14,88,166,225
3039,2024-05-06,Mon,15,70,167,234
3040,2024-05-06,Mon,16,93,227,189
3041,2024-05-06,Mon,17,93,183,134
3042,2024-05-06,Mon,18,109,207,131
3043,2024-05-06,Mon,19,106,225,98
3044,2024-05-06,Mon,20,100,207,112
3045,2024-05-06,Mon,21,115,226,97
3046,2024-05-06,Mon,22,76,252,70
3047,2024-05-06,Mon,23,88,182,72
3048,2024-05-07,Tue,0,50,104,101
3049,2024-05-07,Tue,1,41,53,45
3050,2024-05-07,Tue,2,28,51,32
3051,2024-05-07,Tue,3,13,37,22
3052,2024-05-07,Tue,4,30,25,44
3053,2024-05-07,Tue,5,28,30,33
3054,2024-05-07,Tue,6,62,56,54
3055,2024-05-07,Tue,7,89,105,119
3056,2024-05-07,Tue,8,139,188,163
3057,2024-05-07,Tue,9,108,251,240
3058,2024-05-07,Tue,10,72,193,249
3059,2024-05-07,Tue,11,94,203,238
3060,2024-05-07,Tue,12,83,178,213
3061,2024-05-07,Tue,13,59,196,253
3062,2024-05-07,Tue,14,76,167,222
3063,2024-05-07,Tue,15,79,176,198
3064,2024-05-07,Tue,16,83,151,190
3065,2024-05-07,Tue,17,126,190,128
3066,2024-05-07,Tue,18,142,203,118
3067,2024-05-07,Tue,19,142,246,95
3068,2024-05-07,Tue,20,165,308,140
3069,2024-05-07,Tue,21,129,289,141
3070,2024-05-07,Tue,22,170,290,113
3071,2024-05-07,Tue,23,120,215,121
3072,2024-05-08,Wed,0,80,126,91
3073,2024-05-08,Wed,1,57,96,68
3074,2024-05-08,Wed,2,30,51,45
3075,2024-05-08,Wed,3,31,33,25
3076,2024-05-08,Wed,4,17,23,25
3077,2024-05-08,Wed,5,31,26,30
3078,2024-05-08,Wed,6,66,59,66
3079,2024-05-08,Wed,7,118,98,89
3080,2024-05-08,Wed,8,82,201,167
3081,2024-05-08,Wed,9,103,218,184
3082,2024-05-08,Wed,10,61,197,248
3083,2024-05-08,Wed,11,99,217,228
3084,2024-05-08,Wed,12,71,195,219
3085,2024-05-08,Wed,13,76,220,194
3086,2024-05-08,Wed,14,72,185,239
3087,2024-05-08,Wed,15,75,159,159
3088,2024-05-08,Wed,16,81,214,189
3089,2024-05-08,Wed,17,95,194,144
3090,2024-05-08,Wed,18,97,216,130
3091,2024-05-08,Wed,19,90,222,110
3092,2024-05-08,Wed,20,107,234,113
3093,2024-05-08,Wed,21,155,253,80
3094,2024-05-08,Wed,22,106,250,94
3095,2024-05-08,Wed,23,115,144,119
3096,2024-05-09,Thu,0,81,98,93
3097,2024-05-09,Thu,1,46,60,59
3098,2024-05-09,Thu,2,22,53,42
3099,2024-05-09,Thu,3,27,43,22
3100,2024-05-09,Thu,4,34,24,33
3101,2024-05-09,Thu,5,42,29,21
3102,2024-05-09,Thu,6,69,69,63
3103,2024-05-09,Thu,7,113,138,76
3104,2024-05-09,Thu,8,132,165,139
3105,2024-05-09,Thu,9,103,249,193
3106,2024-05-09,Thu,10,59,202,219
3107,2024-05-09,Thu,11,62,185,223
3108,2024-05-09,Thu,12,88,177,199
3109,2024-05-09,Thu,13,68,157,218
3110,2024-05-09,Thu,14,63,170,202
3111,2024-05-09,Thu,15,91,229,169
3112,2024-05-09,Thu,16,84,204,172
3113,2024-05-09,Thu,17,92,193,133
3114,2024-05-09,Thu,18,75,227,141
3115,2024-05-09,Thu,19,81,181,123
3116,2024-05-09,Thu,20,102,202,106
3117,2024-05-09,Thu,21,112,196,108
3118,2024-05-09,Thu,22,105,234,62
3119,2024-05-09,Thu,23,87,105,92
3120,2024-05-10,Fri,0,57,85,92
3121,2024-05-10,Fri,1,42,51,44
3122,2024-05-10,Fri,2,27,37,48
3123,2024-05-10,Fri,3,16,27,38
3124,2024-05-10,Fri,4,16,22,28
3125,2024-05-10,Fri,5,36,21,44
3126,2024-05-10,Fri,6,51,75,51
3127,2024-05-10,Fri,7,77,122,102
3128,2024-05-10,Fri,8,103,169,168
3129,2024-05-10,Fri,9,73,219,192
3130,2024-05-10,Fri,10,66,196,167
3131,2024-05-10,Fri,11,69,187,219
3132,2024-05-10,Fri,12,75,184,247
3133,2024-05-10,Fri,13,69,171,156
3134,2024-05-10,Fri,14,81,162,215
3135,2024-05-10,Fri,15,55,159,166
3136,2024-05-10,Fri,16,45,159,201
3137,2024-05-10,Fri,17,50,133,154
3138,2024-05-10,Fri,18,59,184,137
3139,2024-05-10,Fri,19,74,165,80
3140,2024-05-10,Fri,20,63,158,101
3141,2024-05-10,Fri,21,65,170,78
3142,2024-05-10,Fri,22,85,235,77
3143,2024-05-10,Fri,23,96,160,71
3144,2024-05-11,Sat,0,83,156,81
3145,2024-05-11,Sat,1,67,80,86
3146,2024-05-11,Sat,2,40,64,56
3147,2024-05-11,Sat,3,24,48,40
3148,2024-05-11,Sat,4,23,29,41
3149,2024-05-11,Sat,5,31,31,40
3150,2024-05-11,Sat,6,39,35,47
3151,2024-05-11,Sat,7,66,87,56
3152,2024-05-11,Sat,8,74,180,79
3153,2024-05-11,Sat,9,73,197,82
3154,2024-05-11,Sat,10,109,188,104
3155,2024-05-11,Sat,11,99,165,91
3156,2024-05-11,Sat,12,96,193,110
3157,2024-05-11,Sat,13,79,144,100
3158,2024-05-11,Sat,14,98,162,76
3159,2024-05-11,Sat,15,80,142,114
3160,2024-05-11,Sat,16,88,164,74
3161,2024-05-11,Sat,17,90,198,90
3162,2024-05-11,Sat,18,92,217,84
3163,2024-05-11,Sat,19,84,202,56
3164,2024-05-11,Sat,20,92,226,82
3165,2024-05-11,Sat,21,154,267,83
3166,2024-05-11,Sat,22,174,368,94
3167,2024-05-11,Sat,23,146,248,93
3168,2024-05-12,Sun,0,125,185,150
3169,2024-05-12,Sun,1,91,104,103
3170,2024-05-12,Sun,2,42,85,80
3171,2024-05-12,Sun,3,28,58,72
3172,2024-05-12,Sun,4,16,39,47
3173,2024-05-12,Sun,5,29,28,44
3174,2024-05-12,Sun,6,41,49,47
3175,2024-05-12,Sun,7,47,97,30
3176,2024-05-12,Sun,8,44,157,40
3177,2024-05-12,Sun,9,63,155,72
3178,2024-05-12,Sun,10,67,152,84
3179,2024-05-12,Sun,11,72,173,94
3180,2024-05-12,Sun,12,98,151,84
3181,2024-05-12,Sun,13,68,121,105
3182,2024-05-12,Sun,14,80,168,88
3183,2024-05-12,Sun,15,62,172,66
3184,2024-05-12,Sun,16,93,149,68
3185,2024-05-12,Sun,17,79,211,68
3186,2024-05-12,Sun,18,97,183,64
3187,2024-05-12,Sun,19,116,180,59
3188,2024-05-12,Sun,20,88,235,87
3189,2024-05-12,Sun,21,95,238,66
3190,2024-05-12,Sun,22,104,241,64
3191,2024-05-12,Sun,23,103,159,102
3192,2024-05-13,Mon,0,68,84,113
3193,2024-05-13,Mon,1,46,66,70
3194,2024-05-13,Mon,2,28,46,48
3195,2024-05-13,Mon,3,23,37,34
3196,2024-05-13,Mon,4,24,36,35
3197,2024-05-13,Mon,5,38,41,43
3198,2024-05-13,Mon,6,72,70,78
3199,2024-05-13,Mon,7,104,144,117
3200,2024-05-13,Mon,8,161,166,163
3201,2024-05-13,Mon,9,111,234,286
3202,2024-05-13,Mon,10,87,223,291
3203,2024-05-13,Mon,11,75,296,242
3204,2024-05-13,Mon,12,66,200,219
3205,2024-05-13,Mon,13,85,173,183
3206,2024-05-13,Mon,14,74,186,202
3207,2024-05-13,Mon,15,71,226,203
3208,2024-05-13,Mon,16,72,186,187
3209,2024-05-13,Mon,17,76,235,139
3210,2024-05-13,Mon,18,73,196,128
3211,2024-05-13,Mon,19,85,187,120
3212,2024-05-13,Mon,20,96,211,82
3213,2024-05-13,Mon,21,110,215,91
3214,2024-05-13,Mon,22,90,219,75
3215,2024-05-13,Mon,23,70,109,106
3216,2024-05-14,Tue,0,54,105,71
3217,2024-05-14,Tue,1,30,67,60
3218,2024-05-14,Tue,2,30,34,29
3219,2024-05-14,Tue,3,16,29,25
3220,2024-05-14,Tue,4,32,32,35
3221,2024-05-14,Tue,5,49,55,36
3222,2024-05-14,Tue,6,84,70,69
3223,2024-05-14,Tue,7,91,150,133
3224,2024-05-14,Tue,8,138,196,211
3225,2024-05-14,Tue,9,118,245,275
3226,2024-05-14,Tue,10,105,239,263
3227,2024-05-14,Tue,11,75,205,253
3228,2024-05-14,Tue,12,85,259,238
3229,2024-05-14,Tue,13,80,229,217
3230,2024-05-14,Tue,14,112,220,221
3231,2024-05-14,Tue,15,82,194,171
3232,2024-05-14,Tue,16,80,193,191
3233,2024-05-14,Tue,17,134,160,158
3234,2024-05-14,Tue,18,96,140,124
3235,2024-05-14,Tue,19,60,173,129
3236,2024-05-14,Tue,20,73,236,77
3237,2024-05-14,Tue,21,72,241,101
3238,2024-05-14,Tue,22,77,235,70
3239,2024-05-14,Tue,23,75,126,111
3240,2024-05-15,Wed,0,46,84,70
3241,2024-05-15,Wed,1,23,41,52
3242,2024-05-15,Wed,2,19,40,23
3243,2024-05-15,Wed,3,17,13,30
3244,2024-05-15,Wed,4,21,14,18
3245,2024-05-15,Wed,5,31,30,18
3246,2024-05-15,Wed,6,55,72,68
3247,2024-05-15,Wed,7,84,121,86
3248,2024-05-15,Wed,8,94,161,146
3249,2024-05-15,Wed,9,82,202,205
3250,2024-05-15,Wed,10,76,198,216
3251,2024-05-15,Wed,11,86,167,220
3252,2024-05-15,Wed,12,65,149,247
3253,2024-05-15,Wed,13,69,129,233
3254,2024-05-15,Wed,14,69,181,210
3255,2024-05-15,Wed,15,51,179,149
3256,2024-05-15,Wed,16,52,175,126
3257,2024-05-15,Wed,17,72,159,117
3258,2024-05-15,Wed,18,77,115,133
3259,2024-05-15,Wed,19,61,145,90
3260,2024-05-15,Wed,20,62,135,80
3261,2024-05-15,Wed,21,81,165,69
3262,2024-05-15,Wed,22,78,247,57
3263,2024-05-15,Wed,23,71,175,81
3264,2024-05-16,Thu,0,58,87,81
3265,2024-05-16,Thu,1,41,53,51
3266,2024-05-16,Thu,2,26,33,31
3267,2024-05-16,Thu,3,19,11,21
3268,2024-05-16,Thu,4,11,14,31
3269,2024-05-16,Thu,5,26,30,30
3270,2024-05-16,Thu,6,55,65,78
3271,2024-05-16,Thu,7,101,148,110
3272,2024-05-16,Thu,8,122,196,141
3273,2024-05-16,Thu,9,97,219,212
3274,2024-05-16,Thu,10,77,182,242
3275,2024-05-16,Thu,11,93,219,266
3276,2024-05-16,Thu,12,77,172,218
3277,2024-05-16,Thu,13,72,195,252
3278,2024-05-16,Thu,14,74,173,213
3279,2024-05-16,Thu,15,73,190,131
3280,2024-05-16,Thu,16,97,181,159
3281,2024-05-16,Thu,17,88,280,123
3282,2024-05-16,Thu,18,71,201,126
3283,2024-05-16,Thu,19,77,205,134
3284,2024-05-16,Thu,20,85,173,115
3285,2024-05-16,Thu,21,132,190,90
3286,2024-05-16,Thu,22,96,210,72
3287,2024-05-16,Thu,23,85,150,92
3288,2024-05-17,Fri,0,51,134,69
3289,2024-05-17,Fri,1,28,73,51
3290,2024-05-17,Fri,2,39,32,34
3291,2024-05-17,Fri,3,26,25,38
3292,2024-05-17,Fri,4,33,27,32
3293,2024-05-17,Fri,5,45,44,39
3294,2024-05-17,Fri,6,53,86,71
3295,2024-05-17,Fri,7,71,117,101
3296,2024-05-17,Fri,8,110,220,188
3297,2024-05-17,Fri,9,103,213,249
3298,2024-05-17,Fri,10,81,223,240
3299,2024-05-17,Fri,11,104,219,208
3300,2024-05-17,Fri,12,85,209,263
3301,2024-05-17,Fri,13,86,210,185
3302,2024-05-17,Fri,14,81,152,231
3303,2024-05-17,Fri,15,65,207,231
3304,2024-05-17,Fri,16,88,165,190
3305,2024-05-17,Fri,17,91,206,150
3306,2024-05-17,Fri,18,105,221,108
3307,2024-05-17,Fri,19,112,195,111
3308,2024-05-17,Fri,20,129,248,121
3309,2024-05-17,Fri,21,124,240,97
3310,2024-05-17,Fri,22,174,270,75
3311,2024-05-17,Fri,23,185,199,90
3312,2024-05-18,Sat,0,114,214,117
3313,2024-05-18,Sat,1,80,128,97
3314,2024-05-18,Sat,2,68,81,80
3315,2024-05-18,Sat,3,28,51,68
3316,2024-05-18,Sat,4,38,33,30
3317,2024-05-18,Sat,5,21,35,48
3318,2024-05-18,Sat,6,37,47,48
3319,2024-05-18,Sat,7,55,118,57
3320,2024-05-18,Sat,8,77,167,67
3321,2024-05-18,Sat,9,97,180,88
3322,2024-05-18,Sat,10,109,185,117
3323,2024-05-18,Sat,11,99,181,110
3324,2024-05-18,Sat,12,99,178,111
3325,2024-05-18,Sat,13,93,173,91
3326,2024-05-18,Sat,14,87,150,84
3327,2024-05-18,Sat,15,82,166,89
3328,2024-05-18,Sat,16,74,171,63
3329,2024-05-18,Sat,17,76,164,78
3330,2024-05-18,Sat,18,70,119,72
3331,2024-05-18,Sat,19,85,164,70
3332,2024-05-18,Sat,20,80,200,55
3333,2024-05-18,Sat,21,133,267,85
3334,2024-05-18,Sat,22,160,323,82
3335,2024-05-18,Sat,23,193,229,117
3336,2024-05-19,Sun,0,141,222,152
3337,2024-05-19,Sun,1,107,160,137
3338,2024-05-19,Sun,2,72,133,101
3339,2024-05-19,Sun,3,39,68,84
3340,2024-05-19,Sun,4,45,36,49
3341,2024-05-19,Sun,5,23,39,59
3342,2024-05-19,Sun,6,46,42,27
3343,2024-05-19,Sun,7,57,108,52
3344,2024-05-19,Sun,8,64,162,71
3345,2024-05-19,Sun,9,76,178,100
3346,2024-05-19,Sun,10,69,240,65
3347,2024-05-19,Sun,11,85,251,111
3348,2024-05-19,Sun,12,105,222,116
3349,2024-05-19,Sun,13,113,143,105
3350,2024-05-19,Sun,14,75,155,120
3351,2024-05-19,Sun,15,119,232,122
3352,2024-05-19,Sun,16,140,196,87
3353,2024-05-19,Sun,17,123,185,87
3354,2024-05-19,Sun,18,133,276,77
3355,2024-05-19,Sun,19,158,250,78
3356,2024-05-19,Sun,20,171,282,123
3357,2024-05-19,Sun,21,150,330,81
3358,2024-05-19,Sun,22,149,303,91
3359,2024-05-19,Sun,23,112,180,106
3360,2024-05-20,Mon,0,87,141,86
3361,2024-05-20,Mon,1,50,76,54
3362,2024-05-20,Mon,2,24,41,34
3363,2024-05-20,Mon,3,25,33,26
3364,2024-05-20,Mon,4,23,23,26
3365,2024-05-20,Mon,5,29,38,27
3366,2024-05-20,Mon,6,56,63,100
3367,2024-05-20,Mon,7,77,128,115
3368,2024-05-20,Mon,8,110,191,204
3369,2024-05-20,Mon,9,108,199,230
3370,2024-05-20,Mon,10,85,199,305
3371,2024-05-20,Mon,11,82,219,289
3372,2024-05-20,Mon,12,88,197,223
3373,2024-05-20,Mon,13,60,157,262
3374,2024-05-20,Mon,14,87,205,213
3375,2024-05-20,Mon,15,73,229,231
3376,2024-05-20,Mon,16,99,197,191
3377,2024-05-20,Mon,17,102,220,144
3378,2024-05-20,Mon,18,89,182,161
3379,2024-05-20,Mon,19,113,273,116
3380,2024-05-20,Mon,20,98,239,143
3381,2024-05-20,Mon,21,126,175,97
3382,2024-05-20,Mon,22,96,289,91
3383,2024-05-20,Mon,23,81,167,107
3384,2024-05-21,Tue,0,86,84,79
3385,2024-05-21,Tue,1,36,35,38
3386,2024-05-21,Tue,2,21,34,27
3387,2024-05-21,Tue,3,6,22,28
3388,2024-05-21,Tue,4,33,23,26
3389,2024-05-21,Tue,5,39,24,34
3390,2024-05-21,Tue,6,73,68,59
3391,2024-05-21,Tue,7,93,145,102
3392,2024-05-21,Tue,8,135,246,182
3393,2024-05-21,Tue,9,118,239,258
3394,2024-05-21,Tue,10,88,218,248
3395,2024-05-21,Tue,11,95,237,230
3396,2024-05-21,Tue,12,89,188,225
3397,2024-05-21,Tue,13,70,191,241
3398,2024-05-21,Tue,14,88,171,155
3399,2024-05-21,Tue,15,68,170,222
3400,2024-05-21,Tue,16,62,197,194
3401,2024-05-21,Tue,17,108,155,175
3402,2024-05-21,Tue,18,120,210,157
3403,2024-05-21,Tue,19,118,214,147
3404,2024-05-21,Tue,20,104,230,120
3405,2024-05-21,Tue,21,144,221,120
3406,2024-05-21,Tue,22,122,249,122
3407,2024-05-21,Tue,23,107,166,106
3408,2024-05-22,Wed,0,72,109,75
3409,2024-05-22,Wed,1,43,60,53
3410,2024-05-22,Wed,2,23,32,30
3411,2024-05-22,Wed,3,18,39,32
3412,2024-05-22,Wed,4,26,27,19
3413,2024-05-22,Wed,5,29,31,41
3414,2024-05-22,Wed,6,70,84,65
3415,2024-05-22,Wed,7,79,135,108
3416,2024-05-22,Wed,8,119,252,152
3417,2024-05-22,Wed,9,107,226,221
3418,2024-05-22,Wed,10,87,233,233
3419,2024-05-22,Wed,11,108,189,297
3420,2024-05-22,Wed,12,95,175,251
3421,2024-05-22,Wed,13,89,221,222
3422,2024-05-22,Wed,14,102,249,186
3423,2024-05-22,Wed,15,64,174,224
3424,2024-05-22,Wed,16,88,173,197
3425,2024-05-22,Wed,17,96,167,131
3426,2024-05-22,Wed,18,120,211,153
3427,2024-05-22,Wed,19,110,197,151
3428,2024-05-22,Wed,20,97,242,113
3429,2024-05-22,Wed,21,115,250,114
3430,2024-05-22,Wed,22,104,282,93
3431,2024-05-22,Wed,23,119,152,123
3432,2024-05-23,Thu,0,62,140,115
3433,2024-05-23,Thu,1,55,63,58
3434,2024-05-23,Thu,2,38,6,34
3435,2024-05-23,Thu,3,19,2,27
3436,2024-05-23,Thu,4,22,4,35
3437,2024-05-23,Thu,5,33,4,42
3438,2024-05-23,Thu,6,47,9,73
3439,2024-05-23,Thu,7,117,32,122
3440,2024-05-23,Thu,8,119,41,166
3441,2024-05-23,Thu,9,101,75,287
3442,2024-05-23,Thu,10,57,100,308
3443,2024-05-23,Thu,11,73,253,261
3444,2024-05-23,Thu,12,81,220,244
3445,2024-05-23,Thu,13,73,180,251
3446,2024-05-23,Thu,14,71,178,211
3447,2024-05-23,Thu,15,79,205,140
3448,2024-05-23,Thu,16,93,189,220
3449,2024-05-23,Thu,17,96,196,170
3450,2024-05-23,Thu,18,94,236,132
3451,2024-05-23,Thu,19,97,167,122
3452,2024-05-23,Thu,20,116,172,126
3453,2024-05-23,Thu,21,116,186,110
3454,2024-05-23,Thu,22,129,241,99
3455,2024-05-23,Thu,23,96,146,113
3456,2024-05-24,Fri,0,66,99,91
3457,2024-05-24,Fri,1,50,80,77
3458,2024-05-24,Fri,2,26,56,33
3459,2024-05-24,Fri,3,24,51,39
3460,2024-05-24,Fri,4,25,26,26
3461,2024-05-24,Fri,5,18,37,33
3462,2024-05-24,Fri,6,63,77,89
3463,2024-05-24,Fri,7,72,144,93
3464,2024-05-24,Fri,8,104,184,145
3465,2024-05-24,Fri,9,89,263,280
3466,2024-05-24,Fri,10,106,194,204
3467,2024-05-24,Fri,11,78,193,256
3468,2024-05-24,Fri,12,78,164,218
3469,2024-05-24,Fri,13,93,143,208
3470,2024-05-24,Fri,14,90,162,199
3471,2024-05-24,Fri,15,88,172,196
3472,2024-05-24,Fri,16,93,164,239
3473,2024-05-24,Fri,17,104,106,169
3474,2024-05-24,Fri,18,111,173,130
3475,2024-05-24,Fri,19,107,139,122
3476,2024-05-24,Fri,20,102,183,114
3477,2024-05-24,Fri,21,127,234,93
3478,2024-05-24,Fri,22,179,341,121
3479,2024-05-24,Fri,23,127,316,120
3480,2024-05-25,Sat,0,136,281,129
3481,2024-05-25,Sat,1,110,112,107
3482,2024-05-25,Sat,2,46,78,85
3483,2024-05-25,Sat,3,30,57,43
3484,2024-05-25,Sat,4,31,29,49
3485,2024-05-25,Sat,5,34,17,33
3486,2024-05-25,Sat,6,33,41,50
3487,2024-05-25,Sat,7,39,63,42
3488,2024-05-25,Sat,8,62,146,89
3489,2024-05-25,Sat,9,95,183,98
3490,2024-05-25,Sat,10,70,144,106
3491,2024-05-25,Sat,11,82,195,77
3492,2024-05-25,Sat,12,84,145,114
3493,2024-05-25,Sat,13,63,135,105
3494,2024-05-25,Sat,14,68,132,102
3495,2024-05-25,Sat,15,76,156,95
3496,2024-05-25,Sat,16,81,140,110
3497,2024-05-25,Sat,17,85,178,65
3498,2024-05-25,Sat,18,103,168,62
3499,2024-05-25,Sat,19,106,201,66
3500,2024-05-25,Sat,20,132,250,86
3501,2024-05-25,Sat,21,179,305,87
3502,2024-05-25,Sat,22,182,399,109
3503,2024-05-25,Sat,23,206,266,118
3504,2024-05-26,Sun,0,177,211,153
3505,2024-05-26,Sun,1,107,164,97
3506,2024-05-26,Sun,2,90,77,76
3507,2024-05-26,Sun,3,44,66,65
3508,2024-05-26,Sun,4,32,43,62
3509,2024-05-26,Sun,5,26,40,24
3510,2024-05-26,Sun,6,53,55,34
3511,2024-05-26,Sun,7,42,52,53
3512,2024-05-26,Sun,8,64,116,47
3513,2024-05-26,Sun,9,69,168,94
3514,2024-05-26,Sun,10,64,161,86
3515,2024-05-26,Sun,11,79,209,113
3516,2024-05-26,Sun,12,71,202,92
3517,2024-05-26,Sun,13,82,182,96
3518,2024-05-26,Sun,14,79,159,72
3519,2024-05-26,Sun,15,97,151,70
3520,2024-05-26,Sun,16,99,168,71
3521,2024-05-26,Sun,17,109,178,97
3522,2024-05-26,Sun,18,83,200,79
3523,2024-05-26,Sun,19,92,284,84
3524,2024-05-26,Sun,20,143,274,83
3525,2024-05-26,Sun,21,154,361,71
3526,2024-05-26,Sun,22,207,446,84
3527,2024-05-26,Sun,23,209,297,166
3528,2024-05-27,Mon,0,148,193,176
3529,2024-05-27,Mon,1,99,120,120
3530,2024-05-27,Mon,2,52,57,71
3531,2024-05-27,Mon,3,36,40,42
3532,2024-05-27,Mon,4,31,26,30
3533,2024-05-27,Mon,5,23,17,21
3534,2024-05-27,Mon,6,47,50,35
3535,2024-05-27,Mon,7,43,55,30
3536,2024-05-27,Mon,8,58,119,65
3537,2024-05-27,Mon,9,64,173,83
3538,2024-05-27,Mon,10,86,158,111
3539,2024-05-27,Mon,11,99,154,118
3540,2024-05-27,Mon,12,90,149,74
3541,2024-05-27,Mon,13,65,116,94
3542,2024-05-27,Mon,14,39,133,100
3543,2024-05-27,Mon,15,52,157,135
3544,2024-05-27,Mon,16,49,155,110
3545,2024-05-27,Mon,17,100,156,79
3546,2024-05-27,Mon,18,71,120,73
3547,2024-05-27,Mon,19,67,137,59
3548,2024-05-27,Mon,20,75,164,67
3549,2024-05-27,Mon,21,86,182,93
3550,2024-05-27,Mon,22,84,171,49
3551,2024-05-27,Mon,23,60,125,80
3552,2024-05-28,Tue,0,52,88,68
3553,2024-05-28,Tue,1,44,42,55
3554,2024-05-28,Tue,2,28,31,27
3555,2024-05-28,Tue,3,22,29,26
3556,2024-05-28,Tue,4,28,26,31
3557,2024-05-28,Tue,5,43,35,41
3558,2024-05-28,Tue,6,87,68,72
3559,2024-05-28,Tue,7,91,132,87
3560,2024-05-28,Tue,8,114,211,224
3561,2024-05-28,Tue,9,111,204,310
3562,2024-05-28,Tue,10,96,253,351
3563,2024-05-28,Tue,11,79,222,335
3564,2024-05-28,Tue,12,98,222,291
3565,2024-05-28,Tue,13,102,207,258
3566,2024-05-28,Tue,14,68,154,214
3567,2024-05-28,Tue,15,58,141,249
3568,2024-05-28,Tue,16,93,207,202
3569,2024-05-28,Tue,17,108,212,177
3570,2024-05-28,Tue,18,94,203,210
3571,2024-05-28,Tue,19,105,182,173
3572,2024-05-28,Tue,20,123,179,132
3573,2024-05-28,Tue,21,118,165,113
3574,2024-05-28,Tue,22,114,234,82
3575,2024-05-28,Tue,23,106,152,95
3576,2024-05-29,Wed,0,64,90,89
3577,2024-05-29,Wed,1,42,54,54
3578,2024-05-29,Wed,2,21,44,49
3579,2024-05-29,Wed,3,11,28,19
3580,2024-05-29,Wed,4,27,23,12
3581,2024-05-29,Wed,5,39,27,37
3582,2024-05-29,Wed,6,50,97,62
3583,2024-05-29,Wed,7,111,139,107
3584,2024-05-29,Wed,8,116,222,182
3585,2024-05-29,Wed,9,97,287,247
3586,2024-05-29,Wed,10,82,231,280
3587,2024-05-29,Wed,11,81,248,252
3588,2024-05-29,Wed,12,83,202,297
3589,2024-05-29,Wed,13,65,184,235
3590,2024-05-29,Wed,14,76,158,247
3591,2024-05-29,Wed,15,68,191,189
3592,2024-05-29,Wed,16,81,193,216
3593,2024-05-29,Wed,17,90,185,159
3594,2024-05-29,Wed,18,103,227,131
3595,2024-05-29,Wed,19,105,177,138
3596,2024-05-29,Wed,20,107,201,146
3597,2024-05-29,Wed,21,73,227,100
3598,2024-05-29,Wed,22,62,187,61
3599,2024-05-29,Wed,23,55,128,97
3600,2024-05-30,Thu,0,34,73,49
3601,2024-05-30,Thu,1,34,52,50
3602,2024-05-30,Thu,2,20,34,27
3603,2024-05-30,Thu,3,9,14,23
3604,2024-05-30,Thu,4,11,30,21
3605,2024-05-30,Thu,5,32,37,20
3606,2024-05-30,Thu,6,49,61,79
3607,2024-05-30,Thu,7,96,139,115
3608,2024-05-30,Thu,8,143,175,141
3609,2024-05-30,Thu,9,110,243,262
3610,2024-05-30,Thu,10,66,284,304
3611,2024-05-30,Thu,11,81,208,301
3612,2024-05-30,Thu,12,117,221,278
3613,2024-05-30,Thu,13,91,188,288
3614,2024-05-30,Thu,14,69,204,260
3615,2024-05-30,Thu,15,62,201,238
3616,2024-05-30,Thu,16,58,188,191
3617,2024-05-30,Thu,17,102,194,157
3618,2024-05-30,Thu,18,109,180,145
3619,2024-05-30,Thu,19,131,191,116
3620,2024-05-30,Thu,20,98,173,82
3621,2024-05-30,Thu,21,132,200,101
3622,2024-05-30,Thu,22,132,238,69
3623,2024-05-30,Thu,23,88,160,125
3624,2024-05-31,Fri,0,69,93,94
3625,2024-05-31,Fri,1,48,60,51
3626,2024-05-31,Fri,2,23,42,27
3627,2024-05-31,Fri,3,30,22,32
3628,2024-05-31,Fri,4,30,35,12
3629,2024-05-31,Fri,5,46,26,43
3630,2024-05-31,Fri,6,51,59,58
3631,2024-05-31,Fri,7,105,166,179
3632,2024-05-31,Fri,8,133,203,184
3633,2024-05-31,Fri,9,113,213,240
3634,2024-05-31,Fri,10,119,192,253
3635,2024-05-31,Fri,11,70,132,263
3636,2024-05-31,Fri,12,72,164,237
3637,2024-05-31,Fri,13,70,190,228
3638,2024-05-31,Fri,14,86,170,227
3639,2024-05-31,Fri,15,97,138,224
3640,2024-05-31,Fri,16,69,191,188
3641,2024-05-31,Fri,17,75,158,170
3642,2024-05-31,Fri,18,102,145,181
3643,2024-05-31,Fri,19,85,180,115
3644,2024-05-31,Fri,20,114,213,140
3645,2024-05-31,Fri,21,166,254,127
3646,2024-05-31,Fri,22,191,326,173
3647,2024-05-31,Fri,23,165,233,141
3648,2024-06-01,Sat,0,116,173,139
3649,2024-06-01,Sat,1,124,124,106
3650,2024-06-01,Sat,2,45,71,83
3651,2024-06-01,Sat,3,33,42,43
3652,2024-06-01,Sat,4,32,36,37
3653,2024-06-01,Sat,5,29,25,32
3654,2024-06-01,Sat,6,57,44,42
3655,2024-06-01,Sat,7,86,105,53
3656,2024-06-01,Sat,8,93,195,86
3657,2024-06-01,Sat,9,83,190,141
3658,2024-06-01,Sat,10,94,176,144
3659,2024-06-01,Sat,11,104,168,129
3660,2024-06-01,Sat,12,83,200,119
3661,2024-06-01,Sat,13,104,186,146
3662,2024-06-01,Sat,14,66,174,116
3663,2024-06-01,Sat,15,88,165,93
3664,2024-06-01,Sat,16,84,163,113
3665,2024-06-01,Sat,17,113,162,77
3666,2024-06-01,Sat,18,145,225,111
3667,2024-06-01,Sat,19,133,207,90
3668,2024-06-01,Sat,20,170,284,122
3669,2024-06-01,Sat,21,200,341,110
3670,2024-06-01,Sat,22,290,557,163
3671,2024-06-01,Sat,23,259,418,110
3672,2024-06-02,Sun,0,265,312,142
3673,2024-06-02,Sun,1,160,221,106
3674,2024-06-02,Sun,2,88,115,93
3675,2024-06-02,Sun,3,55,69,74
3676,2024-06-02,Sun,4,51,56,46
3677,2024-06-02,Sun,5,31,56,59
3678,2024-06-02,Sun,6,43,104,44
3679,2024-06-02,Sun,7,64,87,48
3680,2024-06-02,Sun,8,72,141,82
3681,2024-06-02,Sun,9,103,171,110
3682,2024-06-02,Sun,10,104,219,106
3683,2024-06-02,Sun,11,81,206,117
3684,2024-06-02,Sun,12,118,200,117
3685,2024-06-02,Sun,13,94,203,107
3686,2024-06-02,Sun,14,95,179,122
3687,2024-06-02,Sun,15,96,261,90
3688,2024-06-02,Sun,16,102,243,94
3689,2024-06-02,Sun,17,98,292,136
3690,2024-06-02,Sun,18,98,224,100
3691,2024-06-02,Sun,19,130,269,88
3692,2024-06-02,Sun,20,142,308,107
3693,2024-06-02,Sun,21,168,293,76
3694,2024-06-02,Sun,22,168,356,103
3695,2024-06-02,Sun,23,126,213,145
3696,2024-06-03,Mon,0,74,133,102
3697,2024-06-03,Mon,1,50,68,59
3698,2024-06-03,Mon,2,43,24,30
3699,2024-06-03,Mon,3,33,29,20
3700,2024-06-03,Mon,4,21,29,33
3701,2024-06-03,Mon,5,25,46,23
3702,2024-06-03,Mon,6,74,83,49
3703,2024-06-03,Mon,7,110,149,132
3704,2024-06-03,Mon,8,140,174,167
3705,2024-06-03,Mon,9,105,226,320
3706,2024-06-03,Mon,10,103,280,357
3707,2024-06-03,Mon,11,104,244,278
3708,2024-06-03,Mon,12,92,268,241
3709,2024-06-03,Mon,13,74,210,283
3710,2024-06-03,Mon,14,83,182,258
3711,2024-06-03,Mon,15,84,169,229
3712,2024-06-03,Mon,16,72,225,200
3713,2024-06-03,Mon,17,100,273,199
3714,2024-06-03,Mon,18,116,227,194
3715,2024-06-03,Mon,19,112,271,140
3716,2024-06-03,Mon,20,101,291,146
3717,2024-06-03,Mon,21,130,345,107
3718,2024-06-03,Mon,22,126,324,134
3719,2024-06-03,Mon,23,82,216,116
3720,2024-06-04,Tue,0,50,123,104
3721,2024-06-04,Tue,1,31,79,57
3722,2024-06-04,Tue,2,35,56,36
3723,2024-06-04,Tue,3,17,17,23
3724,2024-06-04,Tue,4,33,41,59
3725,2024-06-04,Tue,5,36,51,40
3726,2024-06-04,Tue,6,72,87,56
3727,2024-06-04,Tue,7,105,146,106
3728,2024-06-04,Tue,8,136,235,232
3729,2024-06-04,Tue,9,111,225,281
3730,2024-06-04,Tue,10,92,221,308
3731,2024-06-04,Tue,11,91,233,298
3732,2024-06-04,Tue,12,87,190,229
3733,2024-06-04,Tue,13,85,170,231
3734,2024-06-04,Tue,14,66,160,215
3735,2024-06-04,Tue,15,96,210,243
3736,2024-06-04,Tue,16,82,158,194
3737,2024-06-04,Tue,17,95,195,171
3738,2024-06-04,Tue,18,97,185,166
3739,2024-06-04,Tue,19,130,209,157
3740,2024-06-04,Tue,20,184,233,134
3741,2024-06-04,Tue,21,123,224,108
3742,2024-06-04,Tue,22,132,252,98
3743,2024-06-04,Tue,23,91,146,86
3744,2024-06-05,Wed,0,52,101,81
3745,2024-06-05,Wed,1,34,51,58
3746,2024-06-05,Wed,2,25,30,17
3747,2024-06-05,Wed,3,19,25,31
3748,2024-06-05,Wed,4,26,23,21
3749,2024-06-05,Wed,5,44,32,32
3750,2024-06-05,Wed,6,70,92,76
3751,2024-06-05,Wed,7,88,131,107
3752,2024-06-05,Wed,8,124,199,187
3753,2024-06-05,Wed,9,95,227,261
3754,2024-06-05,Wed,10,80,245,280
3755,2024-06-05,Wed,11,100,184,318
3756,2024-06-05,Wed,12,77,151,268
3757,2024-06-05,Wed,13,83,170,256
3758,2024-06-05,Wed,14,92,171,227
3759,2024-06-05,Wed,15,69,203,230
3760,2024-06-05,Wed,16,97,181,206
3761,2024-06-05,Wed,17,128,192,182
3762,2024-06-05,Wed,18,105,162,174
3763,2024-06-05,Wed,19,103,200,101
3764,2024-06-05,Wed,20,103,323,239
3765,2024-06-05,Wed,21,131,394,254
3766,2024-06-05,Wed,22,107,324,231
3767,2024-06-05,Wed,23,91,169,127
3768,2024-06-06,Thu,0,42,126,70
3769,2024-06-06,Thu,1,37,63,57
3770,2024-06-06,Thu,2,23,21,30
3771,2024-06-06,Thu,3,15,25,28
3772,2024-06-06,Thu,4,19,24,24
3773,2024-06-06,Thu,5,28,31,32
3774,2024-06-06,Thu,6,53,40,74
3775,2024-06-06,Thu,7,88,166,106
3776,2024-06-06,Thu,8,111,212,198
3777,2024-06-06,Thu,9,88,232,280
3778,2024-06-06,Thu,10,78,224,294
3779,2024-06-06,Thu,11,101,194,266
3780,2024-06-06,Thu,12,73,195,311
3781,2024-06-06,Thu,13,82,198,227
3782,2024-06-06,Thu,14,78,195,267
3783,2024-06-06,Thu,15,56,225,189
3784,2024-06-06,Thu,16,84,185,207
3785,2024-06-06,Thu,17,77,165,181
3786,2024-06-06,Thu,18,110,179,164
3787,2024-06-06,Thu,19,96,167,137
3788,2024-06-06,Thu,20,112,164,112
3789,2024-06-06,Thu,21,106,206,95
3790,2024-06-06,Thu,22,99,184,72
3791,2024-06-06,Thu,23,93,119,107
3792,2024-06-07,Fri,0,63,107,83
3793,2024-06-07,Fri,1,44,68,63
3794,2024-06-07,Fri,2,21,36,54
3795,2024-06-07,Fri,3,26,25,20
3796,2024-06-07,Fri,4,27,27,37
3797,2024-06-07,Fri,5,38,35,33
3798,2024-06-07,Fri,6,53,86,69
3799,2024-06-07,Fri,7,101,133,116
3800,2024-06-07,Fri,8,138,212,237
3801,2024-06-07,Fri,9,118,212,229
3802,2024-06-07,Fri,10,74,211,326
3803,2024-06-07,Fri,11,109,182,293
3804,2024-06-07,Fri,12,76,199,260
3805,2024-06-07,Fri,13,70,155,246
3806,2024-06-07,Fri,14,67,173,191
3807,2024-06-07,Fri,15,73,147,234
3808,2024-06-07,Fri,16,89,151,209
3809,2024-06-07,Fri,17,94,175,156
3810,2024-06-07,Fri,18,91,157,143
3811,2024-06-07,Fri,19,110,144,150
3812,2024-06-07,Fri,20,108,147,127
3813,2024-06-07,Fri,21,154,302,114
3814,2024-06-07,Fri,22,175,298,104
3815,2024-06-07,Fri,23,144,231,155
3816,2024-06-08,Sat,0,134,174,134
3817,2024-06-08,Sat,1,76,122,94
3818,2024-06-08,Sat,2,43,46,66
3819,2024-06-08,Sat,3,31,46,52
3820,2024-06-08,Sat,4,32,42,33
3821,2024-06-08,Sat,5,25,41,36
3822,2024-06-08,Sat,6,36,44,48
3823,2024-06-08,Sat,7,65,114,52
3824,2024-06-08,Sat,8,98,152,106
3825,2024-06-08,Sat,9,87,167,113
3826,2024-06-08,Sat,10,97,162,120
3827,2024-06-08,Sat,11,105,191,123
3828,2024-06-08,Sat,12,92,184,130
3829,2024-06-08,Sat,13,86,165,109
3830,2024-06-08,Sat,14,99,212,117
3831,2024-06-08,Sat,15,109,204,126
3832,2024-06-08,Sat,16,114,167,89
3833,2024-06-08,Sat,17,109,195,87
3834,2024-06-08,Sat,18,119,182,92
3835,2024-06-08,Sat,19,128,242,90
3836,2024-06-08,Sat,20,165,270,107
3837,2024-06-08,Sat,21,229,352,124
3838,2024-06-08,Sat,22,269,467,148
3839,2024-06-08,Sat,23,279,363,151
3840,2024-06-09,Sun,0,277,329,155
3841,2024-06-09,Sun,1,149,223,128
3842,2024-06-09,Sun,2,81,99,95
3843,2024-06-09,Sun,3,50,79,76
3844,2024-06-09,Sun,4,79,52,47
3845,2024-06-09,Sun,5,41,51,57
3846,2024-06-09,Sun,6,47,47,50
3847,2024-06-09,Sun,7,59,103,42
3848,2024-06-09,Sun,8,83,149,94
3849,2024-06-09,Sun,9,77,208,92
3850,2024-06-09,Sun,10,62,198,96
3851,2024-06-09,Sun,11,143,192,126
3852,2024-06-09,Sun,12,100,185,92
3853,2024-06-09,Sun,13,92,170,122
3854,2024-06-09,Sun,14,96,199,125
3855,2024-06-09,Sun,15,106,187,103
3856,2024-06-09,Sun,16,125,189,96
3857,2024-06-09,Sun,17,133,233,100
3858,2024-06-09,Sun,18,146,264,87
3859,2024-06-09,Sun,19,149,260,133
3860,2024-06-09,Sun,20,146,302,117
3861,2024-06-09,Sun,21,208,356,103
3862,2024-06-09,Sun,22,216,383,143
3863,2024-06-09,Sun,23,177,228,182
3864,2024-06-10,Mon,0,82,154,141
3865,2024-06-10,Mon,1,51,79,76
3866,2024-06-10,Mon,2,42,73,38
3867,2024-06-10,Mon,3,24,34,34
3868,2024-06-10,Mon,4,38,29,27
3869,2024-06-10,Mon,5,44,41,44
3870,2024-06-10,Mon,6,67,73,93
3871,2024-06-10,Mon,7,115,105,108
3872,2024-06-10,Mon,8,99,171,181
3873,2024-06-10,Mon,9,115,225,276
3874,2024-06-10,Mon,10,83,234,257
3875,2024-06-10,Mon,11,82,227,236
3876,2024-06-10,Mon,12,79,222,237
3877,2024-06-10,Mon,13,81,204,256
3878,2024-06-10,Mon,14,72,261,216
3879,2024-06-10,Mon,15,87,206,249
3880,2024-06-10,Mon,16,74,215,221
3881,2024-06-10,Mon,17,104,213,217
3882,2024-06-10,Mon,18,110,212,171
3883,2024-06-10,Mon,19,96,202,133
3884,2024-06-10,Mon,20,111,222,107
3885,2024-06-10,Mon,21,129,246,100
3886,2024-06-10,Mon,22,99,283,75
3887,2024-06-10,Mon,23,127,178,134
3888,2024-06-11,Tue,0,71,85,82
3889,2024-06-11,Tue,1,49,45,48
3890,2024-06-11,Tue,2,32,42,36
3891,2024-06-11,Tue,3,14,22,49
3892,2024-06-11,Tue,4,23,36,24
3893,2024-06-11,Tue,5,50,38,33
3894,2024-06-11,Tue,6,83,88,65
3895,2024-06-11,Tue,7,90,128,110
3896,2024-06-11,Tue,8,144,262,200
3897,2024-06-11,Tue,9,119,212,265
3898,2024-06-11,Tue,10,94,237,234
3899,2024-06-11,Tue,11,104,238,241
3900,2024-06-11,Tue,12,106,230,243
3901,2024-06-11,Tue,13,96,226,187
3902,2024-06-11,Tue,14,76,160,262
3903,2024-06-11,Tue,15,95,189,215
3904,2024-06-11,Tue,16,88,209,229
3905,2024-06-11,Tue,17,92,162,190
3906,2024-06-11,Tue,18,102,212,160
3907,2024-06-11,Tue,19,96,172,131
3908,2024-06-11,Tue,20,136,151,117
3909,2024-06-11,Tue,21,122,200,113
3910,2024-06-11,Tue,22,128,191,75
3911,2024-06-11,Tue,23,81,138,122
3912,2024-06-12,Wed,0,54,93,74
3913,2024-06-12,Wed,1,35,41,61
3914,2024-06-12,Wed,2,23,52,29
3915,2024-06-12,Wed,3,15,23,22
3916,2024-06-12,Wed,4,24,22,17
3917,2024-06-12,Wed,5,39,32,40
3918,2024-06-12,Wed,6,71,80,56
3919,2024-06-12,Wed,7,104,123,80
3920,2024-06-12,Wed,8,134,177,161
3921,2024-06-12,Wed,9,105,226,200
3922,2024-06-12,Wed,10,64,206,266
3923,2024-06-12,Wed,11,85,192,234
3924,2024-06-12,Wed,12,83,202,248
3925,2024-06-12,Wed,13,67,175,252
3926,2024-06-12,Wed,14,84,170,224
3927,2024-06-12,Wed,15,75,172,192
3928,2024-06-12,Wed,16,74,194,157
3929,2024-06-12,Wed,17,95,171,161
3930,2024-06-12,Wed,18,79,246,167
3931,2024-06-12,Wed,19,101,168,140
3932,2024-06-12,Wed,20,110,235,120
3933,2024-06-12,Wed,21,109,326,98
3934,2024-06-12,Wed,22,100,330,72
3935,2024-06-12,Wed,23,104,130,128
3936,2024-06-13,Thu,0,73,117,94
3937,2024-06-13,Thu,1,29,84,55
3938,2024-06-13,Thu,2,16,42,58
3939,2024-06-13,Thu,3,18,36,21
3940,2024-06-13,Thu,4,18,25,22
3941,2024-06-13,Thu,5,34,25,37
3942,2024-06-13,Thu,6,51,90,69
3943,2024-06-13,Thu,7,113,146,89
3944,2024-06-13,Thu,8,109,178,156
3945,2024-06-13,Thu,9,97,196,227
3946,2024-06-13,Thu,10,94,219,263
3947,2024-06-13,Thu,11,81,260,250
3948,2024-06-13,Thu,12,70,228,215
3949,2024-06-13,Thu,13,63,180,173
3950,2024-06-13,Thu,14,83,164,226
3951,2024-06-13,Thu,15,74,218,177
3952,2024-06-13,Thu,16,92,184,185
3953,2024-06-13,Thu,17,72,154,129
3954,2024-06-13,Thu,18,116,199,129
3955,2024-06-13,Thu,19,98,212,137
3956,2024-06-13,Thu,20,111,208,112
3957,2024-06-13,Thu,21,116,283,127
3958,2024-06-13,Thu,22,150,271,100
3959,2024-06-13,Thu,23,93,210,119
3960,2024-06-14,Fri,0,81,130,74
3961,2024-06-14,Fri,1,52,62,79
3962,2024-06-14,Fri,2,36,40,41
3963,2024-06-14,Fri,3,16,22,28
3964,2024-06-14,Fri,4,16,14,20
3965,2024-06-14,Fri,5,30,29,37
3966,2024-06-14,Fri,6,77,60,53
3967,2024-06-14,Fri,7,87,131,120
3968,2024-06-14,Fri,8,111,204,208
3969,2024-06-14,Fri,9,84,210,249
3970,2024-06-14,Fri,10,76,277,210
3971,2024-06-14,Fri,11,83,210,212
3972,2024-06-14,Fri,12,83,170,240
3973,2024-06-14,Fri,13,78,169,221
3974,2024-06-14,Fri,14,60,182,196
3975,2024-06-14,Fri,15,78,146,263
3976,2024-06-14,Fri,16,86,185,204
3977,2024-06-14,Fri,17,93,220,186
3978,2024-06-14,Fri,18,92,161,157
3979,2024-06-14,Fri,19,87,202,238
3980,2024-06-14,Fri,20,78,142,151
3981,2024-06-14,Fri,21,115,191,91
3982,2024-06-14,Fri,22,121,195,95
3983,2024-06-14,Fri,23,109,155,134
3984,2024-06-15,Sat,0,95,125,102
3985,2024-06-15,Sat,1,69,110,88
3986,2024-06-15,Sat,2,28,72,46
3987,2024-06-15,Sat,3,52,34,40
3988,2024-06-15,Sat,4,41,39,29
3989,2024-06-15,Sat,5,28,19,45
3990,2024-06-15,Sat,6,42,56,53
3991,2024-06-15,Sat,7,72,85,67
3992,2024-06-15,Sat,8,73,161,103
3993,2024-06-15,Sat,9,103,189,131
3994,2024-06-15,Sat,10,95,164,154
3995,2024-06-15,Sat,11,79,150,153
3996,2024-06-15,Sat,12,74,156,132
3997,2024-06-15,Sat,13,99,179,130
3998,2024-06-15,Sat,14,98,164,102
3999,2024-06-15,Sat,15,75,160,97
4000,2024-06-15,Sat,16,69,180,106
4001,2024-06-15,Sat,17,108,168,109
4002,2024-06-15,Sat,18,131,177,94
4003,2024-06-15,Sat,19,131,223,95
4004,2024-06-15,Sat,20,157,249,114
4005,2024-06-15,Sat,21,219,391,146
4006,2024-06-15,Sat,22,305,509,189
4007,2024-06-15,Sat,23,287,411,148
4008,2024-06-16,Sun,0,329,380,151
4009,2024-06-16,Sun,1,185,250,151
4010,2024-06-16,Sun,2,78,160,103
4011,2024-06-16,Sun,3,53,75,76
4012,2024-06-16,Sun,4,37,46,53
4013,2024-06-16,Sun,5,31,42,42
4014,2024-06-16,Sun,6,40,48,43
4015,2024-06-16,Sun,7,63,115,66
4016,2024-06-16,Sun,8,100,129,75
4017,2024-06-16,Sun,9,104,179,115
4018,2024-06-16,Sun,10,101,169,109
4019,2024-06-16,Sun,11,97,158,85
4020,2024-06-16,Sun,12,90,197,109
4021,2024-06-16,Sun,13,67,191,109
4022,2024-06-16,Sun,14,79,246,114
4023,2024-06-16,Sun,15,119,238,87
4024,2024-06-16,Sun,16,117,177,107
4025,2024-06-16,Sun,17,107,242,84
4026,2024-06-16,Sun,18,158,282,92
4027,2024-06-16,Sun,19,148,261,122
4028,2024-06-16,Sun,20,224,334,92
4029,2024-06-16,Sun,21,260,386,108
4030,2024-06-16,Sun,22,267,497,186
4031,2024-06-16,Sun,23,225,309,161
4032,2024-06-17,Mon,0,140,194,172
4033,2024-06-17,Mon,1,70,117,113
4034,2024-06-17,Mon,2,66,124,49
4035,2024-06-17,Mon,3,21,43,40
4036,2024-06-17,Mon,4,41,38,30
4037,2024-06-17,Mon,5,41,48,40
4038,2024-06-17,Mon,6,66,67,58
4039,2024-06-17,Mon,7,97,109,126
4040,2024-06-17,Mon,8,83,160,164
4041,2024-06-17,Mon,9,95,220,318
4042,2024-06-17,Mon,10,90,253,287
4043,2024-06-17,Mon,11,67,223,250
4044,2024-06-17,Mon,12,69,215,265
4045,2024-06-17,Mon,13,79,201,235
4046,2024-06-17,Mon,14,54,184,245
4047,2024-06-17,Mon,15,67,170,259
4048,2024-06-17,Mon,16,97,203,231
4049,2024-06-17,Mon,17,76,203,164
4050,2024-06-17,Mon,18,103,222,174
4051,2024-06-17,Mon,19,104,198,170
4052,2024-06-17,Mon,20,129,176,120
4053,2024-06-17,Mon,21,139,240,137
4054,2024-06-17,Mon,22,114,253,88
4055,2024-06-17,Mon,23,93,149,116
4056,2024-06-18,Tue,0,53,97,89
4057,2024-06-18,Tue,1,49,60,52
4058,2024-06-18,Tue,2,24,38,31
4059,2024-06-18,Tue,3,15,16,22
4060,2024-06-18,Tue,4,31,25,12
4061,2024-06-18,Tue,5,37,52,20
4062,2024-06-18,Tue,6,75,92,67
4063,2024-06-18,Tue,7,94,129,127
4064,2024-06-18,Tue,8,107,184,166
4065,2024-06-18,Tue,9,86,221,225
4066,2024-06-18,Tue,10,67,261,267
4067,2024-06-18,Tue,11,77,218,280
4068,2024-06-18,Tue,12,50,183,290
4069,2024-06-18,Tue,13,70,236,192
4070,2024-06-18,Tue,14,70,202,204
4071,2024-06-18,Tue,15,77,203,185
4072,2024-06-18,Tue,16,76,212,196
4073,2024-06-18,Tue,17,98,239,155
4074,2024-06-18,Tue,18,94,167,131
4075,2024-06-18,Tue,19,86,189,145
4076,2024-06-18,Tue,20,102,209,127
4077,2024-06-18,Tue,21,140,212,120
4078,2024-06-18,Tue,22,143,255,81
4079,2024-06-18,Tue,23,103,169,103
4080,2024-06-19,Wed,0,87,155,85
4081,2024-06-19,Wed,1,47,73,54
4082,2024-06-19,Wed,2,32,48,46
4083,2024-06-19,Wed,3,32,34,32
4084,2024-06-19,Wed,4,28,25,20
4085,2024-06-19,Wed,5,17,44,33
4086,2024-06-19,Wed,6,42,64,45
4087,2024-06-19,Wed,7,66,104,80
4088,2024-06-19,Wed,8,73,178,151
4089,2024-06-19,Wed,9,91,206,209
4090,2024-06-19,Wed,10,98,167,204
4091,2024-06-19,Wed,11,84,160,191
4092,2024-06-19,Wed,12,98,178,234
4093,2024-06-19,Wed,13,109,135,189
4094,2024-06-19,Wed,14,99,240,178
4095,2024-06-19,Wed,15,86,185,179
4096,2024-06-19,Wed,16,107,240,181
4097,2024-06-19,Wed,17,97,218,131
4098,2024-06-19,Wed,18,117,183,101
4099,2024-06-19,Wed,19,114,172,131
4100,2024-06-19,Wed,20,130,179,121
4101,2024-06-19,Wed,21,121,263,97
4102,2024-06-19,Wed,22,118,242,80
4103,2024-06-19,Wed,23,126,160,121
4104,2024-06-20,Thu,0,76,105,102
4105,2024-06-20,Thu,1,45,88,59
4106,2024-06-20,Thu,2,18,46,33
4107,2024-06-20,Thu,3,20,21,29
4108,2024-06-20,Thu,4,16,61,23
4109,2024-06-20,Thu,5,45,34,34
4110,2024-06-20,Thu,6,57,90,80
4111,2024-06-20,Thu,7,104,156,149
4112,2024-06-20,Thu,8,110,165,199
4113,2024-06-20,Thu,9,115,171,300
4114,2024-06-20,Thu,10,55,191,316
4115,2024-06-20,Thu,11,97,252,230
4116,2024-06-20,Thu,12,84,230,255
4117,2024-06-20,Thu,13,66,188,279
4118,2024-06-20,Thu,14,51,200,232
4119,2024-06-20,Thu,15,51,181,215
4120,2024-06-20,Thu,16,78,185,250
4121,2024-06-20,Thu,17,89,165,216
4122,2024-06-20,Thu,18,92,213,182
4123,2024-06-20,Thu,19,101,174,182
4124,2024-06-20,Thu,20,123,206,175
4125,2024-06-20,Thu,21,163,266,162
4126,2024-06-20,Thu,22,181,260,108
4127,2024-06-20,Thu,23,119,197,125
4128,2024-06-21,Fri,0,76,94,104
4129,2024-06-21,Fri,1,39,71,71
4130,2024-06-21,Fri,2,34,40,27
4131,2024-06-21,Fri,3,10,80,30
4132,2024-06-21,Fri,4,28,51,18
4133,2024-06-21,Fri,5,20,34,39
4134,2024-06-21,Fri,6,61,91,93
4135,2024-06-21,Fri,7,106,148,146
4136,2024-06-21,Fri,8,128,161,210
4137,2024-06-21,Fri,9,83,199,272
4138,2024-06-21,Fri,10,76,186,208
4139,2024-06-21,Fri,11,94,222,237
4140,2024-06-21,Fri,12,79,188,257
4141,2024-06-21,Fri,13,73,172,202
4142,2024-06-21,Fri,14,61,147,240
4143,2024-06-21,Fri,15,73,160,232
4144,2024-06-21,Fri,16,69,143,230
4145,2024-06-21,Fri,17,89,207,191
4146,2024-06-21,Fri,18,93,191,185
4147,2024-06-21,Fri,19,117,202,197
4148,2024-06-21,Fri,20,129,249,153
4149,2024-06-21,Fri,21,143,281,126
4150,2024-06-21,Fri,22,171,318,113
4151,2024-06-21,Fri,23,172,293,137
4152,2024-06-22,Sat,0,142,219,149
4153,2024-06-22,Sat,1,76,100,108
4154,2024-06-22,Sat,2,61,76,88
4155,2024-06-22,Sat,3,43,68,54
4156,2024-06-22,Sat,4,30,38,46
4157,2024-06-22,Sat,5,30,30,38
4158,2024-06-22,Sat,6,44,62,52
4159,2024-06-22,Sat,7,59,100,76
4160,2024-06-22,Sat,8,95,128,93
4161,2024-06-22,Sat,9,104,168,103
4162,2024-06-22,Sat,10,87,155,143
4163,2024-06-22,Sat,11,70,157,138
4164,2024-06-22,Sat,12,91,213,153
4165,2024-06-22,Sat,13,98,152,161
4166,2024-06-22,Sat,14,68,173,150
4167,2024-06-22,Sat,15,59,191,122
4168,2024-06-22,Sat,16,87,185,158
4169,2024-06-22,Sat,17,100,229,113
4170,2024-06-22,Sat,18,97,174,82
4171,2024-06-22,Sat,19,116,171,78
4172,2024-06-22,Sat,20,113,217,83
4173,2024-06-22,Sat,21,151,291,70
4174,2024-06-22,Sat,22,211,381,105
4175,2024-06-22,Sat,23,201,298,92
4176,2024-06-23,Sun,0,158,222,154
4177,2024-06-23,Sun,1,116,143,129
4178,2024-06-23,Sun,2,66,82,101
4179,2024-06-23,Sun,3,31,52,54
4180,2024-06-23,Sun,4,28,62,50
4181,2024-06-23,Sun,5,36,98,72
4182,2024-06-23,Sun,6,52,103,74
4183,2024-06-23,Sun,7,66,97,95
4184,2024-06-23,Sun,8,119,145,90
4185,2024-06-23,Sun,9,80,149,96
4186,2024-06-23,Sun,10,93,174,101
4187,2024-06-23,Sun,11,83,226,146
4188,2024-06-23,Sun,12,91,163,152
4189,2024-06-23,Sun,13,92,169,134
4190,2024-06-23,Sun,14,78,170,128
4191,2024-06-23,Sun,15,73,197,125
4192,2024-06-23,Sun,16,73,229,126
4193,2024-06-23,Sun,17,76,201,125
4194,2024-06-23,Sun,18,106,224,135
4195,2024-06-23,Sun,19,115,294,135
4196,2024-06-23,Sun,20,136,306,113
4197,2024-06-23,Sun,21,164,354,101
4198,2024-06-23,Sun,22,154,348,120
4199,2024-06-23,Sun,23,165,269,161
4200,2024-06-24,Mon,0,116,143,123
4201,2024-06-24,Mon,1,68,71,52
4202,2024-06-24,Mon,2,28,44,35
4203,2024-06-24,Mon,3,32,26,36
4204,2024-06-24,Mon,4,63,27,22
4205,2024-06-24,Mon,5,46,27,39
4206,2024-06-24,Mon,6,63,71,83
4207,2024-06-24,Mon,7,119,152,150
4208,2024-06-24,Mon,8,130,209,186
4209,2024-06-24,Mon,9,123,225,313
4210,2024-06-24,Mon,10,91,238,365
4211,2024-06-24,Mon,11,97,232,295
4212,2024-06-24,Mon,12,107,187,236
4213,2024-06-24,Mon,13,111,220,303
4214,2024-06-24,Mon,14,89,220,276
4215,2024-06-24,Mon,15,85,206,310
4216,2024-06-24,Mon,16,98,219,327
4217,2024-06-24,Mon,17,130,203,210
4218,2024-06-24,Mon,18,146,221,212
4219,2024-06-24,Mon,19,150,222,133
4220,2024-06-24,Mon,20,111,217,137
4221,2024-06-24,Mon,21,110,219,113
4222,2024-06-24,Mon,22,118,199,86
4223,2024-06-24,Mon,23,94,141,104
4224,2024-06-25,Tue,0,59,138,97
4225,2024-06-25,Tue,1,32,44,41
4226,2024-06-25,Tue,2,23,53,28
4227,2024-06-25,Tue,3,11,40,27
4228,2024-06-25,Tue,4,23,49,24
4229,2024-06-25,Tue,5,43,52,39
4230,2024-06-25,Tue,6,84,89,71
4231,2024-06-25,Tue,7,117,161,118
4232,2024-06-25,Tue,8,158,224,215
4233,2024-06-25,Tue,9,117,233,320
4234,2024-06-25,Tue,10,92,259,329
4235,2024-06-25,Tue,11,93,312,296
4236,2024-06-25,Tue,12,82,276,262
4237,2024-06-25,Tue,13,85,224,255
4238,2024-06-25,Tue,14,81,218,249
4239,2024-06-25,Tue,15,73,159,233
4240,2024-06-25,Tue,16,90,183,236
4241,2024-06-25,Tue,17,82,220,171
4242,2024-06-25,Tue,18,117,164,174
4243,2024-06-25,Tue,19,90,200,147
4244,2024-06-25,Tue,20,111,175,107
4245,2024-06-25,Tue,21,117,213,104
4246,2024-06-25,Tue,22,122,271,93
4247,2024-06-25,Tue,23,99,155,113
4248,2024-06-26,Wed,0,48,110,93
4249,2024-06-26,Wed,1,44,45,50
4250,2024-06-26,Wed,2,18,102,51
4251,2024-06-26,Wed,3,14,36,13
4252,2024-06-26,Wed,4,33,18,28
4253,2024-06-26,Wed,5,49,47,27
4254,2024-06-26,Wed,6,85,93,82
4255,2024-06-26,Wed,7,121,128,101
4256,2024-06-26,Wed,8,129,194,231
4257,2024-06-26,Wed,9,110,213,242
4258,2024-06-26,Wed,10,97,204,298
4259,2024-06-26,Wed,11,70,204,285
4260,2024-06-26,Wed,12,80,199,266
4261,2024-06-26,Wed,13,77,217,218
4262,2024-06-26,Wed,14,71,201,280
4263,2024-06-26,Wed,15,83,225,236
4264,2024-06-26,Wed,16,79,191,208
4265,2024-06-26,Wed,17,95,212,183
4266,2024-06-26,Wed,18,123,227,167
4267,2024-06-26,Wed,19,96,204,181
4268,2024-06-26,Wed,20,107,225,135
4269,2024-06-26,Wed,21,108,222,166
4270,2024-06-26,Wed,22,115,205,110
4271,2024-06-26,Wed,23,69,101,117
4272,2024-06-27,Thu,0,49,64,80
4273,2024-06-27,Thu,1,31,56,30
4274,2024-06-27,Thu,2,26,29,27
4275,2024-06-27,Thu,3,26,26,14
4276,2024-06-27,Thu,4,22,27,36
4277,2024-06-27,Thu,5,32,40,44
4278,2024-06-27,Thu,6,70,79,73
4279,2024-06-27,Thu,7,95,164,146
4280,2024-06-27,Thu,8,132,232,180
4281,2024-06-27,Thu,9,126,298,349
4282,2024-06-27,Thu,10,94,259,342
4283,2024-06-27,Thu,11,78,221,282
4284,2024-06-27,Thu,12,76,207,293
4285,2024-06-27,Thu,13,64,248,329
4286,2024-06-27,Thu,14,63,228,270
4287,2024-06-27,Thu,15,71,206,233
4288,2024-06-27,Thu,16,73,261,239
4289,2024-06-27,Thu,17,94,217,192
4290,2024-06-27,Thu,18,72,218,156
4291,2024-06-27,Thu,19,99,233,179
4292,2024-06-27,Thu,20,126,225,146
4293,2024-06-27,Thu,21,119,265,97
4294,2024-06-27,Thu,22,131,258,80
4295,2024-06-27,Thu,23,106,232,122
4296,2024-06-28,Fri,0,71,143,105
4297,2024-06-28,Fri,1,40,69,66
4298,2024-06-28,Fri,2,25,48,40
4299,2024-06-28,Fri,3,20,21,33
4300,2024-06-28,Fri,4,27,20,29
4301,2024-06-28,Fri,5,28,45,44
4302,2024-06-28,Fri,6,45,69,72
4303,2024-06-28,Fri,7,74,155,91
4304,2024-06-28,Fri,8,113,201,149
4305,2024-06-28,Fri,9,90,217,240
4306,2024-06-28,Fri,10,78,254,264
4307,2024-06-28,Fri,11,83,179,252
4308,2024-06-28,Fri,12,69,161,257
4309,2024-06-28,Fri,13,81,218,225
4310,2024-06-28,Fri,14,140,167,225
4311,2024-06-28,Fri,15,187,177,251
4312,2024-06-28,Fri,16,178,156,230
4313,2024-06-28,Fri,17,201,174,170
4314,2024-06-28,Fri,18,173,205,122
4315,2024-06-28,Fri,19,179,184,108
4316,2024-06-28,Fri,20,178,234,104
4317,2024-06-28,Fri,21,216,274,126
4318,2024-06-28,Fri,22,244,367,98
4319,2024-06-28,Fri,23,260,360,96
4320,2024-06-29,Sat,0,106,252,51
4321,2024-06-29,Sat,1,83,215,52
4322,2024-06-29,Sat,2,47,74,81
4323,2024-06-29,Sat,3,31,40,52
4324,2024-06-29,Sat,4,22,36,40
4325,2024-06-29,Sat,5,22,35,30
4326,2024-06-29,Sat,6,37,54,39
4327,2024-06-29,Sat,7,59,73,44
4328,2024-06-29,Sat,8,89,152,74
4329,2024-06-29,Sat,9,77,156,63
4330,2024-06-29,Sat,10,80,162,80
4331,2024-06-29,Sat,11,78,213,195
4332,2024-06-29,Sat,12,98,199,102
4333,2024-06-29,Sat,13,105,227,135
4334,2024-06-29,Sat,14,162,210,129
4335,2024-06-29,Sat,15,187,158,128
4336,2024-06-29,Sat,16,182,149,107
4337,2024-06-29,Sat,17,176,168,79
4338,2024-06-29,Sat,18,178,202,80
4339,2024-06-29,Sat,19,110,191,80
4340,2024-06-29,Sat,20,129,253,109
4341,2024-06-29,Sat,21,143,326,97
4342,2024-06-29,Sat,22,107,373,101
4343,2024-06-29,Sat,23,156,382,85
4344,2024-06-30,Sun,0,126,364,98
4345,2024-06-30,Sun,1,90,223,53
4346,2024-06-30,Sun,2,45,75,76
4347,2024-06-30,Sun,3,45,32,59
4348,2024-06-30,Sun,4,34,51,31
4349,2024-06-30,Sun,5,33,40,45
4350,2024-06-30,Sun,6,52,64,46
4351,2024-06-30,Sun,7,54,84,57
4352,2024-06-30,Sun,8,78,130,78
4353,2024-06-30,Sun,9,99,141,102
4354,2024-06-30,Sun,10,86,186,104
4355,2024-06-30,Sun,11,76,188,98
4356,2024-06-30,Sun,12,82,158,86
4357,2024-06-30,Sun,13,76,185,72
4358,2024-06-30,Sun,14,74,168,128
4359,2024-06-30,Sun,15,81,204,94
4360,2024-06-30,Sun,16,72,174,97
4361,2024-06-30,Sun,17,77,193,93
4362,2024-06-30,Sun,18,58,159,101
4363,2024-06-30,Sun,19,98,203,106
4364,2024-06-30,Sun,20,107,244,83
4365,2024-06-30,Sun,21,106,287,83
4366,2024-06-30,Sun,22,124,341,54
4367,2024-06-30,Sun,23,97,239,69
4368,2024-07-01,Mon,0,88,171,45
4369,2024-07-01,Mon,1,48,111,21
4370,2024-07-01,Mon,2,34,36,30
4371,2024-07-01,Mon,3,27,30,41
4372,2024-07-01,Mon,4,29,13,36
4373,2024-07-01,Mon,5,30,35,33
4374,2024-07-01,Mon,6,45,75,79
4375,2024-07-01,Mon,7,104,141,90
4376,2024-07-01,Mon,8,116,164,182
4377,2024-07-01,Mon,9,99,249,260
4378,2024-07-01,Mon,10,112,243,271
4379,2024-07-01,Mon,11,79,235,280
4380,2024-07-01,Mon,12,88,248,194
4381,2024-07-01,Mon,13,80,173,233
4382,2024-07-01,Mon,14,45,225,261
4383,2024-07-01,Mon,15,81,227,254
4384,2024-07-01,Mon,16,65,214,223
4385,2024-07-01,Mon,17,71,198,133
4386,2024-07-01,Mon,18,84,220,148
4387,2024-07-01,Mon,19,85,206,121
4388,2024-07-01,Mon,20,96,220,106
4389,2024-07-01,Mon,21,166,313,100
4390,2024-07-01,Mon,22,131,322,73
4391,2024-07-01,Mon,23,89,242,73
4392,2024-07-02,Tue,0,62,201,45
4393,2024-07-02,Tue,1,43,126,34
4394,2024-07-02,Tue,2,30,29,31
4395,2024-07-02,Tue,3,14,36,31
4396,2024-07-02,Tue,4,27,33,16
4397,2024-07-02,Tue,5,32,43,49
4398,2024-07-02,Tue,6,66,102,64
4399,2024-07-02,Tue,7,108,156,120
4400,2024-07-02,Tue,8,101,191,157
4401,2024-07-02,Tue,9,110,209,254
4402,2024-07-02,Tue,10,70,257,239
4403,2024-07-02,Tue,11,77,238,267
4404,2024-07-02,Tue,12,73,227,260
4405,2024-07-02,Tue,13,65,181,266
4406,2024-07-02,Tue,14,89,193,264
4407,2024-07-02,Tue,15,71,181,155
4408,2024-07-02,Tue,16,78,153,131
4409,2024-07-02,Tue,17,80,219,153
4410,2024-07-02,Tue,18,105,203,138
4411,2024-07-02,Tue,19,116,220,104
4412,2024-07-02,Tue,20,179,212,99
4413,2024-07-02,Tue,21,138,333,82
4414,2024-07-02,Tue,22,131,300,83
4415,2024-07-02,Tue,23,117,234,61
4416,2024-07-03,Wed,0,95,207,56
4417,2024-07-03,Wed,1,44,121,32
4418,2024-07-03,Wed,2,36,39,55
4419,2024-07-03,Wed,3,17,29,37
4420,2024-07-03,Wed,4,13,35,24
4421,2024-07-03,Wed,5,38,18,44
4422,2024-07-03,Wed,6,56,92,57
4423,2024-07-03,Wed,7,58,132,82
4424,2024-07-03,Wed,8,100,193,156
4425,2024-07-03,Wed,9,67,216,196
4426,2024-07-03,Wed,10,63,205,240
4427,2024-07-03,Wed,11,63,209,224
4428,2024-07-03,Wed,12,81,144,254
4429,2024-07-03,Wed,13,61,180,247
4430,2024-07-03,Wed,14,69,216,186
4431,2024-07-03,Wed,15,74,166,170
4432,2024-07-03,Wed,16,53,178,181
4433,2024-07-03,Wed,17,82,191,136
4434,2024-07-03,Wed,18,119,176,136
4435,2024-07-03,Wed,19,129,168,81
4436,2024-07-03,Wed,20,110,262,85
4437,2024-07-03,Wed,21,140,370,106
4438,2024-07-03,Wed,22,132,421,83
4439,2024-07-03,Wed,23,146,317,64
4440,2024-07-04,Thu,0,106,352,68
4441,2024-07-04,Thu,1,76,210,33
4442,2024-07-04,Thu,2,42,67,78
4443,2024-07-04,Thu,3,23,51,35
4444,2024-07-04,Thu,4,19,33,35
4445,2024-07-04,Thu,5,16,32,31
4446,2024-07-04,Thu,6,41,47,40
4447,2024-07-04,Thu,7,52,73,47
4448,2024-07-04,Thu,8,67,122,74
4449,2024-07-04,Thu,9,51,136,112
4450,2024-07-04,Thu,10,47,156,106
4451,2024-07-04,Thu,11,78,165,73
4452,2024-07-04,Thu,12,70,159,111
4453,2024-07-04,Thu,13,60,147,101
4454,2024-07-04,Thu,14,83,165,84
4455,2024-07-04,Thu,15,67,150,81
4456,2024-07-04,Thu,16,109,228,76
4457,2024-07-04,Thu,17,123,288,91
4458,2024-07-04,Thu,18,107,279,95
4459,2024-07-04,Thu,19,113,286,80
4460,2024-07-04,Thu,20,138,485,166
4461,2024-07-04,Thu,21,218,969,269
4462,2024-07-04,Thu,22,216,770,214
4463,2024-07-04,Thu,23,193,539,168
4464,2024-07-05,Fri,0,190,543,181
4465,2024-07-05,Fri,1,143,394,168
4466,2024-07-05,Fri,2,101,170,124
4467,2024-07-05,Fri,3,44,88,75
4468,2024-07-05,Fri,4,33,49,48
4469,2024-07-05,Fri,5,41,36,39
4470,2024-07-05,Fri,6,26,62,63
4471,2024-07-05,Fri,7,66,104,87
4472,2024-07-05,Fri,8,62,125,138
4473,2024-07-05,Fri,9,64,125,207
4474,2024-07-05,Fri,10,77,129,253
4475,2024-07-05,Fri,11,70,171,222
4476,2024-07-05,Fri,12,79,96,200
4477,2024-07-05,Fri,13,70,140,244
4478,2024-07-05,Fri,14,69,135,226
4479,2024-07-05,Fri,15,63,127,236
4480,2024-07-05,Fri,16,63,109,200
4481,2024-07-05,Fri,17,109,166,121
4482,2024-07-05,Fri,18,134,196,120
4483,2024-07-05,Fri,19,66,173,132
4484,2024-07-05,Fri,20,68,162,94
4485,2024-07-05,Fri,21,115,241,114
4486,2024-07-05,Fri,22,96,271,68
4487,2024-07-05,Fri,23,105,308,76
4488,2024-07-06,Sat,0,86,233,58
4489,2024-07-06,Sat,1,55,148,35
4490,2024-07-06,Sat,2,19,49,40
4491,2024-07-06,Sat,3,16,34,29
4492,2024-07-06,Sat,4,26,35,28
4493,2024-07-06,Sat,5,15,24,38
4494,2024-07-06,Sat,6,30,45,36
4495,2024-07-06,Sat,7,52,61,58
4496,2024-07-06,Sat,8,49,119,71
4497,2024-07-06,Sat,9,70,133,128
4498,2024-07-06,Sat,10,89,128,117
4499,2024-07-06,Sat,11,67,142,106
4500,2024-07-06,Sat,12,63,128,109
4501,2024-07-06,Sat,13,74,149,112
4502,2024-07-06,Sat,14,66,120,137
4503,2024-07-06,Sat,15,70,147,138
4504,2024-07-06,Sat,16,86,153,108
4505,2024-07-06,Sat,17,102,174,107
4506,2024-07-06,Sat,18,80,176,117
4507,2024-07-06,Sat,19,112,181,108
4508,2024-07-06,Sat,20,121,255,126
4509,2024-07-06,Sat,21,168,383,164
4510,2024-07-06,Sat,22,225,483,146
4511,2024-07-06,Sat,23,196,369,173
4512,2024-07-07,Sun,0,187,272,171
4513,2024-07-07,Sun,1,141,187,128
4514,2024-07-07,Sun,2,72,117,89
4515,2024-07-07,Sun,3,38,57,71
4516,2024-07-07,Sun,4,17,46,47
4517,2024-07-07,Sun,5,24,35,48
4518,2024-07-07,Sun,6,38,37,51
4519,2024-07-07,Sun,7,39,78,57
4520,2024-07-07,Sun,8,68,113,85
4521,2024-07-07,Sun,9,66,167,85
4522,2024-07-07,Sun,10,93,135,119
4523,2024-07-07,Sun,11,83,148,107
4524,2024-07-07,Sun,12,93,137,118
4525,2024-07-07,Sun,13,65,148,127
4526,2024-07-07,Sun,14,80,172,110
4527,2024-07-07,Sun,15,70,165,100
4528,2024-07-07,Sun,16,95,166,117
4529,2024-07-07,Sun,17,97,185,120
4530,2024-07-07,Sun,18,86,173,119
4531,2024-07-07,Sun,19,113,215,116
4532,2024-07-07,Sun,20,119,248,113
4533,2024-07-07,Sun,21,144,308,88
4534,2024-07-07,Sun,22,156,287,118
4535,2024-07-07,Sun,23,100,175,159
4536,2024-07-08,Mon,0,118,116,137
4537,2024-07-08,Mon,1,43,90,72
4538,2024-07-08,Mon,2,29,28,51
4539,2024-07-08,Mon,3,21,36,33
4540,2024-07-08,Mon,4,21,29,25
4541,2024-07-08,Mon,5,41,42,36
4542,2024-07-08,Mon,6,64,61,90
4543,2024-07-08,Mon,7,107,126,131
4544,2024-07-08,Mon,8,114,141,212
4545,2024-07-08,Mon,9,113,203,311
4546,2024-07-08,Mon,10,92,220,283
4547,2024-07-08,Mon,11,89,279,273
4548,2024-07-08,Mon,12,119,253,218
4549,2024-07-08,Mon,13,80,152,231
4550,2024-07-08,Mon,14,60,205,334
4551,2024-07-08,Mon,15,72,141,266
4552,2024-07-08,Mon,16,65,167,226
4553,2024-07-08,Mon,17,98,204,134
4554,2024-07-08,Mon,18,93,208,133
4555,2024-07-08,Mon,19,105,196,110
4556,2024-07-08,Mon,20,112,178,127
4557,2024-07-08,Mon,21,83,252,96
4558,2024-07-08,Mon,22,78,228,103
4559,2024-07-08,Mon,23,72,119,111
4560,2024-07-09,Tue,0,69,95,85
4561,2024-07-09,Tue,1,34,74,50
4562,2024-07-09,Tue,2,21,39,34
4563,2024-07-09,Tue,3,19,14,32
4564,2024-07-09,Tue,4,28,28,31
4565,2024-07-09,Tue,5,34,35,47
4566,2024-07-09,Tue,6,79,98,78
4567,2024-07-09,Tue,7,114,121,143
4568,2024-07-09,Tue,8,100,244,179
4569,2024-07-09,Tue,9,108,250,259
4570,2024-07-09,Tue,10,123,230,326
4571,2024-07-09,Tue,11,101,236,332
4572,2024-07-09,Tue,12,92,196,288
4573,2024-07-09,Tue,13,74,207,220
4574,2024-07-09,Tue,14,75,247,337
4575,2024-07-09,Tue,15,72,217,203
4576,2024-07-09,Tue,16,77,157,266
4577,2024-07-09,Tue,17,152,164,172
4578,2024-07-09,Tue,18,205,223,162
4579,2024-07-09,Tue,19,111,189,109
4580,2024-07-09,Tue,20,125,210,135
4581,2024-07-09,Tue,21,157,200,102
4582,2024-07-09,Tue,22,101,232,92
4583,2024-07-09,Tue,23,95,150,85
4584,2024-07-10,Wed,0,51,108,91
4585,2024-07-10,Wed,1,36,53,49
4586,2024-07-10,Wed,2,24,51,38
4587,2024-07-10,Wed,3,20,44,23
4588,2024-07-10,Wed,4,19,24,27
4589,2024-07-10,Wed,5,35,35,46
4590,2024-07-10,Wed,6,63,91,66
4591,2024-07-10,Wed,7,113,118,110
4592,2024-07-10,Wed,8,121,221,170
4593,2024-07-10,Wed,9,82,234,264
4594,2024-07-10,Wed,10,64,199,308
4595,2024-07-10,Wed,11,84,244,244
4596,2024-07-10,Wed,12,82,196,260
4597,2024-07-10,Wed,13,79,196,303
4598,2024-07-10,Wed,14,81,208,256
4599,2024-07-10,Wed,15,57,220,220
4600,2024-07-10,Wed,16,77,179,237
4601,2024-07-10,Wed,17,96,185,185
4602,2024-07-10,Wed,18,106,222,134
4603,2024-07-10,Wed,19,88,218,148
4604,2024-07-10,Wed,20,101,206,157
4605,2024-07-10,Wed,21,97,240,97
4606,2024-07-10,Wed,22,129,271,101
4607,2024-07-10,Wed,23,86,163,123
4608,2024-07-11,Thu,0,61,85,82
4609,2024-07-11,Thu,1,32,64,48
4610,2024-07-11,Thu,2,16,52,37
4611,2024-07-11,Thu,3,17,25,21
4612,2024-07-11,Thu,4,28,42,32
4613,2024-07-11,Thu,5,31,51,34
4614,2024-07-11,Thu,6,57,77,87
4615,2024-07-11,Thu,7,88,129,121
4616,2024-07-11,Thu,8,122,217,169
4617,2024-07-11,Thu,9,115,225,311
4618,2024-07-11,Thu,10,94,210,280
4619,2024-07-11,Thu,11,72,212,263
4620,2024-07-11,Thu,12,83,183,200
4621,2024-07-11,Thu,13,63,129,137
4622,2024-07-11,Thu,14,51,175,136
4623,2024-07-11,Thu,15,58,155,120
4624,2024-07-11,Thu,16,65,143,149
4625,2024-07-11,Thu,17,94,185,96
4626,2024-07-11,Thu,18,90,160,101
4627,2024-07-11,Thu,19,87,173,67
4628,2024-07-11,Thu,20,94,176,108
4629,2024-07-11,Thu,21,127,179,103
4630,2024-07-11,Thu,22,116,219,83
4631,2024-07-11,Thu,23,118,159,106
4632,2024-07-12,Fri,0,82,103,104
4633,2024-07-12,Fri,1,59,72,48
4634,2024-07-12,Fri,2,29,26,36
4635,2024-07-12,Fri,3,8,24,30
4636,2024-07-12,Fri,4,18,23,22
4637,2024-07-12,Fri,5,43,35,27
4638,2024-07-12,Fri,6,58,66,72
4639,2024-07-12,Fri,7,89,115,74
4640,2024-07-12,Fri,8,79,310,453
4641,2024-07-12,Fri,9,113,217,187
4642,2024-07-12,Fri,10,84,211,252
4643,2024-07-12,Fri,11,76,168,165
4644,2024-07-12,Fri,12,66,123,129
4645,2024-07-12,Fri,13,75,137,137
4646,2024-07-12,Fri,14,63,136,153
4647,2024-07-12,Fri,15,50,121,167
4648,2024-07-12,Fri,16,76,123,127
4649,2024-07-12,Fri,17,83,126,74
4650,2024-07-12,Fri,18,76,125,96
4651,2024-07-12,Fri,19,54,139,75
4652,2024-07-12,Fri,20,82,131,85
4653,2024-07-12,Fri,21,90,224,77
4654,2024-07-12,Fri,22,86,208,63
4655,2024-07-12,Fri,23,93,190,122
4656,2024-07-13,Sat,0,84,140,108
4657,2024-07-13,Sat,1,76,91,95
4658,2024-07-13,Sat,2,39,73,66
4659,2024-07-13,Sat,3,25,49,40
4660,2024-07-13,Sat,4,43,25,23
4661,2024-07-13,Sat,5,17,20,31
4662,2024-07-13,Sat,6,35,42,29
4663,2024-07-13,Sat,7,51,55,37
4664,2024-07-13,Sat,8,56,118,58
4665,2024-07-13,Sat,9,55,134,78
4666,2024-07-13,Sat,10,76,130,102
4667,2024-07-13,Sat,11,78,121,87
4668,2024-07-13,Sat,12,72,161,95
4669,2024-07-13,Sat,13,69,123,95
4670,2024-07-13,Sat,14,50,123,91
4671,2024-07-13,Sat,15,54,146,75
4672,2024-07-13,Sat,16,49,119,73
4673,2024-07-13,Sat,17,85,149,81
4674,2024-07-13,Sat,18,84,147,79
4675,2024-07-13,Sat,19,85,158,67
4676,2024-07-13,Sat,20,92,227,71
4677,2024-07-13,Sat,21,122,292,94
4678,2024-07-13,Sat,22,185,397,92
4679,2024-07-13,Sat,23,179,268,160
4680,2024-07-14,Sun,0,129,257,169
4681,2024-07-14,Sun,1,98,149,148
4682,2024-07-14,Sun,2,58,125,93
4683,2024-07-14,Sun,3,35,56,71
4684,2024-07-14,Sun,4,30,43,52
4685,2024-07-14,Sun,5,33,35,39
4686,2024-07-14,Sun,6,44,50,49
4687,2024-07-14,Sun,7,50,82,53
4688,2024-07-14,Sun,8,75,124,78
4689,2024-07-14,Sun,9,66,131,92
4690,2024-07-14,Sun,10,86,152,197
4691,2024-07-14,Sun,11,96,357,598
4692,2024-07-14,Sun,12,90,279,537
4693,2024-07-14,Sun,13,112,304,433
4694,2024-07-14,Sun,14,169,395,483
4695,2024-07-14,Sun,15,174,230,227
4696,2024-07-14,Sun,16,164,169,90
4697,2024-07-14,Sun,17,164,238,120
4698,2024-07-14,Sun,18,187,205,127
4699,2024-07-14,Sun,19,232,299,116
4700,2024-07-14,Sun,20,224,274,86
4701,2024-07-14,Sun,21,236,299,71
4702,2024-07-14,Sun,22,165,326,112
4703,2024-07-14,Sun,23,116,201,160
4704,2024-07-15,Mon,0,92,173,114
4705,2024-07-15,Mon,1,54,80,75
4706,2024-07-15,Mon,2,26,91,54
4707,2024-07-15,Mon,3,21,33,34
4708,2024-07-15,Mon,4,17,16,29
4709,2024-07-15,Mon,5,25,43,29
4710,2024-07-15,Mon,6,58,57,57
4711,2024-07-15,Mon,7,91,124,100
4712,2024-07-15,Mon,8,134,201,161
4713,2024-07-15,Mon,9,99,238,294
4714,2024-07-15,Mon,10,89,245,298
4715,2024-07-15,Mon,11,80,220,288
4716,2024-07-15,Mon,12,69,224,211
4717,2024-07-15,Mon,13,68,196,258
4718,2024-07-15,Mon,14,61,185,240
4719,2024-07-15,Mon,15,56,164,248
4720,2024-07-15,Mon,16,42,167,240
4721,2024-07-15,Mon,17,91,218,187
4722,2024-07-15,Mon,18,98,212,134
4723,2024-07-15,Mon,19,106,198,118
4724,2024-07-15,Mon,20,96,187,147
4725,2024-07-15,Mon,21,90,221,133
4726,2024-07-15,Mon,22,83,200,120
4727,2024-07-15,Mon,23,80,130,104
4728,2024-07-16,Tue,0,59,75,103
4729,2024-07-16,Tue,1,37,53,61
4730,2024-07-16,Tue,2,18,34,36
4731,2024-07-16,Tue,3,21,26,37
4732,2024-07-16,Tue,4,15,21,12
4733,2024-07-16,Tue,5,38,35,17
4734,2024-07-16,Tue,6,62,70,73
4735,2024-07-16,Tue,7,96,138,126
4736,2024-07-16,Tue,8,114,203,198
4737,2024-07-16,Tue,9,111,205,321
4738,2024-07-16,Tue,10,74,256,352
4739,2024-07-16,Tue,11,79,272,289
4740,2024-07-16,Tue,12,77,190,263
4741,2024-07-16,Tue,13,73,156,294
4742,2024-07-16,Tue,14,72,221,229
4743,2024-07-16,Tue,15,75,200,262
4744,2024-07-16,Tue,16,74,215,234
4745,2024-07-16,Tue,17,72,210,160
4746,2024-07-16,Tue,18,113,203,163
4747,2024-07-16,Tue,19,91,191,159
4748,2024-07-16,Tue,20,94,217,162
4749,2024-07-16,Tue,21,91,221,122
4750,2024-07-16,Tue,22,120,226,97
4751,2024-07-16,Tue,23,84,120,105
4752,2024-07-17,Wed,0,60,107,73
4753,2024-07-17,Wed,1,40,74,54
4754,2024-07-17,Wed,2,24,44,44
4755,2024-07-17,Wed,3,15,26,14
4756,2024-07-17,Wed,4,25,18,16
4757,2024-07-17,Wed,5,40,38,33
4758,2024-07-17,Wed,6,60,71,74
4759,2024-07-17,Wed,7,131,136,90
4760,2024-07-17,Wed,8,124,216,165
4761,2024-07-17,Wed,9,113,192,260
4762,2024-07-17,Wed,10,71,229,269
4763,2024-07-17,Wed,11,64,172,243
4764,2024-07-17,Wed,12,73,190,255
4765,2024-07-17,Wed,13,79,182,267
4766,2024-07-17,Wed,14,68,169,241
4767,2024-07-17,Wed,15,72,143,308
4768,2024-07-17,Wed,16,58,160,215
4769,2024-07-17,Wed,17,95,170,159
4770,2024-07-17,Wed,18,78,186,154
4771,2024-07-17,Wed,19,94,191,131
4772,2024-07-17,Wed,20,83,153,111
4773,2024-07-17,Wed,21,68,176,107
4774,2024-07-17,Wed,22,47,157,98
4775,2024-07-17,Wed,23,56,97,78
4776,2024-07-18,Thu,0,62,76,84
4777,2024-07-18,Thu,1,38,33,39
4778,2024-07-18,Thu,2,18,43,30
4779,2024-07-18,Thu,3,21,21,25
4780,2024-07-18,Thu,4,19,40,19
4781,2024-07-18,Thu,5,32,31,32
4782,2024-07-18,Thu,6,70,100,86
4783,2024-07-18,Thu,7,66,148,94
4784,2024-07-18,Thu,8,95,221,189
4785,2024-07-18,Thu,9,90,239,292
4786,2024-07-18,Thu,10,94,217,316
4787,2024-07-18,Thu,11,93,189,292
4788,2024-07-18,Thu,12,77,186,286
4789,2024-07-18,Thu,13,75,183,234
4790,2024-07-18,Thu,14,69,201,221
4791,2024-07-18,Thu,15,68,168,189
4792,2024-07-18,Thu,16,87,169,181
4793,2024-07-18,Thu,17,82,178,178
4794,2024-07-18,Thu,18,76,162,90
4795,2024-07-18,Thu,19,58,156,82
4796,2024-07-18,Thu,20,85,197,101
4797,2024-07-18,Thu,21,98,195,108
4798,2024-07-18,Thu,22,96,240,91
4799,2024-07-18,Thu,23,92,125,143
4800,2024-07-19,Fri,0,66,117,115
4801,2024-07-19,Fri,1,56,62,17
4802,2024-07-19,Fri,2,29,35,2
4803,2024-07-19,Fri,3,18,31,1
4804,2024-07-19,Fri,4,27,29,1
4805,2024-07-19,Fri,5,45,26,0
4806,2024-07-19,Fri,6,65,93,27
4807,2024-07-19,Fri,7,58,109,12
4808,2024-07-19,Fri,8,102,152,6
4809,2024-07-19,Fri,9,84,126,24
4810,2024-07-19,Fri,10,68,153,29
4811,2024-07-19,Fri,11,98,177,30
4812,2024-07-19,Fri,12,102,146,34
4813,2024-07-19,Fri,13,57,130,163
4814,2024-07-19,Fri,14,71,316,310
4815,2024-07-19,Fri,15,74,189,366
4816,2024-07-19,Fri,16,69,151,193
4817,2024-07-19,Fri,17,90,191,139
4818,2024-07-19,Fri,18,90,204,129
4819,2024-07-19,Fri,19,108,165,98
4820,2024-07-19,Fri,20,102,158,139
4821,2024-07-19,Fri,21,129,212,128
4822,2024-07-19,Fri,22,141,268,149
4823,2024-07-19,Fri,23,159,288,156
4824,2024-07-20,Sat,0,139,215,165
4825,2024-07-20,Sat,1,75,138,109
4826,2024-07-20,Sat,2,63,91,86
4827,2024-07-20,Sat,3,51,50,58
4828,2024-07-20,Sat,4,57,48,41
4829,2024-07-20,Sat,5,37,47,35
4830,2024-07-20,Sat,6,43,69,51
4831,2024-07-20,Sat,7,59,110,82
4832,2024-07-20,Sat,8,62,177,78
4833,2024-07-20,Sat,9,71,158,88
4834,2024-07-20,Sat,10,73,177,145
4835,2024-07-20,Sat,11,103,165,126
4836,2024-07-20,Sat,12,54,177,181
4837,2024-07-20,Sat,13,55,178,116
4838,2024-07-20,Sat,14,61,174,100
4839,2024-07-20,Sat,15,58,160,109
4840,2024-07-20,Sat,16,74,186,100
4841,2024-07-20,Sat,17,87,154,102
4842,2024-07-20,Sat,18,76,172,92
4843,2024-07-20,Sat,19,105,187,92
4844,2024-07-20,Sat,20,104,232,91
4845,2024-07-20,Sat,21,164,285,75
4846,2024-07-20,Sat,22,214,403,95
4847,2024-07-20,Sat,23,204,336,108
4848,2024-07-21,Sun,0,175,253,158
4849,2024-07-21,Sun,1,109,173,142
4850,2024-07-21,Sun,2,87,92,99
4851,2024-07-21,Sun,3,53,86,63
4852,2024-07-21,Sun,4,39,42,62
4853,2024-07-21,Sun,5,33,48,53
4854,2024-07-21,Sun,6,46,68,59
4855,2024-07-21,Sun,7,46,74,57
4856,2024-07-21,Sun,8,69,120,71
4857,2024-07-21,Sun,9,85,131,65
4858,2024-07-21,Sun,10,99,175,104
4859,2024-07-21,Sun,11,112,186,88
4860,2024-07-21,Sun,12,66,175,115
4861,2024-07-21,Sun,13,74,132,128
4862,2024-07-21,Sun,14,75,165,131
4863,2024-07-21,Sun,15,85,197,96
4864,2024-07-21,Sun,16,75,174,98
4865,2024-07-21,Sun,17,98,168,71
4866,2024-07-21,Sun,18,85,168,82
4867,2024-07-21,Sun,19,102,197,96
4868,2024-07-21,Sun,20,118,230,100
4869,2024-07-21,Sun,21,163,272,93
4870,2024-07-21,Sun,22,139,309,88
4871,2024-07-21,Sun,23,136,198,124
4872,2024-07-22,Mon,0,74,114,112
4873,2024-07-22,Mon,1,40,61,70
4874,2024-07-22,Mon,2,38,49,48
4875,2024-07-22,Mon,3,36,31,37
4876,2024-07-22,Mon,4,21,32,33
4877,2024-07-22,Mon,5,31,29,35
4878,2024-07-22,Mon,6,60,69,81
4879,2024-07-22,Mon,7,102,139,89
4880,2024-07-22,Mon,8,121,189,173
4881,2024-07-22,Mon,9,99,204,255
4882,2024-07-22,Mon,10,94,221,309
4883,2024-07-22,Mon,11,80,262,271
4884,2024-07-22,Mon,12,100,221,301
4885,2024-07-22,Mon,13,60,184,246
4886,2024-07-22,Mon,14,66,199,280
4887,2024-07-22,Mon,15,63,172,262
4888,2024-07-22,Mon,16,88,194,219
4889,2024-07-22,Mon,17,79,214,142
4890,2024-07-22,Mon,18,105,219,125
4891,2024-07-22,Mon,19,76,212,115
4892,2024-07-22,Mon,20,97,190,124
4893,2024-07-22,Mon,21,96,189,91
4894,2024-07-22,Mon,22,74,144,62
4895,2024-07-22,Mon,23,58,111,104
4896,2024-07-23,Tue,0,62,46,48
4897,2024-07-23,Tue,1,26,38,46
4898,2024-07-23,Tue,2,17,36,22
4899,2024-07-23,Tue,3,17,28,19
4900,2024-07-23,Tue,4,10,34,33
4901,2024-07-23,Tue,5,32,39,34
4902,2024-07-23,Tue,6,40,85,91
4903,2024-07-23,Tue,7,75,122,98
4904,2024-07-23,Tue,8,85,161,159
4905,2024-07-23,Tue,9,77,209,233
4906,2024-07-23,Tue,10,93,207,268
4907,2024-07-23,Tue,11,95,221,258
4908,2024-07-23,Tue,12,58,203,266
4909,2024-07-23,Tue,13,82,174,293
4910,2024-07-23,Tue,14,70,167,246
4911,2024-07-23,Tue,15,60,213,218
4912,2024-07-23,Tue,16,62,229,194
4913,2024-07-23,Tue,17,77,176,151
4914,2024-07-23,Tue,18,95,190,146
4915,2024-07-23,Tue,19,104,196,153
4916,2024-07-23,Tue,20,85,213,108
4917,2024-07-23,Tue,21,109,185,73
4918,2024-07-23,Tue,22,87,195,60
4919,2024-07-23,Tue,23,105,124,111
4920,2024-07-24,Wed,0,75,80,98
4921,2024-07-24,Wed,1,34,54,50
4922,2024-07-24,Wed,2,15,24,21
4923,2024-07-24,Wed,3,14,26,22
4924,2024-07-24,Wed,4,22,31,14
4925,2024-07-24,Wed,5,27,31,37
4926,2024-07-24,Wed,6,55,80,80
4927,2024-07-24,Wed,7,105,152,91
4928,2024-07-24,Wed,8,107,163,149
4929,2024-07-24,Wed,9,101,196,224
4930,2024-07-24,Wed,10,78,196,239
4931,2024-07-24,Wed,11,62,212,332
4932,2024-07-24,Wed,12,73,197,248
4933,2024-07-24,Wed,13,69,137,247
4934,2024-07-24,Wed,14,54,122,242
4935,2024-07-24,Wed,15,56,214,252
4936,2024-07-24,Wed,16,58,186,230
4937,2024-07-24,Wed,17,97,219,129
4938,2024-07-24,Wed,18,104,257,109
4939,2024-07-24,Wed,19,91,191,108
4940,2024-07-24,Wed,20,91,239,118
4941,2024-07-24,Wed,21,86,174,91
4942,2024-07-24,Wed,22,95,197,81
4943,2024-07-24,Wed,23,67,106,132
4944,2024-07-25,Thu,0,54,94,115
4945,2024-07-25,Thu,1,34,52,56
4946,2024-07-25,Thu,2,21,44,25
4947,2024-07-25,Thu,3,22,24,20
4948,2024-07-25,Thu,4,23,28,21
4949,2024-07-25,Thu,5,28,62,32
4950,2024-07-25,Thu,6,47,98,54
4951,2024-07-25,Thu,7,97,139,117
4952,2024-07-25,Thu,8,105,219,160
4953,2024-07-25,Thu,9,143,206,238
4954,2024-07-25,Thu,10,84,273,263
4955,2024-07-25,Thu,11,77,206,298
4956,2024-07-25,Thu,12,73,185,238
4957,2024-07-25,Thu,13,60,203,250
4958,2024-07-25,Thu,14,85,188,228
4959,2024-07-25,Thu,15,54,207,203
4960,2024-07-25,Thu,16,71,186,195
4961,2024-07-25,Thu,17,81,198,146
4962,2024-07-25,Thu,18,81,213,140
4963,2024-07-25,Thu,19,102,205,100
4964,2024-07-25,Thu,20,98,223,100
4965,2024-07-25,Thu,21,102,222,101
4966,2024-07-25,Thu,22,130,267,88
4967,2024-07-25,Thu,23,86,165,127
4968,2024-07-26,Fri,0,69,113,109
4969,2024-07-26,Fri,1,32,87,73
4970,2024-07-26,Fri,2,19,28,28
4971,2024-07-26,Fri,3,17,32,23
4972,2024-07-26,Fri,4,17,16,19
4973,2024-07-26,Fri,5,32,28,25
4974,2024-07-26,Fri,6,53,97,33
4975,2024-07-26,Fri,7,72,139,60
4976,2024-07-26,Fri,8,85,173,182
4977,2024-07-26,Fri,9,115,182,200
4978,2024-07-26,Fri,10,95,234,241
4979,2024-07-26,Fri,11,91,182,247
4980,2024-07-26,Fri,12,91,155,286
4981,2024-07-26,Fri,13,70,178,225
4982,2024-07-26,Fri,14,68,146,240
4983,2024-07-26,Fri,15,66,128,188
4984,2024-07-26,Fri,16,72,185,188
4985,2024-07-26,Fri,17,111,174,165
4986,2024-07-26,Fri,18,93,166,122
4987,2024-07-26,Fri,19,80,174,132
4988,2024-07-26,Fri,20,95,200,95
4989,2024-07-26,Fri,21,111,297,90
4990,2024-07-26,Fri,22,162,323,85
4991,2024-07-26,Fri,23,147,216,138
4992,2024-07-27,Sat,0,128,207,136
4993,2024-07-27,Sat,1,86,133,103
4994,2024-07-27,Sat,2,75,92,83
4995,2024-07-27,Sat,3,39,42,82
4996,2024-07-27,Sat,4,23,50,50
4997,2024-07-27,Sat,5,28,69,43
4998,2024-07-27,Sat,6,30,64,49
4999,2024-07-27,Sat,7,77,99,67
5000,2024-07-27,Sat,8,75,170,95
5001,2024-07-27,Sat,9,94,164,93
5002,2024-07-27,Sat,10,62,147,156
5003,2024-07-27,Sat,11,77,190,113
5004,2024-07-27,Sat,12,80,191,152
5005,2024-07-27,Sat,13,67,151,133
5006,2024-07-27,Sat,14,79,178,94
5007,2024-07-27,Sat,15,93,139,89
5008,2024-07-27,Sat,16,66,147,99
5009,2024-07-27,Sat,17,84,170,106
5010,2024-07-27,Sat,18,100,197,112
5011,2024-07-27,Sat,19,102,191,117
5012,2024-07-27,Sat,20,125,220,116
5013,2024-07-27,Sat,21,138,291,122
5014,2024-07-27,Sat,22,231,361,181
5015,2024-07-27,Sat,23,216,365,171
5016,2024-07-28,Sun,0,202,306,197
5017,2024-07-28,Sun,1,148,191,153
5018,2024-07-28,Sun,2,87,122,130
5019,2024-07-28,Sun,3,47,52,95
5020,2024-07-28,Sun,4,35,49,59
5021,2024-07-28,Sun,5,37,51,33
5022,2024-07-28,Sun,6,34,61,52
5023,2024-07-28,Sun,7,59,98,34
5024,2024-07-28,Sun,8,73,153,88
5025,2024-07-28,Sun,9,89,139,85
5026,2024-07-28,Sun,10,70,134,90
5027,2024-07-28,Sun,11,68,176,103
5028,2024-07-28,Sun,12,78,168,126
5029,2024-07-28,Sun,13,77,166,97
5030,2024-07-28,Sun,14,82,153,108
5031,2024-07-28,Sun,15,74,162,101
5032,2024-07-28,Sun,16,104,165,111
5033,2024-07-28,Sun,17,97,223,121
5034,2024-07-28,Sun,18,126,252,91
5035,2024-07-28,Sun,19,188,249,92
5036,2024-07-28,Sun,20,187,277,105
5037,2024-07-28,Sun,21,177,377,90
5038,2024-07-28,Sun,22,213,328,114
5039,2024-07-28,Sun,23,193,227,171
5040,2024-07-29,Mon,0,107,160,157
5041,2024-07-29,Mon,1,73,112,73
5042,2024-07-29,Mon,2,20,50,33
5043,2024-07-29,Mon,3,17,39,30
5044,2024-07-29,Mon,4,36,36,28
5045,2024-07-29,Mon,5,34,43,48
5046,2024-07-29,Mon,6,63,73,54
5047,2024-07-29,Mon,7,103,142,120
5048,2024-07-29,Mon,8,122,154,145
5049,2024-07-29,Mon,9,116,194,266
5050,2024-07-29,Mon,10,86,210,337
5051,2024-07-29,Mon,11,106,255,315
5052,2024-07-29,Mon,12,91,255,261
5053,2024-07-29,Mon,13,62,168,329
5054,2024-07-29,Mon,14,61,147,252
5055,2024-07-29,Mon,15,101,216,284
5056,2024-07-29,Mon,16,71,185,231
5057,2024-07-29,Mon,17,105,200,162
5058,2024-07-29,Mon,18,113,183,174
5059,2024-07-29,Mon,19,100,159,122
5060,2024-07-29,Mon,20,81,163,127
5061,2024-07-29,Mon,21,123,179,66
5062,2024-07-29,Mon,22,112,194,91
5063,2024-07-29,Mon,23,76,133,111
5064,2024-07-30,Tue,0,56,111,61
5065,2024-07-30,Tue,1,27,50,56
5066,2024-07-30,Tue,2,23,33,29
5067,2024-07-30,Tue,3,15,34,20
5068,2024-07-30,Tue,4,19,25,29
5069,2024-07-30,Tue,5,23,31,34
5070,2024-07-30,Tue,6,50,73,53
5071,2024-07-30,Tue,7,104,115,86
5072,2024-07-30,Tue,8,110,169,244
5073,2024-07-30,Tue,9,123,150,249
5074,2024-07-30,Tue,10,82,272,385
5075,2024-07-30,Tue,11,95,245,247
5076,2024-07-30,Tue,12,72,221,308
5077,2024-07-30,Tue,13,50,202,308
5078,2024-07-30,Tue,14,50,153,256
5079,2024-07-30,Tue,15,53,220,197
5080,2024-07-30,Tue,16,79,175,188
5081,2024-07-30,Tue,17,98,226,219
5082,2024-07-30,Tue,18,84,212,148
5083,2024-07-30,Tue,19,83,190,122
5084,2024-07-30,Tue,20,102,177,120
5085,2024-07-30,Tue,21,88,247,104
5086,2024-07-30,Tue,22,72,212,53
5087,2024-07-30,Tue,23,84,163,84
5088,2024-07-31,Wed,0,105,110,65
5089,2024-07-31,Wed,1,99,37,58
5090,2024-07-31,Wed,2,94,42,34
5091,2024-07-31,Wed,3,101,37,13
5092,2024-07-31,Wed,4,108,40,11
5093,2024-07-31,Wed,5,123,35,28
5094,2024-07-31,Wed,6,128,70,55
5095,2024-07-31,Wed,7,164,147,101
5096,2024-07-31,Wed,8,178,182,147
5097,2024-07-31,Wed,9,197,203,210
5098,2024-07-31,Wed,10,169,235,290
5099,2024-07-31,Wed,11,171,203,308
5100,2024-07-31,Wed,12,94,248,213
5101,2024-07-31,Wed,13,70,213,244
5102,2024-07-31,Wed,14,91,181,257
5103,2024-07-31,Wed,15,60,178,242
5104,2024-07-31,Wed,16,64,206,229
5105,2024-07-31,Wed,17,89,172,130
5106,2024-07-31,Wed,18,120,207,141
5107,2024-07-31,Wed,19,83,186,133
5108,2024-07-31,Wed,20,80,201,141
5109,2024-07-31,Wed,21,103,196,101
5110,2024-07-31,Wed,22,74,184,89
5111,2024-07-31,Wed,23,95,134,111
5112,2024-08-01,Thu,0,67,75,108
5113,2024-08-01,Thu,1,32,68,58
5114,2024-08-01,Thu,2,28,33,35
5115,2024-08-01,Thu,3,24,20,15
5116,2024-08-01,Thu,4,25,22,16
5117,2024-08-01,Thu,5,41,19,32
5118,2024-08-01,Thu,6,62,102,60
5119,2024-08-01,Thu,7,78,157,104
5120,2024-08-01,Thu,8,131,205,220
5121,2024-08-01,Thu,9,133,206,201
5122,2024-08-01,Thu,10,88,217,223
5123,2024-08-01,Thu,11,85,192,226
5124,2024-08-01,Thu,12,93,249,268
5125,2024-08-01,Thu,13,65,165,191
5126,2024-08-01,Thu,14,57,156,216
5127,2024-08-01,Thu,15,74,167,196
5128,2024-08-01,Thu,16,63,170,212
5129,2024-08-01,Thu,17,84,159,143
5130,2024-08-01,Thu,18,84,199,165
5131,2024-08-01,Thu,19,88,155,139
5132,2024-08-01,Thu,20,96,192,97
5133,2024-08-01,Thu,21,115,189,95
5134,2024-08-01,Thu,22,119,208,108
5135,2024-08-01,Thu,23,62,145,92
5136,2024-08-02,Fri,0,67,86,72
5137,2024-08-02,Fri,1,43,64,52
5138,2024-08-02,Fri,2,47,41,23
5139,2024-08-02,Fri,3,18,15,26
5140,2024-08-02,Fri,4,22,18,22
5141,2024-08-02,Fri,5,36,38,28
5142,2024-08-02,Fri,6,42,82,73
5143,2024-08-02,Fri,7,73,150,110
5144,2024-08-02,Fri,8,106,190,157
5145,2024-08-02,Fri,9,85,231,202
5146,2024-08-02,Fri,10,64,229,273
5147,2024-08-02,Fri,11,97,194,228
5148,2024-08-02,Fri,12,82,185,241
5149,2024-08-02,Fri,13,82,191,248
5150,2024-08-02,Fri,14,75,165,203
5151,2024-08-02,Fri,15,66,174,235
5152,2024-08-02,Fri,16,46,178,189
5153,2024-08-02,Fri,17,77,196,148
5154,2024-08-02,Fri,18,75,157,93
5155,2024-08-02,Fri,19,67,114,146
5156,2024-08-02,Fri,20,87,173,122
5157,2024-08-02,Fri,21,88,166,101
5158,2024-08-02,Fri,22,99,234,66
5159,2024-08-02,Fri,23,100,156,76
5160,2024-08-03,Sat,0,108,142,122
5161,2024-08-03,Sat,1,67,98,71
5162,2024-08-03,Sat,2,29,76,45
5163,2024-08-03,Sat,3,35,34,42
5164,2024-08-03,Sat,4,29,35,25
5165,2024-08-03,Sat,5,28,19,23
5166,2024-08-03,Sat,6,40,43,36
5167,2024-08-03,Sat,7,52,102,45
5168,2024-08-03,Sat,8,56,142,40
5169,2024-08-03,Sat,9,71,158,54
5170,2024-08-03,Sat,10,100,232,143
5171,2024-08-03,Sat,11,85,160,84
5172,2024-08-03,Sat,12,78,170,69
5173,2024-08-03,Sat,13,75,143,69
5174,2024-08-03,Sat,14,81,194,124
5175,2024-08-03,Sat,15,72,147,120
5176,2024-08-03,Sat,16,115,166,100
5177,2024-08-03,Sat,17,153,160,92
5178,2024-08-03,Sat,18,147,146,72
5179,2024-08-03,Sat,19,66,165,90
5180,2024-08-03,Sat,20,42,138,71
5181,2024-08-03,Sat,21,130,193,68
5182,2024-08-03,Sat,22,218,350,151
5183,2024-08-03,Sat,23,212,206,103
5184,2024-08-04,Sun,0,181,167,133
5185,2024-08-04,Sun,1,68,123,110
5186,2024-08-04,Sun,2,51,80,63
5187,2024-08-04,Sun,3,41,71,53
5188,2024-08-04,Sun,4,22,33,45
5189,2024-08-04,Sun,5,33,19,51
5190,2024-08-04,Sun,6,51,45,40
5191,2024-08-04,Sun,7,44,78,42
5192,2024-08-04,Sun,8,69,145,66
5193,2024-08-04,Sun,9,95,166,84
5194,2024-08-04,Sun,10,98,173,94
5195,2024-08-04,Sun,11,91,167,80
5196,2024-08-04,Sun,12,83,179,107
5197,2024-08-04,Sun,13,89,164,98
5198,2024-08-04,Sun,14,84,200,111
5199,2024-08-04,Sun,15,61,166,123
5200,2024-08-04,Sun,16,63,180,85
5201,2024-08-04,Sun,17,67,188,206
5202,2024-08-04,Sun,18,112,248,175
5203,2024-08-04,Sun,19,123,190,67
5204,2024-08-04,Sun,20,92,195,57
5205,2024-08-04,Sun,21,114,237,50
5206,2024-08-04,Sun,22,119,264,77
5207,2024-08-04,Sun,23,84,167,132
5208,2024-08-05,Mon,0,67,96,105
5209,2024-08-05,Mon,1,48,67,59
5210,2024-08-05,Mon,2,44,66,54
5211,2024-08-05,Mon,3,16,29,21
5212,2024-08-05,Mon,4,25,19,15
5213,2024-08-05,Mon,5,37,23,30
5214,2024-08-05,Mon,6,46,55,79
5215,2024-08-05,Mon,7,85,174,125
5216,2024-08-05,Mon,8,113,162,212
5217,2024-08-05,Mon,9,107,233,254
5218,2024-08-05,Mon,10,72,196,264
5219,2024-08-05,Mon,11,93,238,238
5220,2024-08-05,Mon,12,86,222,242
5221,2024-08-05,Mon,13,99,254,264
5222,2024-08-05,Mon,14,152,288,403
5223,2024-08-05,Mon,15,160,218,300
5224,2024-08-05,Mon,16,181,225,159
5225,2024-08-05,Mon,17,157,207,132
5226,2024-08-05,Mon,18,93,205,141
5227,2024-08-05,Mon,19,128,177,118
5228,2024-08-05,Mon,20,118,203,124
5229,2024-08-05,Mon,21,120,254,112
5230,2024-08-05,Mon,22,68,239,72
5231,2024-08-05,Mon,23,140,141,84
5232,2024-08-06,Tue,0,137,96,110
5233,2024-08-06,Tue,1,102,46,44
5234,2024-08-06,Tue,2,28,65,24
5235,2024-08-06,Tue,3,17,35,29
5236,2024-08-06,Tue,4,16,44,40
5237,2024-08-06,Tue,5,30,49,24
5238,2024-08-06,Tue,6,79,81,73
5239,2024-08-06,Tue,7,89,130,91
5240,2024-08-06,Tue,8,153,199,166
5241,2024-08-06,Tue,9,128,236,304
5242,2024-08-06,Tue,10,78,228,279
5243,2024-08-06,Tue,11,107,202,268
5244,2024-08-06,Tue,12,61,244,372
5245,2024-08-06,Tue,13,97,205,220
5246,2024-08-06,Tue,14,87,245,243
5247,2024-08-06,Tue,15,59,234,231
5248,2024-08-06,Tue,16,77,167,203
5249,2024-08-06,Tue,17,79,213,208
5250,2024-08-06,Tue,18,48,173,168
5251,2024-08-06,Tue,19,53,147,162
5252,2024-08-06,Tue,20,61,115,114
5253,2024-08-06,Tue,21,47,157,116
5254,2024-08-06,Tue,22,49,133,87
5255,2024-08-06,Tue,23,33,110,112
5256,2024-08-07,Wed,0,34,63,57
5257,2024-08-07,Wed,1,15,37,51
5258,2024-08-07,Wed,2,26,40,28
5259,2024-08-07,Wed,3,24,35,18
5260,2024-08-07,Wed,4,16,18,31
5261,2024-08-07,Wed,5,24,24,32
5262,2024-08-07,Wed,6,45,82,73
5263,2024-08-07,Wed,7,121,117,94
5264,2024-08-07,Wed,8,86,181,178
5265,2024-08-07,Wed,9,66,233,232
5266,2024-08-07,Wed,10,91,223,257
5267,2024-08-07,Wed,11,93,224,248
5268,2024-08-07,Wed,12,66,158,290
5269,2024-08-07,Wed,13,74,177,275
5270,2024-08-07,Wed,14,76,140,230
5271,2024-08-07,Wed,15,39,154,251
5272,2024-08-07,Wed,16,57,171,211
5273,2024-08-07,Wed,17,83,209,191
5274,2024-08-07,Wed,18,92,207,190
5275,2024-08-07,Wed,19,57,172,125
5276,2024-08-07,Wed,20,73,151,98
5277,2024-08-07,Wed,21,83,168,63
5278,2024-08-07,Wed,22,73,208,63
5279,2024-08-07,Wed,23,48,124,117
5280,2024-08-08,Thu,0,41,91,96
5281,2024-08-08,Thu,1,43,72,53
5282,2024-08-08,Thu,2,14,34,40
5283,2024-08-08,Thu,3,12,24,28
5284,2024-08-08,Thu,4,21,22,25
5285,2024-08-08,Thu,5,29,9,59
5286,2024-08-08,Thu,6,55,76,68
5287,2024-08-08,Thu,7,60,156,76
5288,2024-08-08,Thu,8,113,211,152
5289,2024-08-08,Thu,9,96,207,217
5290,2024-08-08,Thu,10,78,217,250
5291,2024-08-08,Thu,11,62,179,255
5292,2024-08-08,Thu,12,65,168,250
5293,2024-08-08,Thu,13,42,179,252
5294,2024-08-08,Thu,14,54,187,242
5295,2024-08-08,Thu,15,85,213,231
5296,2024-08-08,Thu,16,68,164,155
5297,2024-08-08,Thu,17,57,140,171
5298,2024-08-08,Thu,18,71,174,121
5299,2024-08-08,Thu,19,67,141,94
5300,2024-08-08,Thu,20,68,121,82
5301,2024-08-08,Thu,21,72,133,92
5302,2024-08-08,Thu,22,56,149,66
5303,2024-08-08,Thu,23,55,105,91
5304,2024-08-09,Fri,0,52,83,64
5305,2024-08-09,Fri,1,29,81,65
5306,2024-08-09,Fri,2,21,63,32
5307,2024-08-09,Fri,3,16,34,35
5308,2024-08-09,Fri,4,17,30,17
5309,2024-08-09,Fri,5,28,49,27
5310,2024-08-09,Fri,6,53,74,50
5311,2024-08-09,Fri,7,76,135,74
5312,2024-08-09,Fri,8,90,195,171
5313,2024-08-09,Fri,9,87,219,247
5314,2024-08-09,Fri,10,82,275,296
5315,2024-08-09,Fri,11,72,246,265
5316,2024-08-09,Fri,12,97,216,375
5317,2024-08-09,Fri,13,86,205,362
5318,2024-08-09,Fri,14,77,203,294
5319,2024-08-09,Fri,15,92,237,302
5320,2024-08-09,Fri,16,86,216,242
5321,2024-08-09,Fri,17,78,245,195
5322,2024-08-09,Fri,18,75,240,137
5323,2024-08-09,Fri,19,72,206,125
5324,2024-08-09,Fri,20,77,163,96
5325,2024-08-09,Fri,21,83,179,65
5326,2024-08-09,Fri,22,91,169,60
5327,2024-08-09,Fri,23,87,133,91
5328,2024-08-10,Sat,0,82,108,89
5329,2024-08-10,Sat,1,49,72,78
5330,2024-08-10,Sat,2,29,45,61
5331,2024-08-10,Sat,3,51,60,43
5332,2024-08-10,Sat,4,19,40,18
5333,2024-08-10,Sat,5,14,21,30
5334,2024-08-10,Sat,6,47,48,45
5335,2024-08-10,Sat,7,59,78,66
5336,2024-08-10,Sat,8,59,140,90
5337,2024-08-10,Sat,9,78,214,124
5338,2024-08-10,Sat,10,80,217,117
5339,2024-08-10,Sat,11,78,167,125
5340,2024-08-10,Sat,12,62,198,159
5341,2024-08-10,Sat,13,75,178,163
5342,2024-08-10,Sat,14,69,171,110
5343,2024-08-10,Sat,15,75,220,86
5344,2024-08-10,Sat,16,70,139,97
5345,2024-08-10,Sat,17,68,184,67
5346,2024-08-10,Sat,18,75,203,86
5347,2024-08-10,Sat,19,97,191,87
5348,2024-08-10,Sat,20,147,210,93
5349,2024-08-10,Sat,21,242,292,76
5350,2024-08-10,Sat,22,281,379,131
5351,2024-08-10,Sat,23,282,327,152
5352,2024-08-11,Sun,0,246,306,172
5353,2024-08-11,Sun,1,171,148,158
5354,2024-08-11,Sun,2,74,105,97
5355,2024-08-11,Sun,3,52,77,91
5356,2024-08-11,Sun,4,51,56,46
5357,2024-08-11,Sun,5,25,33,36
5358,2024-08-11,Sun,6,52,32,24
5359,2024-08-11,Sun,7,67,99,36
5360,2024-08-11,Sun,8,68,121,81
5361,2024-08-11,Sun,9,148,143,54
5362,2024-08-11,Sun,10,154,166,115
5363,2024-08-11,Sun,11,178,225,98
5364,2024-08-11,Sun,12,125,170,91
5365,2024-08-11,Sun,13,105,181,123
5366,2024-08-11,Sun,14,88,173,92
5367,2024-08-11,Sun,15,82,209,99
5368,2024-08-11,Sun,16,104,196,105
5369,2024-08-11,Sun,17,90,173,82
5370,2024-08-11,Sun,18,96,237,111
5371,2024-08-11,Sun,19,134,263,81
5372,2024-08-11,Sun,20,143,345,90
5373,2024-08-11,Sun,21,145,375,62
5374,2024-08-11,Sun,22,149,338,88
5375,2024-08-11,Sun,23,126,182,136
5376,2024-08-12,Mon,0,92,120,114
5377,2024-08-12,Mon,1,57,92,64
5378,2024-08-12,Mon,2,46,52,33
5379,2024-08-12,Mon,3,16,59,39
5380,2024-08-12,Mon,4,35,39,38
5381,2024-08-12,Mon,5,33,72,37
5382,2024-08-12,Mon,6,67,75,61
5383,2024-08-12,Mon,7,87,128,101
5384,2024-08-12,Mon,8,114,188,159
5385,2024-08-12,Mon,9,128,209,306
5386,2024-08-12,Mon,10,80,242,305
5387,2024-08-12,Mon,11,69,262,243
5388,2024-08-12,Mon,12,88,235,248
5389,2024-08-12,Mon,13,71,228,283
5390,2024-08-12,Mon,14,67,197,242
5391,2024-08-12,Mon,15,53,263,213
5392,2024-08-12,Mon,16,44,196,201
5393,2024-08-12,Mon,17,97,217,166
5394,2024-08-12,Mon,18,63,218,147
5395,2024-08-12,Mon,19,80,179,89
5396,2024-08-12,Mon,20,90,153,86
5397,2024-08-12,Mon,21,90,208,93
5398,2024-08-12,Mon,22,102,260,76
5399,2024-08-12,Mon,23,68,93,99
5400,2024-08-13,Tue,0,59,96,78
5401,2024-08-13,Tue,1,28,61,64
5402,2024-08-13,Tue,2,19,49,30
5403,2024-08-13,Tue,3,14,19,8
5404,2024-08-13,Tue,4,18,31,11
5405,2024-08-13,Tue,5,35,36,23
5406,2024-08-13,Tue,6,66,76,46
5407,2024-08-13,Tue,7,118,130,78
5408,2024-08-13,Tue,8,127,193,161
5409,2024-08-13,Tue,9,90,186,290
5410,2024-08-13,Tue,10,67,269,268
5411,2024-08-13,Tue,11,63,195,258
5412,2024-08-13,Tue,12,71,279,268
5413,2024-08-13,Tue,13,73,224,239
5414,2024-08-13,Tue,14,59,171,193
5415,2024-08-13,Tue,15,70,178,171
5416,2024-08-13,Tue,16,78,181,185
5417,2024-08-13,Tue,17,71,164,204
5418,2024-08-13,Tue,18,94,210,182
5419,2024-08-13,Tue,19,78,218,131
5420,2024-08-13,Tue,20,105,236,111
5421,2024-08-13,Tue,21,104,240,100
5422,2024-08-13,Tue,22,111,242,62
5423,2024-08-13,Tue,23,79,155,109
5424,2024-08-14,Wed,0,44,98,96
5425,2024-08-14,Wed,1,36,58,57
5426,2024-08-14,Wed,2,23,46,41
5427,2024-08-14,Wed,3,23,28,22
5428,2024-08-14,Wed,4,10,26,35
5429,2024-08-14,Wed,5,32,26,30
5430,2024-08-14,Wed,6,60,72,55
5431,2024-08-14,Wed,7,90,121,71
5432,2024-08-14,Wed,8,95,218,135
5433,2024-08-14,Wed,9,88,253,225
5434,2024-08-14,Wed,10,76,272,264
5435,2024-08-14,Wed,11,77,236,267
5436,2024-08-14,Wed,12,71,228,253
5437,2024-08-14,Wed,13,76,214,206
5438,2024-08-14,Wed,14,65,210,263
5439,2024-08-14,Wed,15,50,194,265
5440,2024-08-14,Wed,16,58,167,189
5441,2024-08-14,Wed,17,83,178,154
5442,2024-08-14,Wed,18,87,173,128
5443,2024-08-14,Wed,19,73,193,133
5444,2024-08-14,Wed,20,87,212,106
5445,2024-08-14,Wed,21,93,233,96
5446,2024-08-14,Wed,22,103,257,94
5447,2024-08-14,Wed,23,106,162,80
5448,2024-08-15,Thu,0,53,83,97
5449,2024-08-15,Thu,1,42,55,47
5450,2024-08-15,Thu,2,17,39,17
5451,2024-08-15,Thu,3,15,28,24
5452,2024-08-15,Thu,4,22,19,22
5453,2024-08-15,Thu,5,38,33,36
5454,2024-08-15,Thu,6,68,62,48
5455,2024-08-15,Thu,7,75,142,80
5456,2024-08-15,Thu,8,83,192,150
5457,2024-08-15,Thu,9,103,203,224
5458,2024-08-15,Thu,10,88,195,222
5459,2024-08-15,Thu,11,84,201,275
5460,2024-08-15,Thu,12,74,191,235
5461,2024-08-15,Thu,13,66,165,248
5462,2024-08-15,Thu,14,67,184,195
5463,2024-08-15,Thu,15,51,180,240
5464,2024-08-15,Thu,16,50,184,199
5465,2024-08-15,Thu,17,76,188,158
5466,2024-08-15,Thu,18,84,230,112
5467,2024-08-15,Thu,19,99,181,120
5468,2024-08-15,Thu,20,134,208,106
5469,2024-08-15,Thu,21,109,225,75
5470,2024-08-15,Thu,22,118,208,69
5471,2024-08-15,Thu,23,82,157,109
5472,2024-08-16,Fri,0,65,130,98
5473,2024-08-16,Fri,1,63,86,77
5474,2024-08-16,Fri,2,24,85,36
5475,2024-08-16,Fri,3,21,30,33
5476,2024-08-16,Fri,4,31,19,21
5477,2024-08-16,Fri,5,20,16,36
5478,2024-08-16,Fri,6,44,68,58
5479,2024-08-16,Fri,7,112,143,80
5480,2024-08-16,Fri,8,96,215,166
5481,2024-08-16,Fri,9,106,188,275
5482,2024-08-16,Fri,10,79,187,254
5483,2024-08-16,Fri,11,88,200,287
5484,2024-08-16,Fri,12,66,219,243
5485,2024-08-16,Fri,13,70,177,223
5486,2024-08-16,Fri,14,71,174,203
5487,2024-08-16,Fri,15,49,171,207
5488,2024-08-16,Fri,16,82,191,205
5489,2024-08-16,Fri,17,71,186,154
5490,2024-08-16,Fri,18,67,165,137
5491,2024-08-16,Fri,19,105,145,124
5492,2024-08-16,Fri,20,101,178,94
5493,2024-08-16,Fri,21,112,239,82
5494,2024-08-16,Fri,22,141,346,75
5495,2024-08-16,Fri,23,125,200,99
5496,2024-08-17,Sat,0,107,207,150
5497,2024-08-17,Sat,1,115,123,137
5498,2024-08-17,Sat,2,51,91,95
5499,2024-08-17,Sat,3,30,50,64
5500,2024-08-17,Sat,4,18,43,25
5501,2024-08-17,Sat,5,17,34,34
5502,2024-08-17,Sat,6,51,70,31
5503,2024-08-17,Sat,7,53,110,65
5504,2024-08-17,Sat,8,76,153,73
5505,2024-08-17,Sat,9,84,173,85
5506,2024-08-17,Sat,10,73,156,132
5507,2024-08-17,Sat,11,112,169,101
5508,2024-08-17,Sat,12,88,161,105
5509,2024-08-17,Sat,13,77,158,96
5510,2024-08-17,Sat,14,100,170,124
5511,2024-08-17,Sat,15,92,159,112
5512,2024-08-17,Sat,16,82,139,97
5513,2024-08-17,Sat,17,61,172,92
5514,2024-08-17,Sat,18,91,140,67
5515,2024-08-17,Sat,19,95,163,77
5516,2024-08-17,Sat,20,113,241,69
5517,2024-08-17,Sat,21,137,271,77
5518,2024-08-17,Sat,22,173,376,91
5519,2024-08-17,Sat,23,175,245,103
5520,2024-08-18,Sun,0,164,245,186
5521,2024-08-18,Sun,1,98,183,171
5522,2024-08-18,Sun,2,60,90,103
5523,2024-08-18,Sun,3,58,49,68
5524,2024-08-18,Sun,4,14,27,31
5525,2024-08-18,Sun,5,17,30,31
5526,2024-08-18,Sun,6,26,45,28
5527,2024-08-18,Sun,7,33,69,34
5528,2024-08-18,Sun,8,36,87,68
5529,2024-08-18,Sun,9,57,131,60
5530,2024-08-18,Sun,10,83,137,92
5531,2024-08-18,Sun,11,62,141,57
5532,2024-08-18,Sun,12,90,195,105
5533,2024-08-18,Sun,13,88,167,125
5534,2024-08-18,Sun,14,70,156,113
5535,2024-08-18,Sun,15,93,151,96
5536,2024-08-18,Sun,16,80,148,82
5537,2024-08-18,Sun,17,83,227,94
5538,2024-08-18,Sun,18,76,176,89
5539,2024-08-18,Sun,19,66,172,92
5540,2024-08-18,Sun,20,63,166,143
5541,2024-08-18,Sun,21,80,183,97
5542,2024-08-18,Sun,22,93,214,120
5543,2024-08-18,Sun,23,76,103,94
5544,2024-08-19,Mon,0,59,83,78
5545,2024-08-19,Mon,1,30,68,68
5546,2024-08-19,Mon,2,22,29,34
5547,2024-08-19,Mon,3,17,21,19
5548,2024-08-19,Mon,4,35,39,7
5549,2024-08-19,Mon,5,27,39,37
5550,2024-08-19,Mon,6,51,53,81
5551,2024-08-19,Mon,7,103,138,102
5552,2024-08-19,Mon,8,109,190,172
5553,2024-08-19,Mon,9,112,214,293
5554,2024-08-19,Mon,10,72,243,291
5555,2024-08-19,Mon,11,80,246,291
5556,2024-08-19,Mon,12,61,252,275
5557,2024-08-19,Mon,13,72,185,202
5558,2024-08-19,Mon,14,69,154,302
5559,2024-08-19,Mon,15,69,193,259
5560,2024-08-19,Mon,16,61,175,234
5561,2024-08-19,Mon,17,72,216,174
5562,2024-08-19,Mon,18,79,215,164
5563,2024-08-19,Mon,19,100,169,90
5564,2024-08-19,Mon,20,74,201,107
5565,2024-08-19,Mon,21,80,205,77
5566,2024-08-19,Mon,22,102,250,84
5567,2024-08-19,Mon,23,55,102,90
5568,2024-08-20,Tue,0,54,91,67
5569,2024-08-20,Tue,1,35,71,76
5570,2024-08-20,Tue,2,16,35,33
5571,2024-08-20,Tue,3,21,45,17
5572,2024-08-20,Tue,4,17,27,23
5573,2024-08-20,Tue,5,27,44,28
5574,2024-08-20,Tue,6,60,44,33
5575,2024-08-20,Tue,7,98,108,94
5576,2024-08-20,Tue,8,115,204,183
5577,2024-08-20,Tue,9,98,180,231
5578,2024-08-20,Tue,10,69,251,321
5579,2024-08-20,Tue,11,79,218,338
5580,2024-08-20,Tue,12,68,202,320
5581,2024-08-20,Tue,13,87,186,299
5582,2024-08-20,Tue,14,54,181,218
5583,2024-08-20,Tue,15,74,164,248
5584,2024-08-20,Tue,16,69,182,187
5585,2024-08-20,Tue,17,75,185,171
5586,2024-08-20,Tue,18,93,169,121
5587,2024-08-20,Tue,19,88,180,109
5588,2024-08-20,Tue,20,81,256,77
5589,2024-08-20,Tue,21,94,247,76
5590,2024-08-20,Tue,22,103,203,73
5591,2024-08-20,Tue,23,70,123,86
5592,2024-08-21,Wed,0,57,99,84
5593,2024-08-21,Wed,1,35,54,41
5594,2024-08-21,Wed,2,20,34,26
5595,2024-08-21,Wed,3,24,22,23
5596,2024-08-21,Wed,4,18,26,20
5597,2024-08-21,Wed,5,34,43,25
5598,2024-08-21,Wed,6,54,63,50
5599,2024-08-21,Wed,7,103,138,80
5600,2024-08-21,Wed,8,102,178,177
5601,2024-08-21,Wed,9,78,187,234
5602,2024-08-21,Wed,10,63,218,253
5603,2024-08-21,Wed,11,75,187,255
5604,2024-08-21,Wed,12,77,243,222
5605,2024-08-21,Wed,13,65,165,245
5606,2024-08-21,Wed,14,59,176,219
5607,2024-08-21,Wed,15,67,155,223
5608,2024-08-21,Wed,16,69,198,184
5609,2024-08-21,Wed,17,86,211,175
5610,2024-08-21,Wed,18,118,185,157
5611,2024-08-21,Wed,19,90,171,135
5612,2024-08-21,Wed,20,72,174,110
5613,2024-08-21,Wed,21,104,198,80
5614,2024-08-21,Wed,22,97,221,61
5615,2024-08-21,Wed,23,88,130,102
5616,2024-08-22,Thu,0,89,68,58
5617,2024-08-22,Thu,1,30,88,52
5618,2024-08-22,Thu,2,23,38,41
5619,2024-08-22,Thu,3,23,20,18
5620,2024-08-22,Thu,4,17,27,21
5621,2024-08-22,Thu,5,32,39,33
5622,2024-08-22,Thu,6,56,53,48
5623,2024-08-22,Thu,7,96,130,99
5624,2024-08-22,Thu,8,92,197,170
5625,2024-08-22,Thu,9,108,225,226
5626,2024-08-22,Thu,10,108,206,243
5627,2024-08-22,Thu,11,76,228,239
5628,2024-08-22,Thu,12,87,165,257
5629,2024-08-22,Thu,13,79,177,223
5630,2024-08-22,Thu,14,65,179,222
5631,2024-08-22,Thu,15,78,188,165
5632,2024-08-22,Thu,16,83,160,164
5633,2024-08-22,Thu,17,103,161,153
5634,2024-08-22,Thu,18,103,197,133
5635,2024-08-22,Thu,19,100,186,127
5636,2024-08-22,Thu,20,109,213,80
5637,2024-08-22,Thu,21,109,255,85
5638,2024-08-22,Thu,22,119,250,56
5639,2024-08-22,Thu,23,80,136,117
5640,2024-08-23,Fri,0,52,90,94
5641,2024-08-23,Fri,1,36,59,68
5642,2024-08-23,Fri,2,19,53,55
5643,2024-08-23,Fri,3,14,35,26
5644,2024-08-23,Fri,4,25,45,38
5645,2024-08-23,Fri,5,22,36,35
5646,2024-08-23,Fri,6,58,85,50
5647,2024-08-23,Fri,7,62,121,68
5648,2024-08-23,Fri,8,84,166,166
5649,2024-08-23,Fri,9,74,186,167
5650,2024-08-23,Fri,10,76,233,228
5651,2024-08-23,Fri,11,66,192,272
5652,2024-08-23,Fri,12,85,167,212
5653,2024-08-23,Fri,13,84,169,174
5654,2024-08-23,Fri,14,61,173,209
5655,2024-08-23,Fri,15,67,113,193
5656,2024-08-23,Fri,16,60,147,192
5657,2024-08-23,Fri,17,81,154,134
5658,2024-08-23,Fri,18,80,182,156
5659,2024-08-23,Fri,19,103,162,79
5660,2024-08-23,Fri,20,87,219,105
5661,2024-08-23,Fri,21,134,253,97
5662,2024-08-23,Fri,22,172,328,58
5663,2024-08-23,Fri,23,191,211,110
5664,2024-08-24,Sat,0,131,203,120
5665,2024-08-24,Sat,1,101,103,118
5666,2024-08-24,Sat,2,46,99,72
5667,2024-08-24,Sat,3,25,60,39
5668,2024-08-24,Sat,4,47,99,54
5669,2024-08-24,Sat,5,26,78,57
5670,2024-08-24,Sat,6,53,47,56
5671,2024-08-24,Sat,7,57,81,60
5672,2024-08-24,Sat,8,69,128,80
5673,2024-08-24,Sat,9,84,165,73
5674,2024-08-24,Sat,10,113,165,99
5675,2024-08-24,Sat,11,95,144,86
5676,2024-08-24,Sat,12,79,158,118
5677,2024-08-24,Sat,13,86,172,99
5678,2024-08-24,Sat,14,68,184,93
5679,2024-08-24,Sat,15,76,128,105
5680,2024-08-24,Sat,16,67,156,134
5681,2024-08-24,Sat,17,72,143,85
5682,2024-08-24,Sat,18,78,171,75
5683,2024-08-24,Sat,19,97,242,78
5684,2024-08-24,Sat,20,105,307,101
5685,2024-08-24,Sat,21,138,319,85
5686,2024-08-24,Sat,22,183,478,88
5687,2024-08-24,Sat,23,223,299,105
5688,2024-08-25,Sun,0,208,250,167
5689,2024-08-25,Sun,1,108,192,154
5690,2024-08-25,Sun,2,94,155,114
5691,2024-08-25,Sun,3,52,60,104
5692,2024-08-25,Sun,4,55,40,59
5693,2024-08-25,Sun,5,29,59,40
5694,2024-08-25,Sun,6,48,55,37
5695,2024-08-25,Sun,7,60,76,46
5696,2024-08-25,Sun,8,71,97,71
5697,2024-08-25,Sun,9,92,147,108
5698,2024-08-25,Sun,10,94,161,83
5699,2024-08-25,Sun,11,84,193,85
5700,2024-08-25,Sun,12,70,182,93
5701,2024-08-25,Sun,13,89,152,100
5702,2024-08-25,Sun,14,67,157,79
5703,2024-08-25,Sun,15,99,155,94
5704,2024-08-25,Sun,16,91,191,88
5705,2024-08-25,Sun,17,89,201,72
5706,2024-08-25,Sun,18,137,179,86
5707,2024-08-25,Sun,19,126,243,82
5708,2024-08-25,Sun,20,100,287,54
5709,2024-08-25,Sun,21,174,335,62
5710,2024-08-25,Sun,22,168,335,77
5711,2024-08-25,Sun,23,121,184,118
5712,2024-08-26,Mon,0,83,89,110
5713,2024-08-26,Mon,1,52,92,70
5714,2024-08-26,Mon,2,38,56,45
5715,2024-08-26,Mon,3,36,34,38
5716,2024-08-26,Mon,4,33,36,30
5717,2024-08-26,Mon,5,38,25,42
5718,2024-08-26,Mon,6,58,73,53
5719,2024-08-26,Mon,7,77,140,121
5720,2024-08-26,Mon,8,116,156,157
5721,2024-08-26,Mon,9,88,230,284
5722,2024-08-26,Mon,10,83,228,282
5723,2024-08-26,Mon,11,82,233,276
5724,2024-08-26,Mon,12,91,189,256
5725,2024-08-26,Mon,13,77,181,229
5726,2024-08-26,Mon,14,77,163,253
5727,2024-08-26,Mon,15,60,152,259
5728,2024-08-26,Mon,16,63,165,189
5729,2024-08-26,Mon,17,91,157,136
5730,2024-08-26,Mon,18,93,173,105
5731,2024-08-26,Mon,19,88,159,92
5732,2024-08-26,Mon,20,95,168,66
5733,2024-08-26,Mon,21,77,181,70
5734,2024-08-26,Mon,22,76,198,46
5735,2024-08-26,Mon,23,55,121,74
5736,2024-08-27,Tue,0,37,95,101
5737,2024-08-27,Tue,1,35,50,38
5738,2024-08-27,Tue,2,32,46,24
5739,2024-08-27,Tue,3,18,26,25
5740,2024-08-27,Tue,4,23,41,26
5741,2024-08-27,Tue,5,21,47,29
5742,2024-08-27,Tue,6,50,111,67
5743,2024-08-27,Tue,7,79,158,83
5744,2024-08-27,Tue,8,129,216,181
5745,2024-08-27,Tue,9,102,252,312
5746,2024-08-27,Tue,10,68,237,329
5747,2024-08-27,Tue,11,82,228,239
5748,2024-08-27,Tue,12,57,221,207
5749,2024-08-27,Tue,13,71,170,233
5750,2024-08-27,Tue,14,58,168,227
5751,2024-08-27,Tue,15,57,159,194
5752,2024-08-27,Tue,16,68,154,182
5753,2024-08-27,Tue,17,72,174,160
5754,2024-08-27,Tue,18,77,185,127
5755,2024-08-27,Tue,19,81,177,134
5756,2024-08-27,Tue,20,93,184,98
5757,2024-08-27,Tue,21,106,207,79
5758,2024-08-27,Tue,22,112,245,76
5759,2024-08-27,Tue,23,82,147,110
5760,2024-08-28,Wed,0,65,116,65
5761,2024-08-28,Wed,1,44,62,47
5762,2024-08-28,Wed,2,32,38,23
5763,2024-08-28,Wed,3,24,15,32
5764,2024-08-28,Wed,4,24,38,12
5765,2024-08-28,Wed,5,29,47,28
5766,2024-08-28,Wed,6,45,84,68
5767,2024-08-28,Wed,7,72,137,105
5768,2024-08-28,Wed,8,119,175,176
5769,2024-08-28,Wed,9,118,208,224
5770,2024-08-28,Wed,10,87,221,268
5771,2024-08-28,Wed,11,76,191,283
5772,2024-08-28,Wed,12,78,221,233
5773,2024-08-28,Wed,13,62,170,259
5774,2024-08-28,Wed,14,63,170,224
5775,2024-08-28,Wed,15,66,183,224
5776,2024-08-28,Wed,16,65,146,205
5777,2024-08-28,Wed,17,83,187,117
5778,2024-08-28,Wed,18,84,181,130
5779,2024-08-28,Wed,19,92,187,121
5780,2024-08-28,Wed,20,69,182,93
5781,2024-08-28,Wed,21,83,168,73
5782,2024-08-28,Wed,22,85,200,71
5783,2024-08-28,Wed,23,73,135,103
5784,2024-08-29,Thu,0,55,93,64
5785,2024-08-29,Thu,1,35,67,47
5786,2024-08-29,Thu,2,19,44,41
5787,2024-08-29,Thu,3,10,18,21
5788,2024-08-29,Thu,4,24,25,19
5789,2024-08-29,Thu,5,24,73,22
5790,2024-08-29,Thu,6,48,67,57
5791,2024-08-29,Thu,7,79,129,75
5792,2024-08-29,Thu,8,108,209,187
5793,2024-08-29,Thu,9,105,182,256
5794,2024-08-29,Thu,10,76,172,236
5795,2024-08-29,Thu,11,94,197,282
5796,2024-08-29,Thu,12,109,187,294
5797,2024-08-29,Thu,13,89,141,234
5798,2024-08-29,Thu,14,69,163,241
5799,2024-08-29,Thu,15,60,156,230
5800,2024-08-29,Thu,16,79,179,154
5801,2024-08-29,Thu,17,79,189,159
5802,2024-08-29,Thu,18,90,162,110
5803,2024-08-29,Thu,19,73,176,106
5804,2024-08-29,Thu,20,92,202,108
5805,2024-08-29,Thu,21,137,197,72
5806,2024-08-29,Thu,22,87,225,61
5807,2024-08-29,Thu,23,89,145,96
5808,2024-08-30,Fri,0,71,121,96
5809,2024-08-30,Fri,1,51,58,68
5810,2024-08-30,Fri,2,37,46,41
5811,2024-08-30,Fri,3,17,24,19
5812,2024-08-30,Fri,4,15,21,30
5813,2024-08-30,Fri,5,20,14,27
5814,2024-08-30,Fri,6,27,60,30
5815,2024-08-30,Fri,7,68,127,65
5816,2024-08-30,Fri,8,81,177,129
5817,2024-08-30,Fri,9,117,170,215
5818,2024-08-30,Fri,10,69,206,219
5819,2024-08-30,Fri,11,87,209,192
5820,2024-08-30,Fri,12,65,189,221
5821,2024-08-30,Fri,13,65,149,199
5822,2024-08-30,Fri,14,72,181,224
5823,2024-08-30,Fri,15,68,156,195
5824,2024-08-30,Fri,16,61,161,174
5825,2024-08-30,Fri,17,85,165,128
5826,2024-08-30,Fri,18,102,177,86
5827,2024-08-30,Fri,19,73,192,93
5828,2024-08-30,Fri,20,109,182,87
5829,2024-08-30,Fri,21,120,213,74
5830,2024-08-30,Fri,22,140,267,71
5831,2024-08-30,Fri,23,194,213,82
5832,2024-08-31,Sat,0,188,210,135
5833,2024-08-31,Sat,1,133,87,114
5834,2024-08-31,Sat,2,92,81,59
5835,2024-08-31,Sat,3,85,64,54
5836,2024-08-31,Sat,4,50,61,35
5837,2024-08-31,Sat,5,16,27,23
5838,2024-08-31,Sat,6,30,41,35
5839,2024-08-31,Sat,7,59,102,47
5840,2024-08-31,Sat,8,62,145,66
5841,2024-08-31,Sat,9,85,171,87
5842,2024-08-31,Sat,10,95,175,119
5843,2024-08-31,Sat,11,81,159,102
5844,2024-08-31,Sat,12,82,153,112
5845,2024-08-31,Sat,13,91,123,104
5846,2024-08-31,Sat,14,94,179,104
5847,2024-08-31,Sat,15,93,140,87
5848,2024-08-31,Sat,16,75,189,106
5849,2024-08-31,Sat,17,86,183,91
5850,2024-08-31,Sat,18,85,205,89
5851,2024-08-31,Sat,19,79,199,80
5852,2024-08-31,Sat,20,133,243,88
5853,2024-08-31,Sat,21,187,287,102
5854,2024-08-31,Sat,22,257,367,105
5855,2024-08-31,Sat,23,230,339,85
5856,2024-09-01,Sun,0,221,323,144
5857,2024-09-01,Sun,1,145,199,129
5858,2024-09-01,Sun,2,112,110,97
5859,2024-09-01,Sun,3,31,64,68
5860,2024-09-01,Sun,4,31,71,58
5861,2024-09-01,Sun,5,22,47,36
5862,2024-09-01,Sun,6,55,48,56
5863,2024-09-01,Sun,7,61,80,26
5864,2024-09-01,Sun,8,64,108,77
5865,2024-09-01,Sun,9,69,178,75
5866,2024-09-01,Sun,10,87,160,78
5867,2024-09-01,Sun,11,83,171,98
5868,2024-09-01,Sun,12,80,170,85
5869,2024-09-01,Sun,13,70,165,90
5870,2024-09-01,Sun,14,87,140,92
5871,2024-09-01,Sun,15,69,164,92
5872,2024-09-01,Sun,16,73,156,113
5873,2024-09-01,Sun,17,84,181,72
5874,2024-09-01,Sun,18,106,187,89
5875,2024-09-01,Sun,19,149,253,70
5876,2024-09-01,Sun,20,154,268,76
5877,2024-09-01,Sun,21,223,320,52
5878,2024-09-01,Sun,22,257,440,89
5879,2024-09-01,Sun,23,228,275,144
5880,2024-09-02,Mon,0,146,221,156
5881,2024-09-02,Mon,1,126,173,141
5882,2024-09-02,Mon,2,137,100,86
5883,2024-09-02,Mon,3,44,59,58
5884,2024-09-02,Mon,4,51,53,56
5885,2024-09-02,Mon,5,55,48,37
5886,2024-09-02,Mon,6,37,58,51
5887,2024-09-02,Mon,7,69,91,46
5888,2024-09-02,Mon,8,58,122,59
5889,2024-09-02,Mon,9,78,153,82
5890,2024-09-02,Mon,10,67,152,120
5891,2024-09-02,Mon,11,67,172,112
5892,2024-09-02,Mon,12,82,188,115
5893,2024-09-02,Mon,13,82,163,118
5894,2024-09-02,Mon,14,75,159,97
5895,2024-09-02,Mon,15,73,185,89
5896,2024-09-02,Mon,16,90,183,96
5897,2024-09-02,Mon,17,95,172,88
5898,2024-09-02,Mon,18,116,260,76
5899,2024-09-02,Mon,19,143,208,60
5900,2024-09-02,Mon,20,136,243,101
5901,2024-09-02,Mon,21,133,260,81
5902,2024-09-02,Mon,22,153,295,87
5903,2024-09-02,Mon,23,171,188,112
5904,2024-09-03,Tue,0,68,106,103
5905,2024-09-03,Tue,1,38,62,66
5906,2024-09-03,Tue,2,27,54,35
5907,2024-09-03,Tue,3,12,21,21
5908,2024-09-03,Tue,4,43,25,9
5909,2024-09-03,Tue,5,26,42,14
5910,2024-09-03,Tue,6,75,88,30
5911,2024-09-03,Tue,7,110,151,102
5912,2024-09-03,Tue,8,131,175,172
5913,2024-09-03,Tue,9,111,219,275
5914,2024-09-03,Tue,10,80,235,362
5915,2024-09-03,Tue,11,91,215,316
5916,2024-09-03,Tue,12,113,257,256
5917,2024-09-03,Tue,13,84,194,227
5918,2024-09-03,Tue,14,55,199,249
5919,2024-09-03,Tue,15,76,217,202
5920,2024-09-03,Tue,16,76,186,176
5921,2024-09-03,Tue,17,86,174,169
5922,2024-09-03,Tue,18,89,195,174
5923,2024-09-03,Tue,19,98,233,118
5924,2024-09-03,Tue,20,133,245,92
5925,2024-09-03,Tue,21,123,258,105
5926,2024-09-03,Tue,22,92,251,82
5927,2024-09-03,Tue,23,80,150,93
5928,2024-09-04,Wed,0,80,101,70
5929,2024-09-04,Wed,1,51,75,72
5930,2024-09-04,Wed,2,16,46,30
5931,2024-09-04,Wed,3,14,28,13
5932,2024-09-04,Wed,4,17,39,34
5933,2024-09-04,Wed,5,32,21,24
5934,2024-09-04,Wed,6,58,65,59
5935,2024-09-04,Wed,7,116,174,108
5936,2024-09-04,Wed,8,130,195,138
5937,2024-09-04,Wed,9,109,191,227
5938,2024-09-04,Wed,10,92,281,202
5939,2024-09-04,Wed,11,88,253,244
5940,2024-09-04,Wed,12,70,206,255
5941,2024-09-04,Wed,13,84,180,246
5942,2024-09-04,Wed,14,60,204,226
5943,2024-09-04,Wed,15,64,222,210
5944,2024-09-04,Wed,16,60,205,210
5945,2024-09-04,Wed,17,72,244,175
5946,2024-09-04,Wed,18,87,229,146
5947,2024-09-04,Wed,19,92,154,132
5948,2024-09-04,Wed,20,98,192,136
5949,2024-09-04,Wed,21,101,246,88
5950,2024-09-04,Wed,22,117,230,89
5951,2024-09-04,Wed,23,112,162,81
5952,2024-09-05,Thu,0,65,102,86
5953,2024-09-05,Thu,1,42,77,47
5954,2024-09-05,Thu,2,24,37,40
5955,2024-09-05,Thu,3,24,35,25
5956,2024-09-05,Thu,4,23,27,25
5957,2024-09-05,Thu,5,41,42,31
5958,2024-09-05,Thu,6,64,121,50
5959,2024-09-05,Thu,7,106,161,118
5960,2024-09-05,Thu,8,126,166,198
5961,2024-09-05,Thu,9,130,225,239
5962,2024-09-05,Thu,10,101,216,283
5963,2024-09-05,Thu,11,63,224,276
5964,2024-09-05,Thu,12,91,196,311
5965,2024-09-05,Thu,13,84,170,216
5966,2024-09-05,Thu,14,77,206,240
5967,2024-09-05,Thu,15,64,199,197
5968,2024-09-05,Thu,16,67,168,214
5969,2024-09-05,Thu,17,102,188,119
5970,2024-09-05,Thu,18,94,194,143
5971,2024-09-05,Thu,19,121,199,120
5972,2024-09-05,Thu,20,114,214,90
5973,2024-09-05,Thu,21,118,236,74
5974,2024-09-05,Thu,22,141,288,67
5975,2024-09-05,Thu,23,93,162,89
5976,2024-09-06,Fri,0,102,133,87
5977,2024-09-06,Fri,1,69,66,52
5978,2024-09-06,Fri,2,44,33,28
5979,2024-09-06,Fri,3,26,17,39
5980,2024-09-06,Fri,4,16,24,25
5981,2024-09-06,Fri,5,31,32,43
5982,2024-09-06,Fri,6,52,88,47
5983,2024-09-06,Fri,7,121,186,92
5984,2024-09-06,Fri,8,110,171,202
5985,2024-09-06,Fri,9,98,227,264
5986,2024-09-06,Fri,10,79,228,263
5987,2024-09-06,Fri,11,104,255,247
5988,2024-09-06,Fri,12,90,226,274
5989,2024-09-06,Fri,13,83,194,245
5990,2024-09-06,Fri,14,65,158,213
5991,2024-09-06,Fri,15,75,140,233
5992,2024-09-06,Fri,16,80,205,147
5993,2024-09-06,Fri,17,135,216,143
5994,2024-09-06,Fri,18,105,173,118
5995,2024-09-06,Fri,19,101,184,163
5996,2024-09-06,Fri,20,143,217,108
5997,2024-09-06,Fri,21,220,318,67
5998,2024-09-06,Fri,22,238,362,62
5999,2024-09-06,Fri,23,268,237,86
6000,2024-09-07,Sat,0,230,185,131
6001,2024-09-07,Sat,1,115,126,102
6002,2024-09-07,Sat,2,72,75,67
6003,2024-09-07,Sat,3,50,52,67
6004,2024-09-07,Sat,4,20,52,42
6005,2024-09-07,Sat,5,19,28,31
6006,2024-09-07,Sat,6,80,64,45
6007,2024-09-07,Sat,7,59,111,55
6008,2024-09-07,Sat,8,91,134,80
6009,2024-09-07,Sat,9,108,191,118
6010,2024-09-07,Sat,10,81,187,152
6011,2024-09-07,Sat,11,93,190,109
6012,2024-09-07,Sat,12,105,165,81
6013,2024-09-07,Sat,13,100,186,143
6014,2024-09-07,Sat,14,86,164,109
6015,2024-09-07,Sat,15,132,154,96
6016,2024-09-07,Sat,16,162,189,86
6017,2024-09-07,Sat,17,174,202,80
6018,2024-09-07,Sat,18,120,188,88
6019,2024-09-07,Sat,19,190,231,72
6020,2024-09-07,Sat,20,211,235,55
6021,2024-09-07,Sat,21,213,254,32
6022,2024-09-07,Sat,22,316,394,41
6023,2024-09-07,Sat,23,294,345,92
6024,2024-09-08,Sun,0,224,273,127
6025,2024-09-08,Sun,1,139,156,110
6026,2024-09-08,Sun,2,116,82,95
6027,2024-09-08,Sun,3,56,52,55
6028,2024-09-08,Sun,4,40,51,47
6029,2024-09-08,Sun,5,46,54,42
6030,2024-09-08,Sun,6,49,56,44
6031,2024-09-08,Sun,7,73,113,41
6032,2024-09-08,Sun,8,88,154,72
6033,2024-09-08,Sun,9,77,173,106
6034,2024-09-08,Sun,10,137,164,114
6035,2024-09-08,Sun,11,77,193,109
6036,2024-09-08,Sun,12,102,217,92
6037,2024-09-08,Sun,13,166,194,84
6038,2024-09-08,Sun,14,183,218,89
6039,2024-09-08,Sun,15,191,217,75
6040,2024-09-08,Sun,16,158,256,92
6041,2024-09-08,Sun,17,210,290,81
6042,2024-09-08,Sun,18,204,277,110
6043,2024-09-08,Sun,19,172,307,76
6044,2024-09-08,Sun,20,144,253,80
6045,2024-09-08,Sun,21,164,314,76
6046,2024-09-08,Sun,22,190,271,67
6047,2024-09-08,Sun,23,148,205,114
6048,2024-09-09,Mon,0,68,114,118
6049,2024-09-09,Mon,1,48,53,43
6050,2024-09-09,Mon,2,20,53,22
6051,2024-09-09,Mon,3,28,38,28
6052,2024-09-09,Mon,4,21,47,21
6053,2024-09-09,Mon,5,47,41,30
6054,2024-09-09,Mon,6,87,64,46
6055,2024-09-09,Mon,7,104,139,107
6056,2024-09-09,Mon,8,146,191,188
6057,2024-09-09,Mon,9,123,209,254
6058,2024-09-09,Mon,10,82,254,299
6059,2024-09-09,Mon,11,83,241,291
6060,2024-09-09,Mon,12,80,266,254
6061,2024-09-09,Mon,13,92,182,246
6062,2024-09-09,Mon,14,97,185,235
6063,2024-09-09,Mon,15,68,283,220
6064,2024-09-09,Mon,16,96,198,248
6065,2024-09-09,Mon,17,92,157,166
6066,2024-09-09,Mon,18,106,176,191
6067,2024-09-09,Mon,19,101,154,108
6068,2024-09-09,Mon,20,101,255,95
6069,2024-09-09,Mon,21,96,230,84
6070,2024-09-09,Mon,22,114,218,63
6071,2024-09-09,Mon,23,99,155,109
6072,2024-09-10,Tue,0,78,116,77
6073,2024-09-10,Tue,1,36,63,45
6074,2024-09-10,Tue,2,32,47,41
6075,2024-09-10,Tue,3,11,42,28
6076,2024-09-10,Tue,4,34,41,24
6077,2024-09-10,Tue,5,48,27,27
6078,2024-09-10,Tue,6,61,85,62
6079,2024-09-10,Tue,7,109,168,98
6080,2024-09-10,Tue,8,169,231,182
6081,2024-09-10,Tue,9,103,257,263
6082,2024-09-10,Tue,10,82,196,261
6083,2024-09-10,Tue,11,93,210,271
6084,2024-09-10,Tue,12,83,256,234
6085,2024-09-10,Tue,13,106,180,264
6086,2024-09-10,Tue,14,63,242,272
6087,2024-09-10,Tue,15,61,278,212
6088,2024-09-10,Tue,16,80,213,225
6089,2024-09-10,Tue,17,99,181,149
6090,2024-09-10,Tue,18,101,177,174
6091,2024-09-10,Tue,19,114,178,129
6092,2024-09-10,Tue,20,102,162,103
6093,2024-09-10,Tue,21,108,170,91
6094,2024-09-10,Tue,22,97,204,60
6095,2024-09-10,Tue,23,110,135,108
6096,2024-09-11,Wed,0,52,72,75
6097,2024-09-11,Wed,1,39,84,46
6098,2024-09-11,Wed,2,27,47,32
6099,2024-09-11,Wed,3,27,29,28
6100,2024-09-11,Wed,4,27,36,29
6101,2024-09-11,Wed,5,27,30,32
6102,2024-09-11,Wed,6,51,86,58
6103,2024-09-11,Wed,7,100,146,100
6104,2024-09-11,Wed,8,109,216,165
6105,2024-09-11,Wed,9,113,183,201
6106,2024-09-11,Wed,10,105,178,241
6107,2024-09-11,Wed,11,69,241,252
6108,2024-09-11,Wed,12,73,212,225
6109,2024-09-11,Wed,13,78,185,205
6110,2024-09-11,Wed,14,65,156,188
6111,2024-09-11,Wed,15,61,182,213
6112,2024-09-11,Wed,16,81,175,186
6113,2024-09-11,Wed,17,122,148,166
6114,2024-09-11,Wed,18,106,204,132
6115,2024-09-11,Wed,19,102,176,138
6116,2024-09-11,Wed,20,124,211,108
6117,2024-09-11,Wed,21,130,194,66
6118,2024-09-11,Wed,22,145,259,93
6119,2024-09-11,Wed,23,96,148,90
6120,2024-09-12,Thu,0,60,92,81
6121,2024-09-12,Thu,1,31,61,44
6122,2024-09-12,Thu,2,18,24,29
6123,2024-09-12,Thu,3,15,26,24
6124,2024-09-12,Thu,4,33,16,35
6125,2024-09-12,Thu,5,36,26,32
6126,2024-09-12,Thu,6,60,87,74
6127,2024-09-12,Thu,7,108,169,121
6128,2024-09-12,Thu,8,130,244,234
6129,2024-09-12,Thu,9,147,262,267
6130,2024-09-12,Thu,10,97,252,232
6131,2024-09-12,Thu,11,78,228,296
6132,2024-09-12,Thu,12,80,208,244
6133,2024-09-12,Thu,13,94,254,253
6134,2024-09-12,Thu,14,77,198,279
6135,2024-09-12,Thu,15,87,206,206
6136,2024-09-12,Thu,16,58,216,181
6137,2024-09-12,Thu,17,96,245,185
6138,2024-09-12,Thu,18,107,297,185
6139,2024-09-12,Thu,19,102,268,116
6140,2024-09-12,Thu,20,142,198,117
6141,2024-09-12,Thu,21,238,244,67
6142,2024-09-12,Thu,22,294,243,82
6143,2024-09-12,Thu,23,253,159,128
6144,2024-09-13,Fri,0,192,147,88
6145,2024-09-13,Fri,1,191,71,58
6146,2024-09-13,Fri,2,97,57,43
6147,2024-09-13,Fri,3,184,34,25
6148,2024-09-13,Fri,4,121,32,25
6149,2024-09-13,Fri,5,87,22,36
6150,2024-09-13,Fri,6,57,72,53
6151,2024-09-13,Fri,7,109,159,118
6152,2024-09-13,Fri,8,112,214,198
6153,2024-09-13,Fri,9,117,219,229
6154,2024-09-13,Fri,10,99,218,227
6155,2024-09-13,Fri,11,118,226,321
6156,2024-09-13,Fri,12,88,256,254
6157,2024-09-13,Fri,13,80,216,298
6158,2024-09-13,Fri,14,112,243,252
6159,2024-09-13,Fri,15,89,250,209
6160,2024-09-13,Fri,16,95,178,177
6161,2024-09-13,Fri,17,94,192,119
6162,2024-09-13,Fri,18,86,229,123
6163,2024-09-13,Fri,19,112,187,113
6164,2024-09-13,Fri,20,116,223,76
6165,2024-09-13,Fri,21,136,268,81
6166,2024-09-13,Fri,22,161,287,54
6167,2024-09-13,Fri,23,182,248,101
6168,2024-09-14,Sat,0,126,177,146
6169,2024-09-14,Sat,1,113,116,86
6170,2024-09-14,Sat,2,66,64,88
6171,2024-09-14,Sat,3,42,68,48
6172,2024-09-14,Sat,4,21,52,41
6173,2024-09-14,Sat,5,32,36,31
6174,2024-09-14,Sat,6,43,39,61
6175,2024-09-14,Sat,7,68,114,40
6176,2024-09-14,Sat,8,64,149,87
6177,2024-09-14,Sat,9,109,191,128
6178,2024-09-14,Sat,10,91,203,126
6179,2024-09-14,Sat,11,91,191,117
6180,2024-09-14,Sat,12,92,205,132
6181,2024-09-14,Sat,13,84,203,135
6182,2024-09-14,Sat,14,100,199,121
6183,2024-09-14,Sat,15,89,168,95
6184,2024-09-14,Sat,16,89,198,82
6185,2024-09-14,Sat,17,117,231,89
6186,2024-09-14,Sat,18,260,221,87
6187,2024-09-14,Sat,19,351,268,83
6188,2024-09-14,Sat,20,412,261,86
6189,2024-09-14,Sat,21,473,386,82
6190,2024-09-14,Sat,22,338,460,59
6191,2024-09-14,Sat,23,356,379,119
6192,2024-09-15,Sun,0,457,322,167
6193,2024-09-15,Sun,1,411,265,169
6194,2024-09-15,Sun,2,202,99,131
6195,2024-09-15,Sun,3,243,56,74
6196,2024-09-15,Sun,4,210,57,56
6197,2024-09-15,Sun,5,193,42,43
6198,2024-09-15,Sun,6,245,58,47
6199,2024-09-15,Sun,7,332,95,33
6200,2024-09-15,Sun,8,358,149,95
6201,2024-09-15,Sun,9,355,174,102
6202,2024-09-15,Sun,10,361,188,152
6203,2024-09-15,Sun,11,343,250,94
6204,2024-09-15,Sun,12,356,184,101
6205,2024-09-15,Sun,13,348,169,116
6206,2024-09-15,Sun,14,327,221,78
6207,2024-09-15,Sun,15,358,222,80
6208,2024-09-15,Sun,16,360,231,85
6209,2024-09-15,Sun,17,356,182,70
6210,2024-09-15,Sun,18,311,229,89
6211,2024-09-15,Sun,19,215,259,106
6212,2024-09-15,Sun,20,190,265,73
6213,2024-09-15,Sun,21,309,347,40
6214,2024-09-15,Sun,22,397,339,41
6215,2024-09-15,Sun,23,279,161,112
6216,2024-09-16,Mon,0,329,113,95
6217,2024-09-16,Mon,1,204,59,73
6218,2024-09-16,Mon,2,192,45,38
6219,2024-09-16,Mon,3,191,29,29
6220,2024-09-16,Mon,4,190,31,20
6221,2024-09-16,Mon,5,217,35,36
6222,2024-09-16,Mon,6,242,93,43
6223,2024-09-16,Mon,7,302,175,148
6224,2024-09-16,Mon,8,372,191,230
6225,2024-09-16,Mon,9,354,247,320
6226,2024-09-16,Mon,10,263,369,321
6227,2024-09-16,Mon,11,175,250,259
6228,2024-09-16,Mon,12,104,250,283
6229,2024-09-16,Mon,13,83,191,251
6230,2024-09-16,Mon,14,77,195,250
6231,2024-09-16,Mon,15,58,235,247
6232,2024-09-16,Mon,16,107,239,195
6233,2024-09-16,Mon,17,105,200,135
6234,2024-09-16,Mon,18,118,226,143
6235,2024-09-16,Mon,19,95,250,104
6236,2024-09-16,Mon,20,121,194,108
6237,2024-09-16,Mon,21,110,207,78
6238,2024-09-16,Mon,22,100,213,64
6239,2024-09-16,Mon,23,83,140,85
6240,2024-09-17,Tue,0,51,127,61
6241,2024-09-17,Tue,1,22,54,46
6242,2024-09-17,Tue,2,23,45,42
6243,2024-09-17,Tue,3,27,41,36
6244,2024-09-17,Tue,4,43,25,16
6245,2024-09-17,Tue,5,51,31,27
6246,2024-09-17,Tue,6,56,89,71
6247,2024-09-17,Tue,7,123,167,104
6248,2024-09-17,Tue,8,146,253,212
6249,2024-09-17,Tue,9,120,236,256
6250,2024-09-17,Tue,10,96,249,310
6251,2024-09-17,Tue,11,110,245,301
6252,2024-09-17,Tue,12,77,262,278
6253,2024-09-17,Tue,13,71,191,204
6254,2024-09-17,Tue,14,73,184,221
6255,2024-09-17,Tue,15,70,206,205
6256,2024-09-17,Tue,16,74,207,196
6257,2024-09-17,Tue,17,95,184,194
6258,2024-09-17,Tue,18,95,238,139
6259,2024-09-17,Tue,19,86,226,118
6260,2024-09-17,Tue,20,91,186,108
6261,2024-09-17,Tue,21,134,210,77
6262,2024-09-17,Tue,22,132,217,72
6263,2024-09-17,Tue,23,91,120,97
6264,2024-09-18,Wed,0,42,88,58
6265,2024-09-18,Wed,1,49,49,55
6266,2024-09-18,Wed,2,32,41,37
6267,2024-09-18,Wed,3,12,36,25
6268,2024-09-18,Wed,4,35,33,30
6269,2024-09-18,Wed,5,51,47,31
6270,2024-09-18,Wed,6,52,94,53
6271,2024-09-18,Wed,7,82,160,79
6272,2024-09-18,Wed,8,164,214,235
6273,2024-09-18,Wed,9,111,232,225
6274,2024-09-18,Wed,10,78,229,269
6275,2024-09-18,Wed,11,78,244,291
6276,2024-09-18,Wed,12,95,199,277
6277,2024-09-18,Wed,13,105,228,232
6278,2024-09-18,Wed,14,73,212,247
6279,2024-09-18,Wed,15,78,235,214
6280,2024-09-18,Wed,16,81,189,177
6281,2024-09-18,Wed,17,121,177,144
6282,2024-09-18,Wed,18,130,183,166
6283,2024-09-18,Wed,19,83,200,95
6284,2024-09-18,Wed,20,100,179,90
6285,2024-09-18,Wed,21,111,198,76
6286,2024-09-18,Wed,22,127,215,57
6287,2024-09-18,Wed,23,109,143,71
6288,2024-09-19,Thu,0,58,115,103
6289,2024-09-19,Thu,1,39,54,55
6290,2024-09-19,Thu,2,28,43,37
6291,2024-09-19,Thu,3,19,37,17
6292,2024-09-19,Thu,4,22,24,16
6293,2024-09-19,Thu,5,27,28,22
6294,2024-09-19,Thu,6,53,81,65
6295,2024-09-19,Thu,7,114,156,109
6296,2024-09-19,Thu,8,163,282,199
6297,2024-09-19,Thu,9,132,226,298
6298,2024-09-19,Thu,10,98,272,280
6299,2024-09-19,Thu,11,80,231,268
6300,2024-09-19,Thu,12,83,203,246
6301,2024-09-19,Thu,13,66,182,264
6302,2024-09-19,Thu,14,75,191,232
6303,2024-09-19,Thu,15,73,225,210
6304,2024-09-19,Thu,16,82,190,165
6305,2024-09-19,Thu,17,111,186,178
6306,2024-09-19,Thu,18,98,226,162
6307,2024-09-19,Thu,19,101,194,119
6308,2024-09-19,Thu,20,84,268,79
6309,2024-09-19,Thu,21,126,217,95
6310,2024-09-19,Thu,22,126,215,62
6311,2024-09-19,Thu,23,113,157,92
6312,2024-09-20,Fri,0,92,132,80
6313,2024-09-20,Fri,1,47,88,64
6314,2024-09-20,Fri,2,31,56,47
6315,2024-09-20,Fri,3,13,23,28
6316,2024-09-20,Fri,4,38,21,31
6317,2024-09-20,Fri,5,29,36,27
6318,2024-09-20,Fri,6,68,49,53
6319,2024-09-20,Fri,7,96,148,85
6320,2024-09-20,Fri,8,119,200,185
6321,2024-09-20,Fri,9,123,240,215
6322,2024-09-20,Fri,10,106,230,269
6323,2024-09-20,Fri,11,78,226,284
6324,2024-09-20,Fri,12,89,177,305
6325,2024-09-20,Fri,13,80,172,268
6326,2024-09-20,Fri,14,54,177,227
6327,2024-09-20,Fri,15,66,126,203
6328,2024-09-20,Fri,16,62,162,152
6329,2024-09-20,Fri,17,95,162,137
6330,2024-09-20,Fri,18,92,231,91
6331,2024-09-20,Fri,19,100,212,108
6332,2024-09-20,Fri,20,90,206,81
6333,2024-09-20,Fri,21,135,266,74
6334,2024-09-20,Fri,22,147,345,68
6335,2024-09-20,Fri,23,147,264,119
6336,2024-09-21,Sat,0,130,196,131
6337,2024-09-21,Sat,1,83,113,85
6338,2024-09-21,Sat,2,46,62,46
6339,2024-09-21,Sat,3,37,41,65
6340,2024-09-21,Sat,4,37,38,30
6341,2024-09-21,Sat,5,30,32,25
6342,2024-09-21,Sat,6,48,69,36
6343,2024-09-21,Sat,7,80,117,53
6344,2024-09-21,Sat,8,75,168,85
6345,2024-09-21,Sat,9,105,173,137
6346,2024-09-21,Sat,10,98,174,116
6347,2024-09-21,Sat,11,81,213,133
6348,2024-09-21,Sat,12,105,207,133
6349,2024-09-21,Sat,13,89,156,119
6350,2024-09-21,Sat,14,107,203,117
6351,2024-09-21,Sat,15,104,176,90
6352,2024-09-21,Sat,16,87,198,90
6353,2024-09-21,Sat,17,107,199,90
6354,2024-09-21,Sat,18,117,203,66
6355,2024-09-21,Sat,19,129,218,78
6356,2024-09-21,Sat,20,149,303,67
6357,2024-09-21,Sat,21,147,332,49
6358,2024-09-21,Sat,22,211,432,67
6359,2024-09-21,Sat,23,241,382,114
6360,2024-09-22,Sun,0,206,347,150
6361,2024-09-22,Sun,1,132,282,151
6362,2024-09-22,Sun,2,85,103,114
6363,2024-09-22,Sun,3,52,75,73
6364,2024-09-22,Sun,4,43,56,64
6365,2024-09-22,Sun,5,23,26,42
6366,2024-09-22,Sun,6,44,44,64
6367,2024-09-22,Sun,7,68,119,54
6368,2024-09-22,Sun,8,75,119,71
6369,2024-09-22,Sun,9,122,187,98
6370,2024-09-22,Sun,10,122,212,106
6371,2024-09-22,Sun,11,118,218,103
6372,2024-09-22,Sun,12,101,232,132
6373,2024-09-22,Sun,13,99,207,126
6374,2024-09-22,Sun,14,86,140,103
6375,2024-09-22,Sun,15,138,178,101
6376,2024-09-22,Sun,16,287,173,93
6377,2024-09-22,Sun,17,294,245,63
6378,2024-09-22,Sun,18,321,228,106
6379,2024-09-22,Sun,19,276,224,98
6380,2024-09-22,Sun,20,327,279,80
6381,2024-09-22,Sun,21,340,298,89
6382,2024-09-22,Sun,22,309,307,43
6383,2024-09-22,Sun,23,264,147,125
6384,2024-09-23,Mon,0,255,127,76
6385,2024-09-23,Mon,1,200,64,58
6386,2024-09-23,Mon,2,166,55,30
6387,2024-09-23,Mon,3,128,25,26
6388,2024-09-23,Mon,4,198,10,25
6389,2024-09-23,Mon,5,211,48,33
6390,2024-09-23,Mon,6,225,55,44
6391,2024-09-23,Mon,7,281,118,111
6392,2024-09-23,Mon,8,321,185,173
6393,2024-09-23,Mon,9,210,218,273
6394,2024-09-23,Mon,10,186,263,257
6395,2024-09-23,Mon,11,180,238,359
6396,2024-09-23,Mon,12,264,198,283
6397,2024-09-23,Mon,13,247,188,224
6398,2024-09-23,Mon,14,264,177,300
6399,2024-09-23,Mon,15,244,182,315
6400,2024-09-23,Mon,16,240,170,180
6401,2024-09-23,Mon,17,256,166,183
6402,2024-09-23,Mon,18,264,190,153
6403,2024-09-23,Mon,19,236,194,89
6404,2024-09-23,Mon,20,254,215,102
6405,2024-09-23,Mon,21,226,197,73
6406,2024-09-23,Mon,22,180,208,89
6407,2024-09-23,Mon,23,99,139,91
6408,2024-09-24,Tue,0,39,101,72
6409,2024-09-24,Tue,1,53,69,38
6410,2024-09-24,Tue,2,21,39,22
6411,2024-09-24,Tue,3,26,36,19
6412,2024-09-24,Tue,4,19,44,17
6413,2024-09-24,Tue,5,41,57,48
6414,2024-09-24,Tue,6,67,86,58
6415,2024-09-24,Tue,7,98,132,119
6416,2024-09-24,Tue,8,136,255,194
6417,2024-09-24,Tue,9,131,266,296
6418,2024-09-24,Tue,10,101,301,290
6419,2024-09-24,Tue,11,73,230,283
6420,2024-09-24,Tue,12,89,206,240
6421,2024-09-24,Tue,13,87,209,282
6422,2024-09-24,Tue,14,91,181,197
6423,2024-09-24,Tue,15,64,200,164
6424,2024-09-24,Tue,16,67,172,202
6425,2024-09-24,Tue,17,87,176,160
6426,2024-09-24,Tue,18,83,159,109
6427,2024-09-24,Tue,19,76,168,101
6428,2024-09-24,Tue,20,112,197,99
6429,2024-09-24,Tue,21,104,254,74
6430,2024-09-24,Tue,22,116,214,64
6431,2024-09-24,Tue,23,98,118,90
6432,2024-09-25,Wed,0,55,93,64
6433,2024-09-25,Wed,1,43,55,33
6434,2024-09-25,Wed,2,17,42,27
6435,2024-09-25,Wed,3,23,40,30
6436,2024-09-25,Wed,4,24,29,26
6437,2024-09-25,Wed,5,44,33,31
6438,2024-09-25,Wed,6,58,71,62
6439,2024-09-25,Wed,7,119,155,94
6440,2024-09-25,Wed,8,135,193,179
6441,2024-09-25,Wed,9,100,184,195
6442,2024-09-25,Wed,10,101,222,288
6443,2024-09-25,Wed,11,100,249,281
6444,2024-09-25,Wed,12,74,189,243
6445,2024-09-25,Wed,13,86,180,214
6446,2024-09-25,Wed,14,89,193,250
6447,2024-09-25,Wed,15,72,193,206
6448,2024-09-25,Wed,16,80,182,195
6449,2024-09-25,Wed,17,89,214,166
6450,2024-09-25,Wed,18,64,168,130
6451,2024-09-25,Wed,19,89,184,98
6452,2024-09-25,Wed,20,77,175,104
6453,2024-09-25,Wed,21,131,168,97
6454,2024-09-25,Wed,22,152,188,78
6455,2024-09-25,Wed,23,111,164,86
6456,2024-09-26,Thu,0,49,123,73
6457,2024-09-26,Thu,1,37,62,41
6458,2024-09-26,Thu,2,31,65,33
6459,2024-09-26,Thu,3,10,37,25
6460,2024-09-26,Thu,4,17,38,23
6461,2024-09-26,Thu,5,34,48,33
6462,2024-09-26,Thu,6,71,100,61
6463,2024-09-26,Thu,7,126,145,84
6464,2024-09-26,Thu,8,137,201,167
6465,2024-09-26,Thu,9,128,190,193
6466,2024-09-26,Thu,10,73,246,228
6467,2024-09-26,Thu,11,75,197,262
6468,2024-09-26,Thu,12,81,155,178
6469,2024-09-26,Thu,13,64,149,203
6470,2024-09-26,Thu,14,62,153,195
6471,2024-09-26,Thu,15,76,188,222
6472,2024-09-26,Thu,16,61,203,152
6473,2024-09-26,Thu,17,113,163,145
6474,2024-09-26,Thu,18,100,184,135
6475,2024-09-26,Thu,19,79,156,118
6476,2024-09-26,Thu,20,116,174,112
6477,2024-09-26,Thu,21,121,250,91
6478,2024-09-26,Thu,22,127,293,61
6479,2024-09-26,Thu,23,120,152,101
6480,2024-09-27,Fri,0,65,139,87
6481,2024-09-27,Fri,1,32,59,63
6482,2024-09-27,Fri,2,24,52,29
6483,2024-09-27,Fri,3,39,23,23
6484,2024-09-27,Fri,4,30,15,27
6485,2024-09-27,Fri,5,33,30,25
6486,2024-09-27,Fri,6,71,54,61
6487,2024-09-27,Fri,7,99,125,116
6488,2024-09-27,Fri,8,130,230,158
6489,2024-09-27,Fri,9,105,204,251
6490,2024-09-27,Fri,10,113,187,247
6491,2024-09-27,Fri,11,101,242,283
6492,2024-09-27,Fri,12,85,208,238
6493,2024-09-27,Fri,13,120,220,219
6494,2024-09-27,Fri,14,89,157,213
6495,2024-09-27,Fri,15,97,178,204
6496,2024-09-27,Fri,16,79,189,153
6497,2024-09-27,Fri,17,85,173,135
6498,2024-09-27,Fri,18,105,254,147
6499,2024-09-27,Fri,19,89,225,77
6500,2024-09-27,Fri,20,106,258,63
6501,2024-09-27,Fri,21,126,286,62
6502,2024-09-27,Fri,22,165,322,61
6503,2024-09-27,Fri,23,180,238,94
6504,2024-09-28,Sat,0,116,196,121
6505,2024-09-28,Sat,1,73,110,104
6506,2024-09-28,Sat,2,60,81,79
6507,2024-09-28,Sat,3,33,67,63
6508,2024-09-28,Sat,4,19,39,67
6509,2024-09-28,Sat,5,23,28,36
6510,2024-09-28,Sat,6,47,34,40
6511,2024-09-28,Sat,7,31,101,41
6512,2024-09-28,Sat,8,59,141,73
6513,2024-09-28,Sat,9,74,162,109
6514,2024-09-28,Sat,10,86,106,121
6515,2024-09-28,Sat,11,70,174,97
6516,2024-09-28,Sat,12,77,160,118
6517,2024-09-28,Sat,13,52,127,104
6518,2024-09-28,Sat,14,67,134,94
6519,2024-09-28,Sat,15,72,156,97
6520,2024-09-28,Sat,16,58,153,85
6521,2024-09-28,Sat,17,73,143,56
6522,2024-09-28,Sat,18,71,162,68
6523,2024-09-28,Sat,19,77,164,76
6524,2024-09-28,Sat,20,99,162,51
6525,2024-09-28,Sat,21,71,195,62
6526,2024-09-28,Sat,22,137,310,50
6527,2024-09-28,Sat,23,168,249,109
6528,2024-09-29,Sun,0,139,280,134
6529,2024-09-29,Sun,1,65,154,102
6530,2024-09-29,Sun,2,67,90,70
6531,2024-09-29,Sun,3,33,76,59
6532,2024-09-29,Sun,4,28,33,57
6533,2024-09-29,Sun,5,24,29,31
6534,2024-09-29,Sun,6,37,45,35
6535,2024-09-29,Sun,7,41,85,57
6536,2024-09-29,Sun,8,62,110,73
6537,2024-09-29,Sun,9,60,161,110
6538,2024-09-29,Sun,10,75,159,117
6539,2024-09-29,Sun,11,75,220,105
6540,2024-09-29,Sun,12,62,149,91
6541,2024-09-29,Sun,13,77,129,112
6542,2024-09-29,Sun,14,87,159,63
6543,2024-09-29,Sun,15,76,167,97
6544,2024-09-29,Sun,16,99,179,80
6545,2024-09-29,Sun,17,66,182,78
6546,2024-09-29,Sun,18,101,197,86
6547,2024-09-29,Sun,19,105,164,69
6548,2024-09-29,Sun,20,107,204,58
6549,2024-09-29,Sun,21,124,259,66
6550,2024-09-29,Sun,22,121,214,43
6551,2024-09-29,Sun,23,110,154,88
6552,2024-09-30,Mon,0,71,110,74
6553,2024-09-30,Mon,1,32,61,54
6554,2024-09-30,Mon,2,29,62,53
6555,2024-09-30,Mon,3,23,47,36
6556,2024-09-30,Mon,4,43,41,27
6557,2024-09-30,Mon,5,49,38,42
6558,2024-09-30,Mon,6,56,68,48
6559,2024-09-30,Mon,7,108,134,110
6560,2024-09-30,Mon,8,161,185,157
6561,2024-09-30,Mon,9,127,294,340
6562,2024-09-30,Mon,10,107,283,295
6563,2024-09-30,Mon,11,83,300,294
6564,2024-09-30,Mon,12,91,295,238
6565,2024-09-30,Mon,13,84,230,272
6566,2024-09-30,Mon,14,78,155,213
6567,2024-09-30,Mon,15,66,200,236
6568,2024-09-30,Mon,16,71,172,202
6569,2024-09-30,Mon,17,97,176,150
6570,2024-09-30,Mon,18,132,209,138
6571,2024-09-30,Mon,19,91,240,106
6572,2024-09-30,Mon,20,81,202,89
6573,2024-09-30,Mon,21,118,211,110
6574,2024-09-30,Mon,22,99,260,91
6575,2024-09-30,Mon,23,90,174,108
6576,2024-10-01,Tue,0,61,111,78
6577,2024-10-01,Tue,1,51,55,60
6578,2024-10-01,Tue,2,34,55,29
6579,2024-10-01,Tue,3,18,29,20
6580,2024-10-01,Tue,4,28,27,28
6581,2024-10-01,Tue,5,35,37,42
6582,2024-10-01,Tue,6,55,126,60
6583,2024-10-01,Tue,7,114,168,95
6584,2024-10-01,Tue,8,130,231,163
6585,2024-10-01,Tue,9,117,241,218
6586,2024-10-01,Tue,10,65,221,269
6587,2024-10-01,Tue,11,64,196,216
6588,2024-10-01,Tue,12,86,220,240
6589,2024-10-01,Tue,13,91,196,209
6590,2024-10-01,Tue,14,68,173,199
6591,2024-10-01,Tue,15,74,228,223
6592,2024-10-01,Tue,16,78,228,176
6593,2024-10-01,Tue,17,78,182,143
6594,2024-10-01,Tue,18,87,223,133
6595,2024-10-01,Tue,19,74,172,77
6596,2024-10-01,Tue,20,108,205,106
6597,2024-10-01,Tue,21,109,183,90
6598,2024-10-01,Tue,22,136,224,69
6599,2024-10-01,Tue,23,93,137,92
6600,2024-10-02,Wed,0,61,87,66
6601,2024-10-02,Wed,1,37,77,42
6602,2024-10-02,Wed,2,29,62,36
6603,2024-10-02,Wed,3,28,47,20
6604,2024-10-02,Wed,4,27,28,46
6605,2024-10-02,Wed,5,41,50,44
6606,2024-10-02,Wed,6,63,78,76
6607,2024-10-02,Wed,7,101,172,78
6608,2024-10-02,Wed,8,136,230,168
6609,2024-10-02,Wed,9,100,275,163
6610,2024-10-02,Wed,10,108,213,226
6611,2024-10-02,Wed,11,100,233,205
6612,2024-10-02,Wed,12,82,199,251
6613,2024-10-02,Wed,13,92,168,229
6614,2024-10-02,Wed,14,65,180,224
6615,2024-10-02,Wed,15,70,175,207
6616,2024-10-02,Wed,16,58,160,189
6617,2024-10-02,Wed,17,111,200,186
6618,2024-10-02,Wed,18,112,223,131
6619,2024-10-02,Wed,19,70,143,83
6620,2024-10-02,Wed,20,113,208,69
6621,2024-10-02,Wed,21,130,278,62
6622,2024-10-02,Wed,22,120,199,67
6623,2024-10-02,Wed,23,99,151,122
6624,2024-10-03,Thu,0,75,105,91
6625,2024-10-03,Thu,1,45,67,66
6626,2024-10-03,Thu,2,26,31,38
6627,2024-10-03,Thu,3,20,34,28
6628,2024-10-03,Thu,4,26,37,25
6629,2024-10-03,Thu,5,28,48,23
6630,2024-10-03,Thu,6,60,91,51
6631,2024-10-03,Thu,7,111,148,70
6632,2024-10-03,Thu,8,128,182,156
6633,2024-10-03,Thu,9,111,218,199
6634,2024-10-03,Thu,10,89,184,197
6635,2024-10-03,Thu,11,98,195,212
6636,2024-10-03,Thu,12,101,180,165
6637,2024-10-03,Thu,13,83,185,209
6638,2024-10-03,Thu,14,66,176,165
6639,2024-10-03,Thu,15,59,168,169
6640,2024-10-03,Thu,16,55,179,137
6641,2024-10-03,Thu,17,82,163,151
6642,2024-10-03,Thu,18,76,183,117
6643,2024-10-03,Thu,19,59,193,73
6644,2024-10-03,Thu,20,82,162,67
6645,2024-10-03,Thu,21,107,217,73
6646,2024-10-03,Thu,22,104,235,44
6647,2024-10-03,Thu,23,120,266,193
6648,2024-10-04,Fri,0,76,169,108
6649,2024-10-04,Fri,1,43,74,71
6650,2024-10-04,Fri,2,18,65,55
6651,2024-10-04,Fri,3,11,27,23
6652,2024-10-04,Fri,4,20,21,24
6653,2024-10-04,Fri,5,27,36,30
6654,2024-10-04,Fri,6,42,75,40
6655,2024-10-04,Fri,7,75,138,72
6656,2024-10-04,Fri,8,97,200,138
6657,2024-10-04,Fri,9,105,194,184
6658,2024-10-04,Fri,10,94,173,215
6659,2024-10-04,Fri,11,86,172,196
6660,2024-10-04,Fri,12,74,195,199
6661,2024-10-04,Fri,13,81,178,199
6662,2024-10-04,Fri,14,71,176,165
6663,2024-10-04,Fri,15,57,188,230
6664,2024-10-04,Fri,16,97,214,176
6665,2024-10-04,Fri,17,94,213,109
6666,2024-10-04,Fri,18,109,200,87
6667,2024-10-04,Fri,19,99,201,86
6668,2024-10-04,Fri,20,123,231,92
6669,2024-10-04,Fri,21,303,270,76
6670,2024-10-04,Fri,22,409,311,69
6671,2024-10-04,Fri,23,421,290,119
6672,2024-10-05,Sat,0,344,202,137
6673,2024-10-05,Sat,1,258,131,84
6674,2024-10-05,Sat,2,144,64,75
6675,2024-10-05,Sat,3,181,67,51
6676,2024-10-05,Sat,4,205,47,32
6677,2024-10-05,Sat,5,176,32,36
6678,2024-10-05,Sat,6,146,57,22
6679,2024-10-05,Sat,7,133,122,42
6680,2024-10-05,Sat,8,229,137,76
6681,2024-10-05,Sat,9,155,178,118
6682,2024-10-05,Sat,10,149,164,116
6683,2024-10-05,Sat,11,108,170,101
6684,2024-10-05,Sat,12,77,185,100
6685,2024-10-05,Sat,13,80,165,149
6686,2024-10-05,Sat,14,87,182,118
6687,2024-10-05,Sat,15,75,211,121
6688,2024-10-05,Sat,16,72,170,113
6689,2024-10-05,Sat,17,74,196,104
6690,2024-10-05,Sat,18,95,246,108
6691,2024-10-05,Sat,19,109,194,98
6692,2024-10-05,Sat,20,93,205,87
6693,2024-10-05,Sat,21,144,288,90
6694,2024-10-05,Sat,22,234,367,110
6695,2024-10-05,Sat,23,244,322,140
6696,2024-10-06,Sun,0,169,239,160
6697,2024-10-06,Sun,1,136,157,139
6698,2024-10-06,Sun,2,70,133,78
6699,2024-10-06,Sun,3,85,72,61
6700,2024-10-06,Sun,4,57,83,50
6701,2024-10-06,Sun,5,24,42,39
6702,2024-10-06,Sun,6,42,62,39
6703,2024-10-06,Sun,7,51,101,40
6704,2024-10-06,Sun,8,84,127,59
6705,2024-10-06,Sun,9,90,156,85
6706,2024-10-06,Sun,10,75,170,89
6707,2024-10-06,Sun,11,97,161,87
6708,2024-10-06,Sun,12,84,184,128
6709,2024-10-06,Sun,13,77,181,100
6710,2024-10-06,Sun,14,89,192,130
6711,2024-10-06,Sun,15,118,169,130
6712,2024-10-06,Sun,16,91,228,79
6713,2024-10-06,Sun,17,98,229,105
6714,2024-10-06,Sun,18,116,210,78
6715,2024-10-06,Sun,19,106,260,72
6716,2024-10-06,Sun,20,128,268,63
6717,2024-10-06,Sun,21,108,255,56
6718,2024-10-06,Sun,22,111,297,44
6719,2024-10-06,Sun,23,110,232,101
6720,2024-10-07,Mon,0,59,154,89
6721,2024-10-07,Mon,1,36,61,56
6722,2024-10-07,Mon,2,44,70,31
6723,2024-10-07,Mon,3,27,33,16
6724,2024-10-07,Mon,4,25,35,36
6725,2024-10-07,Mon,5,34,29,25
6726,2024-10-07,Mon,6,66,83,46
6727,2024-10-07,Mon,7,100,177,78
6728,2024-10-07,Mon,8,139,196,125
6729,2024-10-07,Mon,9,122,203,268
6730,2024-10-07,Mon,10,115,229,336
6731,2024-10-07,Mon,11,93,270,275
6732,2024-10-07,Mon,12,89,230,217
6733,2024-10-07,Mon,13,64,213,211
6734,2024-10-07,Mon,14,61,208,269
6735,2024-10-07,Mon,15,54,272,220
6736,2024-10-07,Mon,16,52,273,185
6737,2024-10-07,Mon,17,89,175,176
6738,2024-10-07,Mon,18,94,205,126
6739,2024-10-07,Mon,19,97,187,129
6740,2024-10-07,Mon,20,93,183,102
6741,2024-10-07,Mon,21,98,246,71
6742,2024-10-07,Mon,22,86,231,67
6743,2024-10-07,Mon,23,90,142,88
6744,2024-10-08,Tue,0,54,109,48
6745,2024-10-08,Tue,1,31,60,49
6746,2024-10-08,Tue,2,22,39,25
6747,2024-10-08,Tue,3,18,43,19
6748,2024-10-08,Tue,4,17,24,6
6749,2024-10-08,Tue,5,45,31,23
6750,2024-10-08,Tue,6,71,94,35
6751,2024-10-08,Tue,7,102,176,105
6752,2024-10-08,Tue,8,111,238,161
6753,2024-10-08,Tue,9,94,248,238
6754,2024-10-08,Tue,10,85,201,255
6755,2024-10-08,Tue,11,87,228,288
6756,2024-10-08,Tue,12,89,184,204
6757,2024-10-08,Tue,13,79,176,219
6758,2024-10-08,Tue,14,83,200,196
6759,2024-10-08,Tue,15,57,201,191
6760,2024-10-08,Tue,16,70,184,216
6761,2024-10-08,Tue,17,82,207,147
6762,2024-10-08,Tue,18,90,205,113
6763,2024-10-08,Tue,19,71,159,93
6764,2024-10-08,Tue,20,86,194,134
6765,2024-10-08,Tue,21,103,236,83
6766,2024-10-08,Tue,22,113,292,81
6767,2024-10-08,Tue,23,70,170,92
6768,2024-10-09,Wed,0,71,135,86
6769,2024-10-09,Wed,1,71,74,39
6770,2024-10-09,Wed,2,36,41,35
6771,2024-10-09,Wed,3,24,45,20
6772,2024-10-09,Wed,4,26,26,21
6773,2024-10-09,Wed,5,30,44,49
6774,2024-10-09,Wed,6,58,93,54
6775,2024-10-09,Wed,7,107,155,112
6776,2024-10-09,Wed,8,122,235,200
6777,2024-10-09,Wed,9,117,171,206
6778,2024-10-09,Wed,10,96,233,230
6779,2024-10-09,Wed,11,83,224,236
6780,2024-10-09,Wed,12,77,208,220
6781,2024-10-09,Wed,13,89,184,173
6782,2024-10-09,Wed,14,83,139,234
6783,2024-10-09,Wed,15,52,195,173
6784,2024-10-09,Wed,16,78,193,130
6785,2024-10-09,Wed,17,94,181,134
6786,2024-10-09,Wed,18,85,208,101
6787,2024-10-09,Wed,19,74,147,87
6788,2024-10-09,Wed,20,75,169,73
6789,2024-10-09,Wed,21,109,257,58
6790,2024-10-09,Wed,22,111,208,47
6791,2024-10-09,Wed,23,95,152,78
6792,2024-10-10,Thu,0,58,95,49
6793,2024-10-10,Thu,1,25,47,43
6794,2024-10-10,Thu,2,29,23,31
6795,2024-10-10,Thu,3,15,26,19
6796,2024-10-10,Thu,4,28,33,31
6797,2024-10-10,Thu,5,44,34,21
6798,2024-10-10,Thu,6,76,97,61
6799,2024-10-10,Thu,7,124,185,95
6800,2024-10-10,Thu,8,100,191,201
6801,2024-10-10,Thu,9,89,247,200
6802,2024-10-10,Thu,10,75,224,206
6803,2024-10-10,Thu,11,90,252,245
6804,2024-10-10,Thu,12,84,248,256
6805,2024-10-10,Thu,13,65,174,258
6806,2024-10-10,Thu,14,78,179,199
6807,2024-10-10,Thu,15,68,236,239
6808,2024-10-10,Thu,16,71,214,171
6809,2024-10-10,Thu,17,89,177,151
6810,2024-10-10,Thu,18,104,175,127
6811,2024-10-10,Thu,19,72,201,99
6812,2024-10-10,Thu,20,90,177,83
6813,2024-10-10,Thu,21,103,255,106
6814,2024-10-10,Thu,22,94,223,81
6815,2024-10-10,Thu,23,99,151,105
6816,2024-10-11,Fri,0,56,94,105
6817,2024-10-11,Fri,1,30,99,51
6818,2024-10-11,Fri,2,18,31,43
6819,2024-10-11,Fri,3,17,25,29
6820,2024-10-11,Fri,4,40,29,30
6821,2024-10-11,Fri,5,43,28,49
6822,2024-10-11,Fri,6,64,108,76
6823,2024-10-11,Fri,7,108,154,144
6824,2024-10-11,Fri,8,123,235,202
6825,2024-10-11,Fri,9,126,227,202
6826,2024-10-11,Fri,10,98,221,259
6827,2024-10-11,Fri,11,118,212,249
6828,2024-10-11,Fri,12,86,199,254
6829,2024-10-11,Fri,13,109,176,244
6830,2024-10-11,Fri,14,96,175,221
6831,2024-10-11,Fri,15,76,194,164
6832,2024-10-11,Fri,16,67,178,167
6833,2024-10-11,Fri,17,98,159,159
6834,2024-10-11,Fri,18,93,248,82
6835,2024-10-11,Fri,19,85,191,95
6836,2024-10-11,Fri,20,100,209,62
6837,2024-10-11,Fri,21,118,242,76
6838,2024-10-11,Fri,22,156,335,48
6839,2024-10-11,Fri,23,184,225,115
6840,2024-10-12,Sat,0,132,200,100
6841,2024-10-12,Sat,1,60,123,92
6842,2024-10-12,Sat,2,49,71,57
6843,2024-10-12,Sat,3,47,59,28
6844,2024-10-12,Sat,4,41,64,51
6845,2024-10-12,Sat,5,26,30,33
6846,2024-10-12,Sat,6,46,30,49
6847,2024-10-12,Sat,7,49,81,51
6848,2024-10-12,Sat,8,58,118,82
6849,2024-10-12,Sat,9,92,158,113
6850,2024-10-12,Sat,10,88,177,103
6851,2024-10-12,Sat,11,62,199,102
6852,2024-10-12,Sat,12,77,139,86
6853,2024-10-12,Sat,13,103,171,119
6854,2024-10-12,Sat,14,94,197,104
6855,2024-10-12,Sat,15,87,200,95
6856,2024-10-12,Sat,16,71,242,98
6857,2024-10-12,Sat,17,80,190,80
6858,2024-10-12,Sat,18,114,170,75
6859,2024-10-12,Sat,19,75,166,79
6860,2024-10-12,Sat,20,105,211,73
6861,2024-10-12,Sat,21,136,283,53
6862,2024-10-12,Sat,22,197,365,91
6863,2024-10-12,Sat,23,137,283,119
6864,2024-10-13,Sun,0,178,297,139
6865,2024-10-13,Sun,1,110,188,126
6866,2024-10-13,Sun,2,74,104,92
6867,2024-10-13,Sun,3,46,68,62
6868,2024-10-13,Sun,4,45,80,53
6869,2024-10-13,Sun,5,22,33,27
6870,2024-10-13,Sun,6,46,43,35
6871,2024-10-13,Sun,7,68,72,49
6872,2024-10-13,Sun,8,69,116,74
6873,2024-10-13,Sun,9,78,158,74
6874,2024-10-13,Sun,10,77,216,80
6875,2024-10-13,Sun,11,94,252,96
6876,2024-10-13,Sun,12,95,206,95
6877,2024-10-13,Sun,13,96,156,119
6878,2024-10-13,Sun,14,85,171,71
6879,2024-10-13,Sun,15,91,183,84
6880,2024-10-13,Sun,16,107,226,58
6881,2024-10-13,Sun,17,98,254,82
6882,2024-10-13,Sun,18,131,249,87
6883,2024-10-13,Sun,19,118,255,71
6884,2024-10-13,Sun,20,142,243,62
6885,2024-10-13,Sun,21,173,336,44
6886,2024-10-13,Sun,22,171,368,47
6887,2024-10-13,Sun,23,233,275,118
6888,2024-10-14,Mon,0,127,186,104
6889,2024-10-14,Mon,1,61,104,85
6890,2024-10-14,Mon,2,53,57,44
6891,2024-10-14,Mon,3,44,42,29
6892,2024-10-14,Mon,4,39,28,28
6893,2024-10-14,Mon,5,36,39,29
6894,2024-10-14,Mon,6,26,65,35
6895,2024-10-14,Mon,7,69,122,58
6896,2024-10-14,Mon,8,95,146,118
6897,2024-10-14,Mon,9,89,165,181
6898,2024-10-14,Mon,10,90,180,177
6899,2024-10-14,Mon,11,77,178,182
6900,2024-10-14,Mon,12,70,173,165
6901,2024-10-14,Mon,13,77,182,152
6902,2024-10-14,Mon,14,73,186,152
6903,2024-10-14,Mon,15,83,160,163
6904,2024-10-14,Mon,16,77,216,159
6905,2024-10-14,Mon,17,90,151,150
6906,2024-10-14,Mon,18,96,190,165
6907,2024-10-14,Mon,19,81,182,115
6908,2024-10-14,Mon,20,86,227,111
6909,2024-10-14,Mon,21,98,192,103
6910,2024-10-14,Mon,22,95,195,81
6911,2024-10-14,Mon,23,86,136,113
6912,2024-10-15,Tue,0,64,106,84
6913,2024-10-15,Tue,1,30,45,51
6914,2024-10-15,Tue,2,29,39,39
6915,2024-10-15,Tue,3,24,32,31
6916,2024-10-15,Tue,4,21,34,27
6917,2024-10-15,Tue,5,45,46,69
6918,2024-10-15,Tue,6,68,86,99
6919,2024-10-15,Tue,7,113,205,155
6920,2024-10-15,Tue,8,141,205,235
6921,2024-10-15,Tue,9,112,225,330
6922,2024-10-15,Tue,10,94,253,407
6923,2024-10-15,Tue,11,97,204,316
6924,2024-10-15,Tue,12,98,216,307
6925,2024-10-15,Tue,13,89,215,259
6926,2024-10-15,Tue,14,73,227,291
6927,2024-10-15,Tue,15,79,177,303
6928,2024-10-15,Tue,16,90,216,307
6929,2024-10-15,Tue,17,246,204,177
6930,2024-10-15,Tue,18,271,206,205
6931,2024-10-15,Tue,19,223,174,154
6932,2024-10-15,Tue,20,280,203,134
6933,2024-10-15,Tue,21,320,227,137
6934,2024-10-15,Tue,22,184,248,125
6935,2024-10-15,Tue,23,152,161,114
6936,2024-10-16,Wed,0,168,100,85
6937,2024-10-16,Wed,1,138,51,54
6938,2024-10-16,Wed,2,110,47,49
6939,2024-10-16,Wed,3,64,48,41
6940,2024-10-16,Wed,4,26,44,44
6941,2024-10-16,Wed,5,46,62,69
6942,2024-10-16,Wed,6,75,131,100
6943,2024-10-16,Wed,7,128,198,172
6944,2024-10-16,Wed,8,118,205,268
6945,2024-10-16,Wed,9,97,237,315
6946,2024-10-16,Wed,10,71,211,279
6947,2024-10-16,Wed,11,67,211,359
6948,2024-10-16,Wed,12,81,190,300
6949,2024-10-16,Wed,13,105,177,214
6950,2024-10-16,Wed,14,83,193,253
6951,2024-10-16,Wed,15,80,223,229
6952,2024-10-16,Wed,16,93,208,262
6953,2024-10-16,Wed,17,113,246,191
6954,2024-10-16,Wed,18,92,198,177
6955,2024-10-16,Wed,19,110,185,164
6956,2024-10-16,Wed,20,100,203,163
6957,2024-10-16,Wed,21,90,301,116
6958,2024-10-16,Wed,22,100,201,123
6959,2024-10-16,Wed,23,102,137,93
6960,2024-10-17,Thu,0,65,109,77
6961,2024-10-17,Thu,1,47,80,73
6962,2024-10-17,Thu,2,22,42,42
6963,2024-10-17,Thu,3,40,41,31
6964,2024-10-17,Thu,4,28,34,53
6965,2024-10-17,Thu,5,45,76,38
6966,2024-10-17,Thu,6,81,107,70
6967,2024-10-17,Thu,7,136,148,173
6968,2024-10-17,Thu,8,118,188,259
6969,2024-10-17,Thu,9,116,191,331
6970,2024-10-17,Thu,10,78,219,343
6971,2024-10-17,Thu,11,80,199,299
6972,2024-10-17,Thu,12,57,208,295
6973,2024-10-17,Thu,13,59,199,281
6974,2024-10-17,Thu,14,104,181,213
6975,2024-10-17,Thu,15,68,218,244
6976,2024-10-17,Thu,16,67,250,223
6977,2024-10-17,Thu,17,104,208,178
6978,2024-10-17,Thu,18,103,183,187
6979,2024-10-17,Thu,19,91,190,136
6980,2024-10-17,Thu,20,90,242,118
6981,2024-10-17,Thu,21,117,206,137
6982,2024-10-17,Thu,22,104,274,112
6983,2024-10-17,Thu,23,82,191,83
6984,2024-10-18,Fri,0,55,140,79
6985,2024-10-18,Fri,1,48,69,64
6986,2024-10-18,Fri,2,25,51,35
6987,2024-10-18,Fri,3,18,27,35
6988,2024-10-18,Fri,4,27,30,36
6989,2024-10-18,Fri,5,35,54,66
6990,2024-10-18,Fri,6,71,95,78
6991,2024-10-18,Fri,7,120,176,150
6992,2024-10-18,Fri,8,117,240,200
6993,2024-10-18,Fri,9,108,190,296
6994,2024-10-18,Fri,10,77,210,277
6995,2024-10-18,Fri,11,87,169,280
6996,2024-10-18,Fri,12,62,191,253
6997,2024-10-18,Fri,13,92,218,260
6998,2024-10-18,Fri,14,85,185,260
6999,2024-10-18,Fri,15,60,204,230
7000,2024-10-18,Fri,16,59,175,179
7001,2024-10-18,Fri,17,82,181,138
7002,2024-10-18,Fri,18,72,204,100
7003,2024-10-18,Fri,19,88,168,89
7004,2024-10-18,Fri,20,97,221,82
7005,2024-10-18,Fri,21,100,176,91
7006,2024-10-18,Fri,22,164,290,80
7007,2024-10-18,Fri,23,136,242,124
7008,2024-10-19,Sat,0,115,187,117
7009,2024-10-19,Sat,1,81,105,78
7010,2024-10-19,Sat,2,51,92,78
7011,2024-10-19,Sat,3,29,63,60
7012,2024-10-19,Sat,4,39,42,43
7013,2024-10-19,Sat,5,39,46,31
7014,2024-10-19,Sat,6,49,66,61
7015,2024-10-19,Sat,7,66,102,68
7016,2024-10-19,Sat,8,94,169,129
7017,2024-10-19,Sat,9,74,178,117
7018,2024-10-19,Sat,10,71,179,138
7019,2024-10-19,Sat,11,89,160,146
7020,2024-10-19,Sat,12,79,185,109
7021,2024-10-19,Sat,13,98,152,142
7022,2024-10-19,Sat,14,92,165,98
7023,2024-10-19,Sat,15,72,163,83
7024,2024-10-19,Sat,16,88,165,83
7025,2024-10-19,Sat,17,113,183,75
7026,2024-10-19,Sat,18,123,238,81
7027,2024-10-19,Sat,19,110,226,67
7028,2024-10-19,Sat,20,138,284,50
7029,2024-10-19,Sat,21,145,315,76
7030,2024-10-19,Sat,22,213,382,71
7031,2024-10-19,Sat,23,193,312,147
7032,2024-10-20,Sun,0,152,288,153
7033,2024-10-20,Sun,1,128,186,122
7034,2024-10-20,Sun,2,88,95,87
7035,2024-10-20,Sun,3,55,57,64
7036,2024-10-20,Sun,4,63,52,47
7037,2024-10-20,Sun,5,23,62,35
7038,2024-10-20,Sun,6,33,54,58
7039,2024-10-20,Sun,7,48,118,41
7040,2024-10-20,Sun,8,66,174,80
7041,2024-10-20,Sun,9,88,158,72
7042,2024-10-20,Sun,10,83,206,112
7043,2024-10-20,Sun,11,96,200,146
7044,2024-10-20,Sun,12,87,182,125
7045,2024-10-20,Sun,13,96,190,123
7046,2024-10-20,Sun,14,89,151,83
7047,2024-10-20,Sun,15,92,195,91
7048,2024-10-20,Sun,16,109,184,95
7049,2024-10-20,Sun,17,100,212,67
7050,2024-10-20,Sun,18,142,224,77
7051,2024-10-20,Sun,19,121,209,73
7052,2024-10-20,Sun,20,176,233,59
7053,2024-10-20,Sun,21,151,267,51
7054,2024-10-20,Sun,22,154,306,57
7055,2024-10-20,Sun,23,127,165,118
7056,2024-10-21,Mon,0,71,131,80
7057,2024-10-21,Mon,1,54,82,73
7058,2024-10-21,Mon,2,32,40,42
7059,2024-10-21,Mon,3,19,46,44
7060,2024-10-21,Mon,4,22,43,30
7061,2024-10-21,Mon,5,64,30,25
7062,2024-10-21,Mon,6,59,78,59
7063,2024-10-21,Mon,7,123,175,104
7064,2024-10-21,Mon,8,133,178,189
7065,2024-10-21,Mon,9,133,187,296
7066,2024-10-21,Mon,10,78,239,370
7067,2024-10-21,Mon,11,83,230,285
7068,2024-10-21,Mon,12,76,210,285
7069,2024-10-21,Mon,13,86,226,257
7070,2024-10-21,Mon,14,76,194,292
7071,2024-10-21,Mon,15,55,208,211
7072,2024-10-21,Mon,16,80,178,286
7073,2024-10-21,Mon,17,99,215,175
7074,2024-10-21,Mon,18,69,234,162
7075,2024-10-21,Mon,19,81,226,108
7076,2024-10-21,Mon,20,101,254,81
7077,2024-10-21,Mon,21,122,239,80
7078,2024-10-21,Mon,22,121,236,65
7079,2024-10-21,Mon,23,95,153,89
7080,2024-10-22,Tue,0,53,120,97
7081,2024-10-22,Tue,1,40,61,53
7082,2024-10-22,Tue,2,28,56,30
7083,2024-10-22,Tue,3,26,41,23
7084,2024-10-22,Tue,4,23,49,31
7085,2024-10-22,Tue,5,40,37,30
7086,2024-10-22,Tue,6,61,107,47
7087,2024-10-22,Tue,7,111,189,126
7088,2024-10-22,Tue,8,137,250,195
7089,2024-10-22,Tue,9,130,234,285
7090,2024-10-22,Tue,10,82,279,337
7091,2024-10-22,Tue,11,90,216,273
7092,2024-10-22,Tue,12,77,232,267
7093,2024-10-22,Tue,13,74,218,245
7094,2024-10-22,Tue,14,68,186,281
7095,2024-10-22,Tue,15,70,191,218
7096,2024-10-22,Tue,16,94,263,223
7097,2024-10-22,Tue,17,96,196,165
7098,2024-10-22,Tue,18,89,189,130
7099,2024-10-22,Tue,19,86,190,102
7100,2024-10-22,Tue,20,89,166,89
7101,2024-10-22,Tue,21,103,250,93
7102,2024-10-22,Tue,22,122,279,61
7103,2024-10-22,Tue,23,93,170,97
7104,2024-10-23,Wed,0,55,90,116
7105,2024-10-23,Wed,1,44,56,37
7106,2024-10-23,Wed,2,34,82,64
7107,2024-10-23,Wed,3,39,21,24
7108,2024-10-23,Wed,4,23,19,19
7109,2024-10-23,Wed,5,33,29,29
7110,2024-10-23,Wed,6,60,84,60
7111,2024-10-23,Wed,7,111,143,100
7112,2024-10-23,Wed,8,132,258,158
7113,2024-10-23,Wed,9,106,222,231
7114,2024-10-23,Wed,10,85,228,252
7115,2024-10-23,Wed,11,79,233,257
7116,2024-10-23,Wed,12,80,191,251
7117,2024-10-23,Wed,13,81,176,234
7118,2024-10-23,Wed,14,77,181,272
7119,2024-10-23,Wed,15,67,197,195
7120,2024-10-23,Wed,16,96,179,181
7121,2024-10-23,Wed,17,88,193,145
7122,2024-10-23,Wed,18,97,169,142
7123,2024-10-23,Wed,19,72,191,132
7124,2024-10-23,Wed,20,92,184,75
7125,2024-10-23,Wed,21,126,210,65
7126,2024-10-23,Wed,22,132,230,48
7127,2024-10-23,Wed,23,93,232,99
7128,2024-10-24,Thu,0,68,165,92
7129,2024-10-24,Thu,1,42,77,50
7130,2024-10-24,Thu,2,15,32,31
7131,2024-10-24,Thu,3,29,40,23
7132,2024-10-24,Thu,4,21,74,24
7133,2024-10-24,Thu,5,37,21,27
7134,2024-10-24,Thu,6,45,87,55
7135,2024-10-24,Thu,7,95,127,103
7136,2024-10-24,Thu,8,105,156,182
7137,2024-10-24,Thu,9,107,202,178
7138,2024-10-24,Thu,10,95,175,202
7139,2024-10-24,Thu,11,64,154,254
7140,2024-10-24,Thu,12,58,151,233
7141,2024-10-24,Thu,13,66,158,233
7142,2024-10-24,Thu,14,79,170,246
7143,2024-10-24,Thu,15,65,170,169
7144,2024-10-24,Thu,16,69,202,215
7145,2024-10-24,Thu,17,72,175,114
7146,2024-10-24,Thu,18,74,156,104
7147,2024-10-24,Thu,19,73,160,112
7148,2024-10-24,Thu,20,91,167,76
7149,2024-10-24,Thu,21,116,189,86
7150,2024-10-24,Thu,22,99,238,92
7151,2024-10-24,Thu,23,96,169,80
7152,2024-10-25,Fri,0,65,128,83
7153,2024-10-25,Fri,1,31,74,53
7154,2024-10-25,Fri,2,22,38,36
7155,2024-10-25,Fri,3,19,36,37
7156,2024-10-25,Fri,4,28,23,32
7157,2024-10-25,Fri,5,36,32,43
7158,2024-10-25,Fri,6,59,84,87
7159,2024-10-25,Fri,7,94,171,104
7160,2024-10-25,Fri,8,119,156,205
7161,2024-10-25,Fri,9,107,190,256
7162,2024-10-25,Fri,10,84,183,213
7163,2024-10-25,Fri,11,73,177,248
7164,2024-10-25,Fri,12,63,202,192
7165,2024-10-25,Fri,13,82,181,257
7166,2024-10-25,Fri,14,70,204,215
7167,2024-10-25,Fri,15,62,187,143
7168,2024-10-25,Fri,16,80,173,200
7169,2024-10-25,Fri,17,109,179,113
7170,2024-10-25,Fri,18,75,155,71
7171,2024-10-25,Fri,19,86,155,90
7172,2024-10-25,Fri,20,82,170,92
7173,2024-10-25,Fri,21,110,246,77
7174,2024-10-25,Fri,22,132,304,73
7175,2024-10-25,Fri,23,175,257,109
7176,2024-10-26,Sat,0,158,279,147
7177,2024-10-26,Sat,1,107,144,105
7178,2024-10-26,Sat,2,59,66,63
7179,2024-10-26,Sat,3,43,54,52
7180,2024-10-26,Sat,4,39,34,43
7181,2024-10-26,Sat,5,45,26,43
7182,2024-10-26,Sat,6,66,52,46
7183,2024-10-26,Sat,7,62,103,38
7184,2024-10-26,Sat,8,75,148,107
7185,2024-10-26,Sat,9,76,223,109
7186,2024-10-26,Sat,10,88,174,117
7187,2024-10-26,Sat,11,85,190,115
7188,2024-10-26,Sat,12,90,198,103
7189,2024-10-26,Sat,13,83,212,93
7190,2024-10-26,Sat,14,76,202,98
7191,2024-10-26,Sat,15,75,218,100
7192,2024-10-26,Sat,16,67,196,93
7193,2024-10-26,Sat,17,86,158,78
7194,2024-10-26,Sat,18,104,186,92
7195,2024-10-26,Sat,19,172,186,58
7196,2024-10-26,Sat,20,250,235,66
7197,2024-10-26,Sat,21,338,288,72
7198,2024-10-26,Sat,22,283,394,80
7199,2024-10-26,Sat,23,294,304,124
7200,2024-10-27,Sun,0,305,326,152
7201,2024-10-27,Sun,1,248,180,125
7202,2024-10-27,Sun,2,174,129,96
7203,2024-10-27,Sun,3,119,54,78
7204,2024-10-27,Sun,4,34,76,54
7205,2024-10-27,Sun,5,23,43,49
7206,2024-10-27,Sun,6,60,63,73
7207,2024-10-27,Sun,7,68,95,64
7208,2024-10-27,Sun,8,80,159,119
7209,2024-10-27,Sun,9,100,172,116
7210,2024-10-27,Sun,10,94,184,202
7211,2024-10-27,Sun,11,99,220,118
7212,2024-10-27,Sun,12,83,179,144
7213,2024-10-27,Sun,13,88,180,172
7214,2024-10-27,Sun,14,70,151,109
7215,2024-10-27,Sun,15,100,182,98
7216,2024-10-27,Sun,16,108,174,98
7217,2024-10-27,Sun,17,116,191,80
7218,2024-10-27,Sun,18,93,201,99
7219,2024-10-27,Sun,19,98,176,78
7220,2024-10-27,Sun,20,73,181,76
7221,2024-10-27,Sun,21,155,241,62
7222,2024-10-27,Sun,22,283,273,65
7223,2024-10-27,Sun,23,272,157,84
7224,2024-10-28,Mon,0,232,94,71
7225,2024-10-28,Mon,1,207,54,55
7226,2024-10-28,Mon,2,143,48,49
7227,2024-10-28,Mon,3,184,25,39
7228,2024-10-28,Mon,4,210,46,46
7229,2024-10-28,Mon,5,222,58,44
7230,2024-10-28,Mon,6,250,102,73
7231,2024-10-28,Mon,7,306,165,128
7232,2024-10-28,Mon,8,306,206,235
7233,2024-10-28,Mon,9,214,194,326
7234,2024-10-28,Mon,10,158,260,352
7235,2024-10-28,Mon,11,70,236,353
7236,2024-10-28,Mon,12,102,271,280
7237,2024-10-28,Mon,13,71,176,285
7238,2024-10-28,Mon,14,90,189,296
7239,2024-10-28,Mon,15,70,170,278
7240,2024-10-28,Mon,16,78,224,248
7241,2024-10-28,Mon,17,95,203,203
7242,2024-10-28,Mon,18,88,234,171
7243,2024-10-28,Mon,19,82,223,122
7244,2024-10-28,Mon,20,91,245,120
7245,2024-10-28,Mon,21,86,204,137
7246,2024-10-28,Mon,22,100,191,94
7247,2024-10-28,Mon,23,103,192,117
7248,2024-10-29,Tue,0,57,117,79
7249,2024-10-29,Tue,1,32,82,40
7250,2024-10-29,Tue,2,28,41,37
7251,2024-10-29,Tue,3,29,49,38
7252,2024-10-29,Tue,4,26,52,47
7253,2024-10-29,Tue,5,44,47,43
7254,2024-10-29,Tue,6,77,125,76
7255,2024-10-29,Tue,7,101,162,121
7256,2024-10-29,Tue,8,157,235,238
7257,2024-10-29,Tue,9,135,218,307
7258,2024-10-29,Tue,10,201,236,327
7259,2024-10-29,Tue,11,333,248,373
7260,2024-10-29,Tue,12,315,201,313
7261,2024-10-29,Tue,13,246,197,265
7262,2024-10-29,Tue,14,216,171,225
7263,2024-10-29,Tue,15,188,175,209
7264,2024-10-29,Tue,16,32,45,7
7265,2024-10-29,Tue,17,265,208,145
7266,2024-10-29,Tue,18,255,183,125
7267,2024-10-29,Tue,19,252,196,116
7268,2024-10-29,Tue,20,251,163,84
7269,2024-10-29,Tue,21,280,213,65
7270,2024-10-29,Tue,22,260,185,64
7271,2024-10-29,Tue,23,249,123,77
7272,2024-10-30,Wed,0,86,82,79
7273,2024-10-30,Wed,1,65,55,45
7274,2024-10-30,Wed,2,29,27,30
7275,2024-10-30,Wed,3,29,33,28
7276,2024-10-30,Wed,4,18,33,23
7277,2024-10-30,Wed,5,31,30,43
7278,2024-10-30,Wed,6,54,87,58
7279,2024-10-30,Wed,7,114,145,70
7280,2024-10-30,Wed,8,150,254,182
7281,2024-10-30,Wed,9,97,199,218
7282,2024-10-30,Wed,10,105,218,245
7283,2024-10-30,Wed,11,76,210,280
7284,2024-10-30,Wed,12,81,211,257
7285,2024-10-30,Wed,13,88,170,249
7286,2024-10-30,Wed,14,61,163,257
7287,2024-10-30,Wed,15,54,238,171
7288,2024-10-30,Wed,16,67,231,235
7289,2024-10-30,Wed,17,115,295,182
7290,2024-10-30,Wed,18,98,460,123
7291,2024-10-30,Wed,19,84,317,99
7292,2024-10-30,Wed,20,70,281,93
7293,2024-10-30,Wed,21,108,312,74
7294,2024-10-30,Wed,22,113,312,59
7295,2024-10-30,Wed,23,126,176,108
7296,2024-10-31,Thu,0,96,120,89
7297,2024-10-31,Thu,1,44,86,49
7298,2024-10-31,Thu,2,36,42,37
7299,2024-10-31,Thu,3,14,27,26
7300,2024-10-31,Thu,4,23,46,25
7301,2024-10-31,Thu,5,36,46,25
7302,2024-10-31,Thu,6,54,106,48
7303,2024-10-31,Thu,7,92,165,81
7304,2024-10-31,Thu,8,109,256,162
7305,2024-10-31,Thu,9,132,239,261
7306,2024-10-31,Thu,10,94,305,318
7307,2024-10-31,Thu,11,88,247,264
7308,2024-10-31,Thu,12,77,249,278
7309,2024-10-31,Thu,13,78,216,237
7310,2024-10-31,Thu,14,77,222,209
7311,2024-10-31,Thu,15,62,248,230
7312,2024-10-31,Thu,16,95,192,173
7313,2024-10-31,Thu,17,67,199,142
7314,2024-10-31,Thu,18,96,183,93
7315,2024-10-31,Thu,19,128,182,96
7316,2024-10-31,Thu,20,135,241,70
7317,2024-10-31,Thu,21,126,259,63
7318,2024-10-31,Thu,22,185,414,62
7319,2024-10-31,Thu,23,130,233,137
7320,2024-11-01,Fri,0,113,148,109
7321,2024-11-01,Fri,1,54,91,90
7322,2024-11-01,Fri,2,41,68,60
7323,2024-11-01,Fri,3,30,36,37
7324,2024-11-01,Fri,4,33,34,28
7325,2024-11-01,Fri,5,46,28,40
7326,2024-11-01,Fri,6,41,80,41
7327,2024-11-01,Fri,7,97,106,75
7328,2024-11-01,Fri,8,99,173,125
7329,2024-11-01,Fri,9,91,186,185
7330,2024-11-01,Fri,10,96,222,220
7331,2024-11-01,Fri,11,74,217,209
7332,2024-11-01,Fri,12,102,183,220
7333,2024-11-01,Fri,13,70,172,246
7334,2024-11-01,Fri,14,62,223,178
7335,2024-11-01,Fri,15,68,154,191
7336,2024-11-01,Fri,16,75,188,167
7337,2024-11-01,Fri,17,109,212,102
7338,2024-11-01,Fri,18,101,255,86
7339,2024-11-01,Fri,19,90,191,83
7340,2024-11-01,Fri,20,133,229,84
7341,2024-11-01,Fri,21,126,271,82
7342,2024-11-01,Fri,22,163,381,51
7343,2024-11-01,Fri,23,202,331,120
7344,2024-11-02,Sat,0,116,278,132
7345,2024-11-02,Sat,1,108,169,118
7346,2024-11-02,Sat,2,69,91,57
7347,2024-11-02,Sat,3,38,58,42
7348,2024-11-02,Sat,4,44,48,45
7349,2024-11-02,Sat,5,25,36,42
7350,2024-11-02,Sat,6,47,49,41
7351,2024-11-02,Sat,7,73,96,37
7352,2024-11-02,Sat,8,79,167,91
7353,2024-11-02,Sat,9,95,204,115
7354,2024-11-02,Sat,10,65,214,114
7355,2024-11-02,Sat,11,155,211,113
7356,2024-11-02,Sat,12,167,195,131
7357,2024-11-02,Sat,13,168,187,121
7358,2024-11-02,Sat,14,178,198,114
7359,2024-11-02,Sat,15,180,175,112
7360,2024-11-02,Sat,16,181,169,87
7361,2024-11-02,Sat,17,178,185,77
7362,2024-11-02,Sat,18,183,240,64
7363,2024-11-02,Sat,19,179,192,78
7364,2024-11-02,Sat,20,189,197,68
7365,2024-11-02,Sat,21,211,245,90
7366,2024-11-02,Sat,22,174,380,81
7367,2024-11-02,Sat,23,158,283,91
7368,2024-11-03,Sun,0,160,217,131
7369,2024-11-03,Sun,1,158,279,209
7370,2024-11-03,Sun,2,38,71,58
7371,2024-11-03,Sun,3,43,63,57
7372,2024-11-03,Sun,4,32,44,58
7373,2024-11-03,Sun,5,63,59,44
7374,2024-11-03,Sun,6,60,122,78
7375,2024-11-03,Sun,7,91,117,111
7376,2024-11-03,Sun,8,82,189,148
7377,2024-11-03,Sun,9,86,231,163
7378,2024-11-03,Sun,10,96,216,127
7379,2024-11-03,Sun,11,106,196,111
7380,2024-11-03,Sun,12,99,186,100
7381,2024-11-03,Sun,13,81,206,113
7382,2024-11-03,Sun,14,96,196,111
7383,2024-11-03,Sun,15,90,183,96
7384,2024-11-03,Sun,16,93,224,102
7385,2024-11-03,Sun,17,78,208,116
7386,2024-11-03,Sun,18,106,205,113
7387,2024-11-03,Sun,19,90,228,125
7388,2024-11-03,Sun,20,118,184,86
7389,2024-11-03,Sun,21,109,203,81
7390,2024-11-03,Sun,22,127,258,89
7391,2024-11-03,Sun,23,71,126,86
7392,2024-11-04,Mon,0,62,71,63
7393,2024-11-04,Mon,1,33,63,49
7394,2024-11-04,Mon,2,24,52,34
7395,2024-11-04,Mon,3,28,40,45
7396,2024-11-04,Mon,4,39,54,35
7397,2024-11-04,Mon,5,61,54,57
7398,2024-11-04,Mon,6,74,121,93
7399,2024-11-04,Mon,7,137,160,170
7400,2024-11-04,Mon,8,121,232,256
7401,2024-11-04,Mon,9,109,212,343
7402,2024-11-04,Mon,10,102,269,301
7403,2024-11-04,Mon,11,96,263,318
7404,2024-11-04,Mon,12,82,199,272
7405,2024-11-04,Mon,13,91,186,307
7406,2024-11-04,Mon,14,71,501,295
7407,2024-11-04,Mon,15,78,594,325
7408,2024-11-04,Mon,16,83,400,254
7409,2024-11-04,Mon,17,77,325,190
7410,2024-11-04,Mon,18,102,249,155
7411,2024-11-04,Mon,19,101,221,141
7412,2024-11-04,Mon,20,94,266,110
7413,2024-11-04,Mon,21,111,249,83
7414,2024-11-04,Mon,22,82,218,86
7415,2024-11-04,Mon,23,68,133,81
7416,2024-11-05,Tue,0,63,87,55
7417,2024-11-05,Tue,1,43,53,48
7418,2024-11-05,Tue,2,13,26,50
7419,2024-11-05,Tue,3,26,25,17
7420,2024-11-05,Tue,4,33,54,33
7421,2024-11-05,Tue,5,38,37,23
7422,2024-11-05,Tue,6,83,117,56
7423,2024-11-05,Tue,7,97,201,115
7424,2024-11-05,Tue,8,133,173,196
7425,2024-11-05,Tue,9,104,215,191
7426,2024-11-05,Tue,10,82,226,232
7427,2024-11-05,Tue,11,70,219,217
7428,2024-11-05,Tue,12,86,200,181
7429,2024-11-05,Tue,13,87,202,175
7430,2024-11-05,Tue,14,69,181,195
7431,2024-11-05,Tue,15,70,169,177
7432,2024-11-05,Tue,16,89,152,153
7433,2024-11-05,Tue,17,96,187,123
7434,2024-11-05,Tue,18,90,192,153
7435,2024-11-05,Tue,19,88,192,100
7436,2024-11-05,Tue,20,84,143,69
7437,2024-11-05,Tue,21,112,166,45
7438,2024-11-05,Tue,22,112,228,59
7439,2024-11-05,Tue,23,86,120,82
7440,2024-11-06,Wed,0,46,92,65
7441,2024-11-06,Wed,1,41,58,52
7442,2024-11-06,Wed,2,17,50,36
7443,2024-11-06,Wed,3,32,30,21
7444,2024-11-06,Wed,4,28,24,18
7445,2024-11-06,Wed,5,30,29,30
7446,2024-11-06,Wed,6,59,75,66
7447,2024-11-06,Wed,7,78,132,110
7448,2024-11-06,Wed,8,132,163,178
7449,2024-11-06,Wed,9,95,204,205
7450,2024-11-06,Wed,10,88,188,236
7451,2024-11-06,Wed,11,84,204,233
7452,2024-11-06,Wed,12,88,198,214
7453,2024-11-06,Wed,13,79,158,209
7454,2024-11-06,Wed,14,77,192,211
7455,2024-11-06,Wed,15,55,183,177
7456,2024-11-06,Wed,16,74,175,198
7457,2024-11-06,Wed,17,84,188,122
7458,2024-11-06,Wed,18,116,167,104
7459,2024-11-06,Wed,19,92,190,82
7460,2024-11-06,Wed,20,120,180,70
7461,2024-11-06,Wed,21,83,172,79
7462,2024-11-06,Wed,22,91,231,59
7463,2024-11-06,Wed,23,86,121,86
7464,2024-11-07,Thu,0,61,102,64
7465,2024-11-07,Thu,1,44,48,41
7466,2024-11-07,Thu,2,37,50,41
7467,2024-11-07,Thu,3,16,28,19
7468,2024-11-07,Thu,4,30,25,21
7469,2024-11-07,Thu,5,38,35,32
7470,2024-11-07,Thu,6,65,102,69
7471,2024-11-07,Thu,7,115,176,109
7472,2024-11-07,Thu,8,111,161,173
7473,2024-11-07,Thu,9,110,209,250
7474,2024-11-07,Thu,10,77,255,299
7475,2024-11-07,Thu,11,79,221,256
7476,2024-11-07,Thu,12,84,181,282
7477,2024-11-07,Thu,13,73,170,219
7478,2024-11-07,Thu,14,60,172,227
7479,2024-11-07,Thu,15,73,221,233
7480,2024-11-07,Thu,16,59,219,147
7481,2024-11-07,Thu,17,51,151,140
7482,2024-11-07,Thu,18,85,167,76
7483,2024-11-07,Thu,19,63,173,88
7484,2024-11-07,Thu,20,82,140,78
7485,2024-11-07,Thu,21,104,208,71
7486,2024-11-07,Thu,22,110,174,64
7487,2024-11-07,Thu,23,90,151,83
7488,2024-11-08,Fri,0,60,103,71
7489,2024-11-08,Fri,1,42,59,36
7490,2024-11-08,Fri,2,24,35,27
7491,2024-11-08,Fri,3,26,49,27
7492,2024-11-08,Fri,4,18,30,29
7493,2024-11-08,Fri,5,42,32,46
7494,2024-11-08,Fri,6,85,98,64
7495,2024-11-08,Fri,7,101,159,134
7496,2024-11-08,Fri,8,121,176,194
7497,2024-11-08,Fri,9,129,222,226
7498,2024-11-08,Fri,10,75,198,260
7499,2024-11-08,Fri,11,85,155,215
7500,2024-11-08,Fri,12,85,168,256
7501,2024-11-08,Fri,13,87,205,255
7502,2024-11-08,Fri,14,57,191,212
7503,2024-11-08,Fri,15,51,177,166
7504,2024-11-08,Fri,16,54,214,159
7505,2024-11-08,Fri,17,89,191,118
7506,2024-11-08,Fri,18,80,197,82
7507,2024-11-08,Fri,19,79,178,90
7508,2024-11-08,Fri,20,111,216,65
7509,2024-11-08,Fri,21,101,212,58
7510,2024-11-08,Fri,22,141,299,70
7511,2024-11-08,Fri,23,116,184,89
7512,2024-11-09,Sat,0,88,134,104
7513,2024-11-09,Sat,1,89,97,73
7514,2024-11-09,Sat,2,36,55,51
7515,2024-11-09,Sat,3,35,28,50
7516,2024-11-09,Sat,4,39,54,42
7517,2024-11-09,Sat,5,32,54,49
7518,2024-11-09,Sat,6,102,109,58
7519,2024-11-09,Sat,7,78,146,115
7520,2024-11-09,Sat,8,66,185,143
7521,2024-11-09,Sat,9,80,235,193
7522,2024-11-09,Sat,10,87,235,155
7523,2024-11-09,Sat,11,92,203,154
7524,2024-11-09,Sat,12,106,221,162
7525,2024-11-09,Sat,13,76,206,163
7526,2024-11-09,Sat,14,101,175,121
7527,2024-11-09,Sat,15,70,143,105
7528,2024-11-09,Sat,16,105,199,133
7529,2024-11-09,Sat,17,65,190,102
7530,2024-11-09,Sat,18,88,187,91
7531,2024-11-09,Sat,19,96,189,88
7532,2024-11-09,Sat,20,78,231,93
7533,2024-11-09,Sat,21,107,281,80
7534,2024-11-09,Sat,22,135,295,126
7535,2024-11-09,Sat,23,150,231,144
7536,2024-11-10,Sun,0,115,200,125
7537,2024-11-10,Sun,1,82,134,81
7538,2024-11-10,Sun,2,62,92,85
7539,2024-11-10,Sun,3,32,54,65
7540,2024-11-10,Sun,4,29,36,47
7541,2024-11-10,Sun,5,32,37,46
7542,2024-11-10,Sun,6,48,49,54
7543,2024-11-10,Sun,7,68,114,90
7544,2024-11-10,Sun,8,79,183,125
7545,2024-11-10,Sun,9,120,191,145
7546,2024-11-10,Sun,10,102,200,156
7547,2024-11-10,Sun,11,107,195,110
7548,2024-11-10,Sun,12,92,164,128
7549,2024-11-10,Sun,13,89,190,113
7550,2024-11-10,Sun,14,99,204,145
7551,2024-11-10,Sun,15,108,189,119
7552,2024-11-10,Sun,16,82,197,93
7553,2024-11-10,Sun,17,82,187,94
7554,2024-11-10,Sun,18,94,191,122
7555,2024-11-10,Sun,19,85,173,92
7556,2024-11-10,Sun,20,82,186,67
7557,2024-11-10,Sun,21,79,205,64
7558,2024-11-10,Sun,22,115,225,51
7559,2024-11-10,Sun,23,64,112,99
7560,2024-11-11,Mon,0,64,108,65
7561,2024-11-11,Mon,1,53,57,47
7562,2024-11-11,Mon,2,41,42,33
7563,2024-11-11,Mon,3,26,39,22
7564,2024-11-11,Mon,4,27,30,22
7565,2024-11-11,Mon,5,38,29,39
7566,2024-11-11,Mon,6,42,74,38
7567,2024-11-11,Mon,7,75,140,72
7568,2024-11-11,Mon,8,98,181,135
7569,2024-11-11,Mon,9,96,206,194
7570,2024-11-11,Mon,10,95,191,145
7571,2024-11-11,Mon,11,80,164,188
7572,2024-11-11,Mon,12,67,185,185
7573,2024-11-11,Mon,13,76,176,174
7574,2024-11-11,Mon,14,57,166,142
7575,2024-11-11,Mon,15,64,188,155
7576,2024-11-11,Mon,16,80,167,147
7577,2024-11-11,Mon,17,89,157,99
7578,2024-11-11,Mon,18,56,152,130
7579,2024-11-11,Mon,19,75,153,77
7580,2024-11-11,Mon,20,93,194,84
7581,2024-11-11,Mon,21,98,186,82
7582,2024-11-11,Mon,22,91,179,64
7583,2024-11-11,Mon,23,63,126,76
7584,2024-11-12,Tue,0,50,76,68
7585,2024-11-12,Tue,1,21,57,50
7586,2024-11-12,Tue,2,26,42,34
7587,2024-11-12,Tue,3,42,27,33
7588,2024-11-12,Tue,4,41,39,33
7589,2024-11-12,Tue,5,66,52,61
7590,2024-11-12,Tue,6,100,99,80
7591,2024-11-12,Tue,7,119,172,158
7592,2024-11-12,Tue,8,130,194,223
7593,2024-11-12,Tue,9,123,224,324
7594,2024-11-12,Tue,10,91,224,314
7595,2024-11-12,Tue,11,71,227,289
7596,2024-11-12,Tue,12,93,220,249
7597,2024-11-12,Tue,13,89,191,239
7598,2024-11-12,Tue,14,90,257,280
7599,2024-11-12,Tue,15,68,228,261
7600,2024-11-12,Tue,16,85,206,256
7601,2024-11-12,Tue,17,96,173,191
7602,2024-11-12,Tue,18,79,178,155
7603,2024-11-12,Tue,19,93,181,160
7604,2024-11-12,Tue,20,100,180,145
7605,2024-11-12,Tue,21,84,225,131
7606,2024-11-12,Tue,22,92,179,113
7607,2024-11-12,Tue,23,85,148,145
7608,2024-11-13,Wed,0,43,108,103
7609,2024-11-13,Wed,1,31,80,49
7610,2024-11-13,Wed,2,45,60,38
7611,2024-11-13,Wed,3,27,64,49
7612,2024-11-13,Wed,4,22,22,54
7613,2024-11-13,Wed,5,51,56,74
7614,2024-11-13,Wed,6,73,101,119
7615,2024-11-13,Wed,7,130,178,228
7616,2024-11-13,Wed,8,140,211,297
7617,2024-11-13,Wed,9,89,250,389
7618,2024-11-13,Wed,10,83,201,401
7619,2024-11-13,Wed,11,68,202,352
7620,2024-11-13,Wed,12,78,188,258
7621,2024-11-13,Wed,13,74,185,348
7622,2024-11-13,Wed,14,79,194,309
7623,2024-11-13,Wed,15,73,230,283
7624,2024-11-13,Wed,16,76,205,265
7625,2024-11-13,Wed,17,82,178,212
7626,2024-11-13,Wed,18,101,195,205
7627,2024-11-13,Wed,19,92,175,172
7628,2024-11-13,Wed,20,94,204,147
7629,2024-11-13,Wed,21,126,174,118
7630,2024-11-13,Wed,22,108,230,116
7631,2024-11-13,Wed,23,73,136,89
7632,2024-11-14,Thu,0,47,177,87
7633,2024-11-14,Thu,1,34,54,43
7634,2024-11-14,Thu,2,39,37,62
7635,2024-11-14,Thu,3,33,33,43
7636,2024-11-14,Thu,4,31,35,33
7637,2024-11-14,Thu,5,52,34,104
7638,2024-11-14,Thu,6,74,97,103
7639,2024-11-14,Thu,7,116,163,195
7640,2024-11-14,Thu,8,136,203,294
7641,2024-11-14,Thu,9,112,191,328
7642,2024-11-14,Thu,10,93,233,256
7643,2024-11-14,Thu,11,89,207,323
7644,2024-11-14,Thu,12,102,189,281
7645,2024-11-14,Thu,13,99,339,554
7646,2024-11-14,Thu,14,61,172,289
7647,2024-11-14,Thu,15,77,263,272
7648,2024-11-14,Thu,16,73,255,238
7649,2024-11-14,Thu,17,80,175,221
7650,2024-11-14,Thu,18,94,145,147
7651,2024-11-14,Thu,19,74,174,159
7652,2024-11-14,Thu,20,105,165,136
7653,2024-11-14,Thu,21,89,280,136
7654,2024-11-14,Thu,22,110,272,102
7655,2024-11-14,Thu,23,74,145,131
7656,2024-11-15,Fri,0,59,130,96
7657,2024-11-15,Fri,1,38,91,59
7658,2024-11-15,Fri,2,31,38,64
7659,2024-11-15,Fri,3,28,38,44
7660,2024-11-15,Fri,4,13,39,48
7661,2024-11-15,Fri,5,40,50,56
7662,2024-11-15,Fri,6,60,72,89
7663,2024-11-15,Fri,7,110,150,188
7664,2024-11-15,Fri,8,129,246,219
7665,2024-11-15,Fri,9,122,246,315
7666,2024-11-15,Fri,10,85,167,305
7667,2024-11-15,Fri,11,78,205,321
7668,2024-11-15,Fri,12,65,217,260
7669,2024-11-15,Fri,13,87,190,258
7670,2024-11-15,Fri,14,89,247,208
7671,2024-11-15,Fri,15,58,152,246
7672,2024-11-15,Fri,16,55,219,175
7673,2024-11-15,Fri,17,83,175,127
7674,2024-11-15,Fri,18,82,180,118
7675,2024-11-15,Fri,19,95,169,73
7676,2024-11-15,Fri,20,83,191,85
7677,2024-11-15,Fri,21,88,246,82
7678,2024-11-15,Fri,22,116,221,83
7679,2024-11-15,Fri,23,100,172,113
7680,2024-11-16,Sat,0,89,131,109
7681,2024-11-16,Sat,1,83,147,84
7682,2024-11-16,Sat,2,54,55,45
7683,2024-11-16,Sat,3,54,36,36
7684,2024-11-16,Sat,4,31,43,48
7685,2024-11-16,Sat,5,28,31,45
7686,2024-11-16,Sat,6,55,70,57
7687,2024-11-16,Sat,7,84,129,66
7688,2024-11-16,Sat,8,87,185,126
7689,2024-11-16,Sat,9,100,220,135
7690,2024-11-16,Sat,10,71,178,107
7691,2024-11-16,Sat,11,70,169,122
7692,2024-11-16,Sat,12,106,184,105
7693,2024-11-16,Sat,13,96,145,153
7694,2024-11-16,Sat,14,113,158,114
7695,2024-11-16,Sat,15,97,135,113
7696,2024-11-16,Sat,16,91,177,101
7697,2024-11-16,Sat,17,80,225,70
7698,2024-11-16,Sat,18,73,181,56
7699,2024-11-16,Sat,19,97,190,86
7700,2024-11-16,Sat,20,108,210,79
7701,2024-11-16,Sat,21,139,225,56
7702,2024-11-16,Sat,22,149,304,66
7703,2024-11-16,Sat,23,148,236,117
7704,2024-11-17,Sun,0,120,176,142
7705,2024-11-17,Sun,1,68,145,76
7706,2024-11-17,Sun,2,72,84,77
7707,2024-11-17,Sun,3,42,57,41
7708,2024-11-17,Sun,4,37,50,29
7709,2024-11-17,Sun,5,35,36,43
7710,2024-11-17,Sun,6,62,56,44
7711,2024-11-17,Sun,7,51,116,83
7712,2024-11-17,Sun,8,97,155,77
7713,2024-11-17,Sun,9,64,186,129
7714,2024-11-17,Sun,10,90,176,124
7715,2024-11-17,Sun,11,131,183,98
7716,2024-11-17,Sun,12,87,184,155
7717,2024-11-17,Sun,13,96,141,104
7718,2024-11-17,Sun,14,99,161,108
7719,2024-11-17,Sun,15,99,201,109
7720,2024-11-17,Sun,16,119,208,102
7721,2024-11-17,Sun,17,94,263,76
7722,2024-11-17,Sun,18,114,274,64
7723,2024-11-17,Sun,19,94,167,66
7724,2024-11-17,Sun,20,99,213,67
7725,2024-11-17,Sun,21,117,219,91
7726,2024-11-17,Sun,22,120,235,60
7727,2024-11-17,Sun,23,79,146,100
7728,2024-11-18,Mon,0,81,112,87
7729,2024-11-18,Mon,1,59,64,62
7730,2024-11-18,Mon,2,28,28,32
7731,2024-11-18,Mon,3,34,39,16
7732,2024-11-18,Mon,4,25,43,42
7733,2024-11-18,Mon,5,46,48,59
7734,2024-11-18,Mon,6,56,94,94
7735,2024-11-18,Mon,7,95,141,124
7736,2024-11-18,Mon,8,141,201,199
7737,2024-11-18,Mon,9,102,202,300
7738,2024-11-18,Mon,10,213,231,293
7739,2024-11-18,Mon,11,252,179,332
7740,2024-11-18,Mon,12,217,203,267
7741,2024-11-18,Mon,13,243,199,253
7742,2024-11-18,Mon,14,246,197,272
7743,2024-11-18,Mon,15,198,194,307
7744,2024-11-18,Mon,16,156,189,214
7745,2024-11-18,Mon,17,172,175,177
7746,2024-11-18,Mon,18,186,199,173
7747,2024-11-18,Mon,19,208,180,138
7748,2024-11-18,Mon,20,197,218,97
7749,2024-11-18,Mon,21,250,262,114
7750,2024-11-18,Mon,22,279,179,87
7751,2024-11-18,Mon,23,254,122,92
7752,2024-11-19,Tue,0,226,128,64
7753,2024-11-19,Tue,1,201,48,38
7754,2024-11-19,Tue,2,211,40,49
7755,2024-11-19,Tue,3,191,42,30
7756,2024-11-19,Tue,4,134,40,32
7757,2024-11-19,Tue,5,130,60,30
7758,2024-11-19,Tue,6,169,132,124
7759,2024-11-19,Tue,7,223,168,127
7760,2024-11-19,Tue,8,218,248,250
7761,2024-11-19,Tue,9,218,442,267
7762,2024-11-19,Tue,10,191,394,302
7763,2024-11-19,Tue,11,181,352,267
7764,2024-11-19,Tue,12,161,282,324
7765,2024-11-19,Tue,13,184,238,268
7766,2024-11-19,Tue,14,149,275,213
7767,2024-11-19,Tue,15,162,299,220
7768,2024-11-19,Tue,16,182,314,214
7769,2024-11-19,Tue,17,174,208,142
7770,2024-11-19,Tue,18,174,227,124
7771,2024-11-19,Tue,19,164,217,124
7772,2024-11-19,Tue,20,300,220,93
7773,2024-11-19,Tue,21,346,304,103
7774,2024-11-19,Tue,22,335,261,96
7775,2024-11-19,Tue,23,279,183,96
7776,2024-11-20,Wed,0,245,180,68
7777,2024-11-20,Wed,1,197,84,52
7778,2024-11-20,Wed,2,283,46,26
7779,2024-11-20,Wed,3,265,46,28
7780,2024-11-20,Wed,4,273,61,29
7781,2024-11-20,Wed,5,274,71,35
7782,2024-11-20,Wed,6,255,117,71
7783,2024-11-20,Wed,7,390,179,121
7784,2024-11-20,Wed,8,386,249,196
7785,2024-11-20,Wed,9,378,278,227
7786,2024-11-20,Wed,10,320,304,265
7787,2024-11-20,Wed,11,262,293,258
7788,2024-11-20,Wed,12,272,266,238
7789,2024-11-20,Wed,13,179,183,236
7790,2024-11-20,Wed,14,103,220,248
7791,2024-11-20,Wed,15,77,305,177
7792,2024-11-20,Wed,16,74,210,201
7793,2024-11-20,Wed,17,110,264,155
7794,2024-11-20,Wed,18,99,191,119
7795,2024-11-20,Wed,19,102,206,143
7796,2024-11-20,Wed,20,82,214,81
7797,2024-11-20,Wed,21,153,234,88
7798,2024-11-20,Wed,22,201,200,77
7799,2024-11-20,Wed,23,187,133,115
7800,2024-11-21,Thu,0,139,138,73
7801,2024-11-21,Thu,1,115,54,54
7802,2024-11-21,Thu,2,113,27,19
7803,2024-11-21,Thu,3,113,24,27
7804,2024-11-21,Thu,4,114,38,38
7805,2024-11-21,Thu,5,118,60,47
7806,2024-11-21,Thu,6,135,72,72
7807,2024-11-21,Thu,7,143,133,122
7808,2024-11-21,Thu,8,98,173,219
7809,2024-11-21,Thu,9,101,211,287
7810,2024-11-21,Thu,10,68,235,268
7811,2024-11-21,Thu,11,80,200,267
7812,2024-11-21,Thu,12,59,234,258
7813,2024-11-21,Thu,13,44,210,236
7814,2024-11-21,Thu,14,66,167,226
7815,2024-11-21,Thu,15,72,168,201
7816,2024-11-21,Thu,16,49,191,214
7817,2024-11-21,Thu,17,56,154,114
7818,2024-11-21,Thu,18,50,179,136
7819,2024-11-21,Thu,19,77,204,137
7820,2024-11-21,Thu,20,80,181,116
7821,2024-11-21,Thu,21,107,248,106
7822,2024-11-21,Thu,22,71,215,119
7823,2024-11-21,Thu,23,68,115,104
7824,2024-11-22,Fri,0,57,111,97
7825,2024-11-22,Fri,1,51,55,54
7826,2024-11-22,Fri,2,24,76,55
7827,2024-11-22,Fri,3,17,41,27
7828,2024-11-22,Fri,4,21,41,41
7829,2024-11-22,Fri,5,41,61,53
7830,2024-11-22,Fri,6,65,112,92
7831,2024-11-22,Fri,7,98,129,206
7832,2024-11-22,Fri,8,118,238,252
7833,2024-11-22,Fri,9,82,232,352
7834,2024-11-22,Fri,10,108,287,299
7835,2024-11-22,Fri,11,98,253,316
7836,2024-11-22,Fri,12,78,235,359
7837,2024-11-22,Fri,13,65,185,325
7838,2024-11-22,Fri,14,78,215,306
7839,2024-11-22,Fri,15,74,215,251
7840,2024-11-22,Fri,16,60,232,275
7841,2024-11-22,Fri,17,78,200,187
7842,2024-11-22,Fri,18,88,163,155
7843,2024-11-22,Fri,19,74,197,110
7844,2024-11-22,Fri,20,73,171,98
7845,2024-11-22,Fri,21,72,158,98
7846,2024-11-22,Fri,22,99,208,77
7847,2024-11-22,Fri,23,87,160,108
7848,2024-11-23,Sat,0,78,171,105
7849,2024-11-23,Sat,1,57,97,76
7850,2024-11-23,Sat,2,53,45,68
7851,2024-11-23,Sat,3,41,29,35
7852,2024-11-23,Sat,4,26,35,52
7853,2024-11-23,Sat,5,27,28,28
7854,2024-11-23,Sat,6,45,49,56
7855,2024-11-23,Sat,7,62,109,88
7856,2024-11-23,Sat,8,96,158,137
7857,2024-11-23,Sat,9,90,180,148
7858,2024-11-23,Sat,10,150,228,153
7859,2024-11-23,Sat,11,108,219,145
7860,2024-11-23,Sat,12,106,227,165
7861,2024-11-23,Sat,13,108,188,181
7862,2024-11-23,Sat,14,90,186,134
7863,2024-11-23,Sat,15,87,211,154
7864,2024-11-23,Sat,16,90,163,171
7865,2024-11-23,Sat,17,87,192,127
7866,2024-11-23,Sat,18,67,216,106
7867,2024-11-23,Sat,19,88,167,101
7868,2024-11-23,Sat,20,76,168,102
7869,2024-11-23,Sat,21,120,194,75
7870,2024-11-23,Sat,22,155,278,57
7871,2024-11-23,Sat,23,152,221,114
7872,2024-11-24,Sun,0,136,212,127
7873,2024-11-24,Sun,1,104,160,83
7874,2024-11-24,Sun,2,56,87,87
7875,2024-11-24,Sun,3,40,56,50
7876,2024-11-24,Sun,4,37,47,51
7877,2024-11-24,Sun,5,33,35,56
7878,2024-11-24,Sun,6,33,56,57
7879,2024-11-24,Sun,7,70,115,78
7880,2024-11-24,Sun,8,78,182,103
7881,2024-11-24,Sun,9,93,209,110
7882,2024-11-24,Sun,10,92,217,184
7883,2024-11-24,Sun,11,96,249,141
7884,2024-11-24,Sun,12,87,226,129
7885,2024-11-24,Sun,13,67,227,136
7886,2024-11-24,Sun,14,71,212,101
7887,2024-11-24,Sun,15,113,214,144
7888,2024-11-24,Sun,16,82,159,108
7889,2024-11-24,Sun,17,87,189,113
7890,2024-11-24,Sun,18,81,231,94
7891,2024-11-24,Sun,19,79,229,111
7892,2024-11-24,Sun,20,85,233,117
7893,2024-11-24,Sun,21,99,188,70
7894,2024-11-24,Sun,22,99,205,76
7895,2024-11-24,Sun,23,72,161,80
7896,2024-11-25,Mon,0,50,98,81
7897,2024-11-25,Mon,1,45,68,50
7898,2024-11-25,Mon,2,20,51,44
7899,2024-11-25,Mon,3,21,32,45
7900,2024-11-25,Mon,4,27,38,33
7901,2024-11-25,Mon,5,41,42,35
7902,2024-11-25,Mon,6,54,93,75
7903,2024-11-25,Mon,7,77,144,153
7904,2024-11-25,Mon,8,149,190,209
7905,2024-11-25,Mon,9,120,222,288
7906,2024-11-25,Mon,10,74,293,384
7907,2024-11-25,Mon,11,97,228,380
7908,2024-11-25,Mon,12,79,191,257
7909,2024-11-25,Mon,13,89,202,268
7910,2024-11-25,Mon,14,140,181,290
7911,2024-11-25,Mon,15,102,270,219
7912,2024-11-25,Mon,16,115,189,247
7913,2024-11-25,Mon,17,158,169,144
7914,2024-11-25,Mon,18,133,145,160
7915,2024-11-25,Mon,19,150,188,126
7916,2024-11-25,Mon,20,93,176,140
7917,2024-11-25,Mon,21,98,198,107
7918,2024-11-25,Mon,22,108,192,89
7919,2024-11-25,Mon,23,95,138,102
7920,2024-11-26,Tue,0,56,124,76
7921,2024-11-26,Tue,1,44,68,45
7922,2024-11-26,Tue,2,26,44,18
7923,2024-11-26,Tue,3,29,23,32
7924,2024-11-26,Tue,4,35,45,44
7925,2024-11-26,Tue,5,28,49,30
7926,2024-11-26,Tue,6,63,102,86
7927,2024-11-26,Tue,7,116,161,99
7928,2024-11-26,Tue,8,80,204,155
7929,2024-11-26,Tue,9,79,199,233
7930,2024-11-26,Tue,10,65,205,215
7931,2024-11-26,Tue,11,83,207,270
7932,2024-11-26,Tue,12,68,165,257
7933,2024-11-26,Tue,13,70,119,227
7934,2024-11-26,Tue,14,61,140,194
7935,2024-11-26,Tue,15,57,165,234
7936,2024-11-26,Tue,16,71,246,179
7937,2024-11-26,Tue,17,77,150,124
7938,2024-11-26,Tue,18,78,142,114
7939,2024-11-26,Tue,19,67,181,123
7940,2024-11-26,Tue,20,76,169,107
7941,2024-11-26,Tue,21,99,249,86
7942,2024-11-26,Tue,22,130,202,83
7943,2024-11-26,Tue,23,84,152,72
7944,2024-11-27,Wed,0,70,111,63
7945,2024-11-27,Wed,1,37,74,56
7946,2024-11-27,Wed,2,28,51,44
7947,2024-11-27,Wed,3,15,43,31
7948,2024-11-27,Wed,4,36,28,27
7949,2024-11-27,Wed,5,40,45,51
7950,2024-11-27,Wed,6,55,87,78
7951,2024-11-27,Wed,7,75,127,128
7952,2024-11-27,Wed,8,92,212,192
7953,2024-11-27,Wed,9,102,203,218
7954,2024-11-27,Wed,10,94,208,284
7955,2024-11-27,Wed,11,68,169,191
7956,2024-11-27,Wed,12,78,188,250
7957,2024-11-27,Wed,13,74,159,200
7958,2024-11-27,Wed,14,71,156,176
7959,2024-11-27,Wed,15,73,183,192
7960,2024-11-27,Wed,16,66,175,146
7961,2024-11-27,Wed,17,77,115,134
7962,2024-11-27,Wed,18,63,135,124
7963,2024-11-27,Wed,19,77,188,97
7964,2024-11-27,Wed,20,77,172,102
7965,2024-11-27,Wed,21,91,173,65
7966,2024-11-27,Wed,22,116,214,79
7967,2024-11-27,Wed,23,103,150,94
7968,2024-11-28,Thu,0,64,146,79
7969,2024-11-28,Thu,1,48,79,75
7970,2024-11-28,Thu,2,50,43,37
7971,2024-11-28,Thu,3,27,41,32
7972,2024-11-28,Thu,4,15,33,43
7973,2024-11-28,Thu,5,14,22,26
7974,2024-11-28,Thu,6,22,30,28
7975,2024-11-28,Thu,7,41,46,33
7976,2024-11-28,Thu,8,36,75,78
7977,2024-11-28,Thu,9,36,95,82
7978,2024-11-28,Thu,10,42,117,120
7979,2024-11-28,Thu,11,35,131,140
7980,2024-11-28,Thu,12,62,107,121
7981,2024-11-28,Thu,13,60,95,102
7982,2024-11-28,Thu,14,80,85,85
7983,2024-11-28,Thu,15,149,99,79
7984,2024-11-28,Thu,16,141,122,62
7985,2024-11-28,Thu,17,148,103,84
7986,2024-11-28,Thu,18,171,102,77
7987,2024-11-28,Thu,19,168,94,81
7988,2024-11-28,Thu,20,186,111,86
7989,2024-11-28,Thu,21,168,136,103
7990,2024-11-28,Thu,22,178,169,69
7991,2024-11-28,Thu,23,205,130,111
7992,2024-11-29,Fri,0,185,129,111
7993,2024-11-29,Fri,1,162,105,82
7994,2024-11-29,Fri,2,110,58,69
7995,2024-11-29,Fri,3,22,61,41
7996,2024-11-29,Fri,4,46,41,45
7997,2024-11-29,Fri,5,38,37,33
7998,2024-11-29,Fri,6,41,48,41
7999,2024-11-29,Fri,7,52,77,85
8000,2024-11-29,Fri,8,48,111,145
8001,2024-11-29,Fri,9,72,149,182
8002,2024-11-29,Fri,10,92,159,242
8003,2024-11-29,Fri,11,63,168,179
8004,2024-11-29,Fri,12,86,131,209
8005,2024-11-29,Fri,13,171,154,212
8006,2024-11-29,Fri,14,201,144,184
8007,2024-11-29,Fri,15,149,137,166
8008,2024-11-29,Fri,16,155,107,199
8009,2024-11-29,Fri,17,132,146,124
8010,2024-11-29,Fri,18,151,157,76
8011,2024-11-29,Fri,19,148,156,108
8012,2024-11-29,Fri,20,138,163,92
8013,2024-11-29,Fri,21,161,222,70
8014,2024-11-29,Fri,22,171,165,62
8015,2024-11-29,Fri,23,98,129,105
8016,2024-11-30,Sat,0,79,117,144
8017,2024-11-30,Sat,1,78,93,98
8018,2024-11-30,Sat,2,37,105,57
8019,2024-11-30,Sat,3,29,29,54
8020,2024-11-30,Sat,4,44,34,44
8021,2024-11-30,Sat,5,16,23,40
8022,2024-11-30,Sat,6,46,73,63
8023,2024-11-30,Sat,7,45,106,85
8024,2024-11-30,Sat,8,58,175,123
8025,2024-11-30,Sat,9,65,188,148
8026,2024-11-30,Sat,10,69,200,135
8027,2024-11-30,Sat,11,95,201,153
8028,2024-11-30,Sat,12,83,164,117
8029,2024-11-30,Sat,13,90,167,153
8030,2024-11-30,Sat,14,71,164,174
8031,2024-11-30,Sat,15,73,164,146
8032,2024-11-30,Sat,16,68,178,141
8033,2024-11-30,Sat,17,78,180,127
8034,2024-11-30,Sat,18,154,145,141
8035,2024-11-30,Sat,19,180,187,112
8036,2024-11-30,Sat,20,173,164,107
8037,2024-11-30,Sat,21,191,228,81
8038,2024-11-30,Sat,22,210,228,97
8039,2024-11-30,Sat,23,214,186,138
8040,2024-12-01,Sun,0,94,166,133
8041,2024-12-01,Sun,1,76,138,95
8042,2024-12-01,Sun,2,48,97,67
8043,2024-12-01,Sun,3,42,48,48
8044,2024-12-01,Sun,4,43,38,52
8045,2024-12-01,Sun,5,23,41,55
8046,2024-12-01,Sun,6,38,52,89
8047,2024-12-01,Sun,7,72,111,104
8048,2024-12-01,Sun,8,87,145,161
8049,2024-12-01,Sun,9,78,199,177
8050,2024-12-01,Sun,10,104,194,227
8051,2024-12-01,Sun,11,88,244,168
8052,2024-12-01,Sun,12,85,220,223
8053,2024-12-01,Sun,13,76,205,175
8054,2024-12-01,Sun,14,97,198,197
8055,2024-12-01,Sun,15,91,185,197
8056,2024-12-01,Sun,16,112,256,167
8057,2024-12-01,Sun,17,60,204,149
8058,2024-12-01,Sun,18,105,202,130
8059,2024-12-01,Sun,19,94,225,138
8060,2024-12-01,Sun,20,86,197,121
8061,2024-12-01,Sun,21,94,212,104
8062,2024-12-01,Sun,22,106,179,91
8063,2024-12-01,Sun,23,87,125,87
8064,2024-12-02,Mon,0,61,109,89
8065,2024-12-02,Mon,1,41,47,60
8066,2024-12-02,Mon,2,24,45,38
8067,2024-12-02,Mon,3,30,37,35
8068,2024-12-02,Mon,4,31,37,43
8069,2024-12-02,Mon,5,33,61,58
8070,2024-12-02,Mon,6,73,108,97
8071,2024-12-02,Mon,7,99,180,158
8072,2024-12-02,Mon,8,128,197,231
8073,2024-12-02,Mon,9,94,220,411
8074,2024-12-02,Mon,10,94,251,395
8075,2024-12-02,Mon,11,73,283,323
8076,2024-12-02,Mon,12,83,252,341
8077,2024-12-02,Mon,13,95,237,308
8078,2024-12-02,Mon,14,78,205,314
8079,2024-12-02,Mon,15,74,222,322
8080,2024-12-02,Mon,16,78,285,235
8081,2024-12-02,Mon,17,101,262,125
8082,2024-12-02,Mon,18,94,294,140
8083,2024-12-02,Mon,19,96,239,118
8084,2024-12-02,Mon,20,80,269,85
8085,2024-12-02,Mon,21,122,303,80
8086,2024-12-02,Mon,22,105,288,65
8087,2024-12-02,Mon,23,103,126,94
8088,2024-12-03,Tue,0,58,126,118
8089,2024-12-03,Tue,1,43,63,61
8090,2024-12-03,Tue,2,24,58,49
8091,2024-12-03,Tue,3,16,37,30
8092,2024-12-03,Tue,4,20,34,40
8093,2024-12-03,Tue,5,43,50,55
8094,2024-12-03,Tue,6,54,72,101
8095,2024-12-03,Tue,7,88,211,113
8096,2024-12-03,Tue,8,139,253,202
8097,2024-12-03,Tue,9,118,343,286
8098,2024-12-03,Tue,10,97,337,312
8099,2024-12-03,Tue,11,80,293,300
8100,2024-12-03,Tue,12,57,276,257
8101,2024-12-03,Tue,13,74,220,295
8102,2024-12-03,Tue,14,61,261,266
8103,2024-12-03,Tue,15,60,284,209
8104,2024-12-03,Tue,16,65,278,185
8105,2024-12-03,Tue,17,101,289,135
8106,2024-12-03,Tue,18,98,259,114
8107,2024-12-03,Tue,19,77,258,150
8108,2024-12-03,Tue,20,84,298,119
8109,2024-12-03,Tue,21,71,301,124
8110,2024-12-03,Tue,22,109,263,62
8111,2024-12-03,Tue,23,100,163,111
8112,2024-12-04,Wed,0,68,111,88
8113,2024-12-04,Wed,1,48,63,78
8114,2024-12-04,Wed,2,31,62,56
8115,2024-12-04,Wed,3,30,30,42
8116,2024-12-04,Wed,4,27,32,41
8117,2024-12-04,Wed,5,51,46,49
8118,2024-12-04,Wed,6,67,88,94
8119,2024-12-04,Wed,7,92,270,155
8120,2024-12-04,Wed,8,112,325,184
8121,2024-12-04,Wed,9,88,313,267
8122,2024-12-04,Wed,10,85,298,259
8123,2024-12-04,Wed,11,77,259,293
8124,2024-12-04,Wed,12,75,251,226
8125,2024-12-04,Wed,13,74,222,237
8126,2024-12-04,Wed,14,61,231,224
8127,2024-12-04,Wed,15,72,312,186
8128,2024-12-04,Wed,16,80,284,167
8129,2024-12-04,Wed,17,76,251,135
8130,2024-12-04,Wed,18,72,260,122
8131,2024-12-04,Wed,19,72,264,137
8132,2024-12-04,Wed,20,105,300,113
8133,2024-12-04,Wed,21,80,269,101
8134,2024-12-04,Wed,22,100,259,72
8135,2024-12-04,Wed,23,69,119,103
8136,2024-12-05,Thu,0,53,105,86
8137,2024-12-05,Thu,1,39,54,61
8138,2024-12-05,Thu,2,21,44,56
8139,2024-12-05,Thu,3,36,45,40
8140,2024-12-05,Thu,4,13,27,35
8141,2024-12-05,Thu,5,40,59,57
8142,2024-12-05,Thu,6,53,108,69
8143,2024-12-05,Thu,7,87,191,94
8144,2024-12-05,Thu,8,118,246,187
8145,2024-12-05,Thu,9,78,297,244
8146,2024-12-05,Thu,10,88,316,278
8147,2024-12-05,Thu,11,68,333,268
8148,2024-12-05,Thu,12,82,282,224
8149,2024-12-05,Thu,13,78,232,201
8150,2024-12-05,Thu,14,77,210,241
8151,2024-12-05,Thu,15,77,305,210
8152,2024-12-05,Thu,16,79,259,137
8153,2024-12-05,Thu,17,94,246,171
8154,2024-12-05,Thu,18,103,274,110
8155,2024-12-05,Thu,19,90,232,140
8156,2024-12-05,Thu,20,97,239,129
8157,2024-12-05,Thu,21,104,282,96
8158,2024-12-05,Thu,22,79,259,71
8159,2024-12-05,Thu,23,87,145,125
8160,2024-12-06,Fri,0,78,118,86
8161,2024-12-06,Fri,1,53,85,46
8162,2024-12-06,Fri,2,28,27,42
8163,2024-12-06,Fri,3,23,32,54
8164,2024-12-06,Fri,4,31,35,37
8165,2024-12-06,Fri,5,36,37,63
8166,2024-12-06,Fri,6,63,96,86
8167,2024-12-06,Fri,7,70,177,138
8168,2024-12-06,Fri,8,114,280,293
8169,2024-12-06,Fri,9,77,258,288
8170,2024-12-06,Fri,10,76,224,278
8171,2024-12-06,Fri,11,93,281,304
8172,2024-12-06,Fri,12,63,260,269
8173,2024-12-06,Fri,13,80,236,231
8174,2024-12-06,Fri,14,73,209,251
8175,2024-12-06,Fri,15,60,263,166
8176,2024-12-06,Fri,16,70,240,209
8177,2024-12-06,Fri,17,74,239,157
8178,2024-12-06,Fri,18,82,234,116
8179,2024-12-06,Fri,19,92,218,113
8180,2024-12-06,Fri,20,83,245,100
8181,2024-12-06,Fri,21,120,251,93
8182,2024-12-06,Fri,22,137,297,70
8183,2024-12-06,Fri,23,130,184,116
8184,2024-12-07,Sat,0,92,161,95
8185,2024-12-07,Sat,1,73,91,66
8186,2024-12-07,Sat,2,80,81,55
8187,2024-12-07,Sat,3,41,64,50
8188,2024-12-07,Sat,4,28,47,38
8189,2024-12-07,Sat,5,26,38,47
8190,2024-12-07,Sat,6,39,59,58
8191,2024-12-07,Sat,7,45,142,45
8192,2024-12-07,Sat,8,94,228,76
8193,2024-12-07,Sat,9,85,232,159
8194,2024-12-07,Sat,10,99,259,113
8195,2024-12-07,Sat,11,79,224,121
8196,2024-12-07,Sat,12,95,237,118
8197,2024-12-07,Sat,13,93,191,138
8198,2024-12-07,Sat,14,87,234,99
8199,2024-12-07,Sat,15,75,245,112
8200,2024-12-07,Sat,16,69,209,112
8201,2024-12-07,Sat,17,64,239,92
8202,2024-12-07,Sat,18,72,156,82
8203,2024-12-07,Sat,19,92,210,100
8204,2024-12-07,Sat,20,84,209,77
8205,2024-12-07,Sat,21,112,182,91
8206,2024-12-07,Sat,22,137,255,76
8207,2024-12-07,Sat,23,117,185,139
8208,2024-12-08,Sun,0,122,207,143
8209,2024-12-08,Sun,1,110,134,94
8210,2024-12-08,Sun,2,52,82,59
8211,2024-12-08,Sun,3,39,51,45
8212,2024-12-08,Sun,4,27,44,50
8213,2024-12-08,Sun,5,38,30,25
8214,2024-12-08,Sun,6,41,43,56
8215,2024-12-08,Sun,7,50,115,45
8216,2024-12-08,Sun,8,72,217,54
8217,2024-12-08,Sun,9,82,187,104
8218,2024-12-08,Sun,10,77,222,85
8219,2024-12-08,Sun,11,108,216,122
8220,2024-12-08,Sun,12,84,215,110
8221,2024-12-08,Sun,13,81,200,129
8222,2024-12-08,Sun,14,79,197,96
8223,2024-12-08,Sun,15,93,249,81
8224,2024-12-08,Sun,16,133,196,83
8225,2024-12-08,Sun,17,88,239,62
8226,2024-12-08,Sun,18,89,222,63
8227,2024-12-08,Sun,19,84,231,57
8228,2024-12-08,Sun,20,101,184,68
8229,2024-12-08,Sun,21,104,221,60
8230,2024-12-08,Sun,22,97,275,64
8231,2024-12-08,Sun,23,72,170,104
8232,2024-12-09,Mon,0,58,99,63
8233,2024-12-09,Mon,1,26,73,39
8234,2024-12-09,Mon,2,17,47,47
8235,2024-12-09,Mon,3,25,40,33
8236,2024-12-09,Mon,4,23,31,27
8237,2024-12-09,Mon,5,45,61,31
8238,2024-12-09,Mon,6,56,68,67
8239,2024-12-09,Mon,7,89,202,68
8240,2024-12-09,Mon,8,148,177,164
8241,2024-12-09,Mon,9,111,237,208
8242,2024-12-09,Mon,10,101,208,261
8243,2024-12-09,Mon,11,77,172,272
8244,2024-12-09,Mon,12,64,178,243
8245,2024-12-09,Mon,13,49,168,224
8246,2024-12-09,Mon,14,56,146,201
8247,2024-12-09,Mon,15,63,203,219
8248,2024-12-09,Mon,16,62,169,165
8249,2024-12-09,Mon,17,81,135,112
8250,2024-12-09,Mon,18,90,172,98
8251,2024-12-09,Mon,19,77,181,110
8252,2024-12-09,Mon,20,64,217,80
8253,2024-12-09,Mon,21,82,191,63
8254,2024-12-09,Mon,22,101,213,79
8255,2024-12-09,Mon,23,77,117,120
8256,2024-12-10,Tue,0,52,88,59
8257,2024-12-10,Tue,1,20,67,45
8258,2024-12-10,Tue,2,38,39,37
8259,2024-12-10,Tue,3,52,36,22
8260,2024-12-10,Tue,4,28,31,23
8261,2024-12-10,Tue,5,28,51,31
8262,2024-12-10,Tue,6,58,69,65
8263,2024-12-10,Tue,7,102,147,94
8264,2024-12-10,Tue,8,97,205,145
8265,2024-12-10,Tue,9,97,263,163
8266,2024-12-10,Tue,10,74,233,328
8267,2024-12-10,Tue,11,94,229,295
8268,2024-12-10,Tue,12,98,255,274
8269,2024-12-10,Tue,13,61,187,259
8270,2024-12-10,Tue,14,74,190,204
8271,2024-12-10,Tue,15,66,225,163
8272,2024-12-10,Tue,16,73,247,183
8273,2024-12-10,Tue,17,65,168,118
8274,2024-12-10,Tue,18,63,158,98
8275,2024-12-10,Tue,19,72,209,127
8276,2024-12-10,Tue,20,69,194,100
8277,2024-12-10,Tue,21,93,181,90
8278,2024-12-10,Tue,22,95,197,62
8279,2024-12-10,Tue,23,80,107,82
8280,2024-12-11,Wed,0,81,123,70
8281,2024-12-11,Wed,1,49,61,52
8282,2024-12-11,Wed,2,59,51,40
8283,2024-12-11,Wed,3,19,29,29
8284,2024-12-11,Wed,4,33,36,39
8285,2024-12-11,Wed,5,32,44,36
8286,2024-12-11,Wed,6,51,81,72
8287,2024-12-11,Wed,7,84,172,90
8288,2024-12-11,Wed,8,119,226,142
8289,2024-12-11,Wed,9,92,201,189
8290,2024-12-11,Wed,10,55,225,176
8291,2024-12-11,Wed,11,81,221,225
8292,2024-12-11,Wed,12,67,189,235
8293,2024-12-11,Wed,13,52,163,229
8294,2024-12-11,Wed,14,72,174,199
8295,2024-12-11,Wed,15,56,165,199
8296,2024-12-11,Wed,16,56,214,142
8297,2024-12-11,Wed,17,55,209,117
8298,2024-12-11,Wed,18,54,218,105
8299,2024-12-11,Wed,19,64,178,115
8300,2024-12-11,Wed,20,81,194,90
8301,2024-12-11,Wed,21,87,204,94
8302,2024-12-11,Wed,22,79,184,58
8303,2024-12-11,Wed,23,76,96,109
8304,2024-12-12,Thu,0,60,119,81
8305,2024-12-12,Thu,1,33,78,52
8306,2024-12-12,Thu,2,25,48,32
8307,2024-12-12,Thu,3,24,44,33
8308,2024-12-12,Thu,4,25,29,40
8309,2024-12-12,Thu,5,43,49,52
8310,2024-12-12,Thu,6,70,77,85
8311,2024-12-12,Thu,7,121,181,100
8312,2024-12-12,Thu,8,114,280,179
8313,2024-12-12,Thu,9,114,244,258
8314,2024-12-12,Thu,10,108,280,240
8315,2024-12-12,Thu,11,107,219,231
8316,2024-12-12,Thu,12,138,240,248
8317,2024-12-12,Thu,13,153,194,217
8318,2024-12-12,Thu,14,176,205,201
8319,2024-12-12,Thu,15,111,202,203
8320,2024-12-12,Thu,16,149,256,168
8321,2024-12-12,Thu,17,182,226,100
8322,2024-12-12,Thu,18,190,237,110
8323,2024-12-12,Thu,19,175,223,123
8324,2024-12-12,Thu,20,191,196,104
8325,2024-12-12,Thu,21,191,234,112
8326,2024-12-12,Thu,22,218,201,80
8327,2024-12-12,Thu,23,198,140,133
8328,2024-12-13,Fri,0,182,113,158
8329,2024-12-13,Fri,1,128,70,72
8330,2024-12-13,Fri,2,112,41,61
8331,2024-12-13,Fri,3,128,38,60
8332,2024-12-13,Fri,4,47,37,66
8333,2024-12-13,Fri,5,87,49,58
8334,2024-12-13,Fri,6,78,109,114
8335,2024-12-13,Fri,7,142,182,94
8336,2024-12-13,Fri,8,143,276,185
8337,2024-12-13,Fri,9,117,237,268
8338,2024-12-13,Fri,10,88,254,344
8339,2024-12-13,Fri,11,87,249,269
8340,2024-12-13,Fri,12,83,203,260
8341,2024-12-13,Fri,13,76,241,270
8342,2024-12-13,Fri,14,77,192,214
8343,2024-12-13,Fri,15,103,203,239
8344,2024-12-13,Fri,16,64,252,167
8345,2024-12-13,Fri,17,83,202,175
8346,2024-12-13,Fri,18,89,203,124
8347,2024-12-13,Fri,19,106,229,96
8348,2024-12-13,Fri,20,93,190,92
8349,2024-12-13,Fri,21,95,188,109
8350,2024-12-13,Fri,22,130,244,98
8351,2024-12-13,Fri,23,125,189,142
8352,2024-12-14,Sat,0,85,189,134
8353,2024-12-14,Sat,1,92,102,99
8354,2024-12-14,Sat,2,59,102,76
8355,2024-12-14,Sat,3,55,65,59
8356,2024-12-14,Sat,4,35,62,34
8357,2024-12-14,Sat,5,19,32,30
8358,2024-12-14,Sat,6,59,72,23
8359,2024-12-14,Sat,7,85,77,17
8360,2024-12-14,Sat,8,131,326,251
8361,2024-12-14,Sat,9,131,253,167
8362,2024-12-14,Sat,10,123,251,137
8363,2024-12-14,Sat,11,103,259,127
8364,2024-12-14,Sat,12,81,250,139
8365,2024-12-14,Sat,13,95,200,152
8366,2024-12-14,Sat,14,100,231,125
8367,2024-12-14,Sat,15,94,209,104
8368,2024-12-14,Sat,16,83,189,122
8369,2024-12-14,Sat,17,96,216,96
8370,2024-12-14,Sat,18,84,209,127
8371,2024-12-14,Sat,19,93,177,87
8372,2024-12-14,Sat,20,92,243,97
8373,2024-12-14,Sat,21,142,210,73
8374,2024-12-14,Sat,22,142,280,88
8375,2024-12-14,Sat,23,155,193,124
8376,2024-12-15,Sun,0,191,176,159
8377,2024-12-15,Sun,1,110,143,108
8378,2024-12-15,Sun,2,66,87,83
8379,2024-12-15,Sun,3,38,69,59
8380,2024-12-15,Sun,4,27,46,45
8381,2024-12-15,Sun,5,27,58,59
8382,2024-12-15,Sun,6,36,49,53
8383,2024-12-15,Sun,7,71,117,34
8384,2024-12-15,Sun,8,78,219,52
8385,2024-12-15,Sun,9,124,268,105
8386,2024-12-15,Sun,10,88,267,113
8387,2024-12-15,Sun,11,89,223,155
8388,2024-12-15,Sun,12,116,201,139
8389,2024-12-15,Sun,13,115,170,118
8390,2024-12-15,Sun,14,84,253,128
8391,2024-12-15,Sun,15,92,231,88
8392,2024-12-15,Sun,16,88,188,123
8393,2024-12-15,Sun,17,104,240,80
8394,2024-12-15,Sun,18,77,244,75
8395,2024-12-15,Sun,19,79,303,88
8396,2024-12-15,Sun,20,111,226,57
8397,2024-12-15,Sun,21,350,199,59
8398,2024-12-15,Sun,22,328,221,58
8399,2024-12-15,Sun,23,318,132,116
8400,2024-12-16,Mon,0,295,106,87
8401,2024-12-16,Mon,1,282,48,46
8402,2024-12-16,Mon,2,253,37,53
8403,2024-12-16,Mon,3,279,22,24
8404,2024-12-16,Mon,4,256,21,29
8405,2024-12-16,Mon,5,290,59,25
8406,2024-12-16,Mon,6,275,88,93
8407,2024-12-16,Mon,7,311,120,71
8408,2024-12-16,Mon,8,348,240,133
8409,2024-12-16,Mon,9,328,212,266
8410,2024-12-16,Mon,10,330,234,217
8411,2024-12-16,Mon,11,325,290,246
8412,2024-12-16,Mon,12,341,260,273
8413,2024-12-16,Mon,13,256,199,226
8414,2024-12-16,Mon,14,225,185,251
8415,2024-12-16,Mon,15,240,257,236
8416,2024-12-16,Mon,16,217,249,174
8417,2024-12-16,Mon,17,259,288,115
8418,2024-12-16,Mon,18,244,225,114
8419,2024-12-16,Mon,19,186,215,82
8420,2024-12-16,Mon,20,166,180,93
8421,2024-12-16,Mon,21,247,231,82
8422,2024-12-16,Mon,22,261,212,69
8423,2024-12-16,Mon,23,223,114,70
8424,2024-12-17,Tue,0,239,76,63
8425,2024-12-17,Tue,1,206,76,42
8426,2024-12-17,Tue,2,193,37,36
8427,2024-12-17,Tue,3,196,48,42
8428,2024-12-17,Tue,4,194,19,25
8429,2024-12-17,Tue,5,197,51,41
8430,2024-12-17,Tue,6,227,111,56
8431,2024-12-17,Tue,7,272,178,94
8432,2024-12-17,Tue,8,293,238,183
8433,2024-12-17,Tue,9,291,216,221
8434,2024-12-17,Tue,10,245,227,247
8435,2024-12-17,Tue,11,250,238,246
8436,2024-12-17,Tue,12,242,248,203
8437,2024-12-17,Tue,13,233,185,228
8438,2024-12-17,Tue,14,241,178,182
8439,2024-12-17,Tue,15,255,195,165
8440,2024-12-17,Tue,16,261,235,174
8441,2024-12-17,Tue,17,253,214,103
8442,2024-12-17,Tue,18,271,209,126
8443,2024-12-17,Tue,19,252,155,89
8444,2024-12-17,Tue,20,310,203,93
8445,2024-12-17,Tue,21,273,184,92
8446,2024-12-17,Tue,22,185,203,59
8447,2024-12-17,Tue,23,161,176,95
8448,2024-12-18,Wed,0,88,134,99
8449,2024-12-18,Wed,1,42,58,52
8450,2024-12-18,Wed,2,25,29,25
8451,2024-12-18,Wed,3,31,24,25
8452,2024-12-18,Wed,4,16,38,23
8453,2024-12-18,Wed,5,48,43,52
8454,2024-12-18,Wed,6,48,73,68
8455,2024-12-18,Wed,7,97,164,85
8456,2024-12-18,Wed,8,113,213,162
8457,2024-12-18,Wed,9,109,264,206
8458,2024-12-18,Wed,10,83,251,240
8459,2024-12-18,Wed,11,87,199,215
8460,2024-12-18,Wed,12,78,168,218
8461,2024-12-18,Wed,13,61,165,210
8462,2024-12-18,Wed,14,72,221,188
8463,2024-12-18,Wed,15,72,223,170
8464,2024-12-18,Wed,16,63,195,162
8465,2024-12-18,Wed,17,73,192,89
8466,2024-12-18,Wed,18,78,189,91
8467,2024-12-18,Wed,19,60,180,108
8468,2024-12-18,Wed,20,68,163,67
8469,2024-12-18,Wed,21,105,182,62
8470,2024-12-18,Wed,22,102,256,70
8471,2024-12-18,Wed,23,70,124,72
8472,2024-12-19,Thu,0,54,100,69
8473,2024-12-19,Thu,1,35,48,45
8474,2024-12-19,Thu,2,20,32,47
8475,2024-12-19,Thu,3,18,20,21
8476,2024-12-19,Thu,4,22,55,57
8477,2024-12-19,Thu,5,33,48,48
8478,2024-12-19,Thu,6,73,75,84
8479,2024-12-19,Thu,7,97,185,109
8480,2024-12-19,Thu,8,149,288,127
8481,2024-12-19,Thu,9,116,287,193
8482,2024-12-19,Thu,10,95,288,167
8483,2024-12-19,Thu,11,73,210,163
8484,2024-12-19,Thu,12,83,217,229
8485,2024-12-19,Thu,13,70,207,207
8486,2024-12-19,Thu,14,101,193,173
8487,2024-12-19,Thu,15,67,207,132
8488,2024-12-19,Thu,16,70,196,124
8489,2024-12-19,Thu,17,70,233,108
8490,2024-12-19,Thu,18,91,203,79
8491,2024-12-19,Thu,19,104,178,111
8492,2024-12-19,Thu,20,103,202,80
8493,2024-12-19,Thu,21,106,253,99
8494,2024-12-19,Thu,22,108,235,62
8495,2024-12-19,Thu,23,89,136,85
8496,2024-12-20,Fri,0,75,93,85
8497,2024-12-20,Fri,1,35,74,63
8498,2024-12-20,Fri,2,30,32,47
8499,2024-12-20,Fri,3,30,28,44
8500,2024-12-20,Fri,4,35,31,39
8501,2024-12-20,Fri,5,35,48,53
8502,2024-12-20,Fri,6,28,84,71
8503,2024-12-20,Fri,7,103,166,82
8504,2024-12-20,Fri,8,113,227,122
8505,2024-12-20,Fri,9,108,256,165
8506,2024-12-20,Fri,10,83,210,239
8507,2024-12-20,Fri,11,77,261,223
8508,2024-12-20,Fri,12,70,229,236
8509,2024-12-20,Fri,13,98,181,220
8510,2024-12-20,Fri,14,64,191,174
8511,2024-12-20,Fri,15,59,183,141
8512,2024-12-20,Fri,16,53,226,131
8513,2024-12-20,Fri,17,58,216,164
8514,2024-12-20,Fri,18,45,223,174
8515,2024-12-20,Fri,19,52,236,159
8516,2024-12-20,Fri,20,63,244,114
8517,2024-12-20,Fri,21,74,288,133
8518,2024-12-20,Fri,22,99,255,70
8519,2024-12-20,Fri,23,101,165,94
8520,2024-12-21,Sat,0,82,119,125
8521,2024-12-21,Sat,1,52,84,72
8522,2024-12-21,Sat,2,48,52,56
8523,2024-12-21,Sat,3,35,34,57
8524,2024-12-21,Sat,4,24,38,40
8525,2024-12-21,Sat,5,24,30,40
8526,2024-12-21,Sat,6,40,35,40
8527,2024-12-21,Sat,7,40,135,30
8528,2024-12-21,Sat,8,85,223,77
8529,2024-12-21,Sat,9,61,270,120
8530,2024-12-21,Sat,10,73,238,123
8531,2024-12-21,Sat,11,60,211,133
8532,2024-12-21,Sat,12,75,245,120
8533,2024-12-21,Sat,13,71,189,117
8534,2024-12-21,Sat,14,61,232,127
8535,2024-12-21,Sat,15,91,219,99
8536,2024-12-21,Sat,16,107,193,81
8537,2024-12-21,Sat,17,59,220,125
8538,2024-12-21,Sat,18,70,201,90
8539,2024-12-21,Sat,19,60,172,83
8540,2024-12-21,Sat,20,66,229,103
8541,2024-12-21,Sat,21,97,254,77
8542,2024-12-21,Sat,22,115,278,72
8543,2024-12-21,Sat,23,120,187,136
8544,2024-12-22,Sun,0,100,207,156
8545,2024-12-22,Sun,1,69,125,129
8546,2024-12-22,Sun,2,42,103,96
8547,2024-12-22,Sun,3,46,58,91
8548,2024-12-22,Sun,4,26,41,67
8549,2024-12-22,Sun,5,24,44,63
8550,2024-12-22,Sun,6,28,66,71
8551,2024-12-22,Sun,7,57,178,84
8552,2024-12-22,Sun,8,84,321,128
8553,2024-12-22,Sun,9,95,350,164
8554,2024-12-22,Sun,10,91,304,218
8555,2024-12-22,Sun,11,108,325,218
8556,2024-12-22,Sun,12,81,359,216
8557,2024-12-22,Sun,13,101,308,245
8558,2024-12-22,Sun,14,96,329,197
8559,2024-12-22,Sun,15,89,345,160
8560,2024-12-22,Sun,16,112,349,154
8561,2024-12-22,Sun,17,96,296,122
8562,2024-12-22,Sun,18,78,277,148
8563,2024-12-22,Sun,19,104,277,157
8564,2024-12-22,Sun,20,80,278,130
8565,2024-12-22,Sun,21,87,235,133
8566,2024-12-22,Sun,22,102,303,124
8567,2024-12-22,Sun,23,86,158,169
8568,2024-12-23,Mon,0,71,121,159
8569,2024-12-23,Mon,1,55,82,109
8570,2024-12-23,Mon,2,38,60,75
8571,2024-12-23,Mon,3,26,38,55
8572,2024-12-23,Mon,4,35,57,60
8573,2024-12-23,Mon,5,42,59,97
8574,2024-12-23,Mon,6,65,83,153
8575,2024-12-23,Mon,7,110,268,215
8576,2024-12-23,Mon,8,120,306,330
8577,2024-12-23,Mon,9,141,367,422
8578,2024-12-23,Mon,10,105,309,435
8579,2024-12-23,Mon,11,91,373,416
8580,2024-12-23,Mon,12,78,351,389
8581,2024-12-23,Mon,13,77,226,326
8582,2024-12-23,Mon,14,75,212,347
8583,2024-12-23,Mon,15,76,325,219
8584,2024-12-23,Mon,16,89,290,249
8585,2024-12-23,Mon,17,70,234,199
8586,2024-12-23,Mon,18,88,228,208
8587,2024-12-23,Mon,19,75,230,146
8588,2024-12-23,Mon,20,99,226,129
8589,2024-12-23,Mon,21,75,252,117
8590,2024-12-23,Mon,22,92,264,109
8591,2024-12-23,Mon,23,74,155,135
8592,2024-12-24,Tue,0,72,145,116
8593,2024-12-24,Tue,1,56,93,85
8594,2024-12-24,Tue,2,37,39,73
8595,2024-12-24,Tue,3,26,53,40
8596,2024-12-24,Tue,4,23,35,33
8597,2024-12-24,Tue,5,30,39,44
8598,2024-12-24,Tue,6,104,79,104
8599,2024-12-24,Tue,7,71,172,58
8600,2024-12-24,Tue,8,78,241,150
8601,2024-12-24,Tue,9,59,296,160
8602,2024-12-24,Tue,10,86,245,212
8603,2024-12-24,Tue,11,67,287,202
8604,2024-12-24,Tue,12,75,238,162
8605,2024-12-24,Tue,13,63,232,130
8606,2024-12-24,Tue,14,69,190,127
8607,2024-12-24,Tue,15,65,209,110
8608,2024-12-24,Tue,16,46,212,94
8609,2024-12-24,Tue,17,53,200,76
8610,2024-12-24,Tue,18,67,170,54
8611,2024-12-24,Tue,19,56,136,63
8612,2024-12-24,Tue,20,63,162,87
8613,2024-12-24,Tue,21,75,168,61
8614,2024-12-24,Tue,22,89,247,60
8615,2024-12-24,Tue,23,82,133,117
8616,2024-12-25,Wed,0,130,126,129
8617,2024-12-25,Wed,1,91,92,121
8618,2024-12-25,Wed,2,66,105,97
8619,2024-12-25,Wed,3,32,91,66
8620,2024-12-25,Wed,4,35,37,62
8621,2024-12-25,Wed,5,16,35,54
8622,2024-12-25,Wed,6,24,53,34
8623,2024-12-25,Wed,7,39,75,38
8624,2024-12-25,Wed,8,55,134,40
8625,2024-12-25,Wed,9,63,184,53
8626,2024-12-25,Wed,10,59,159,43
8627,2024-12-25,Wed,11,65,136,59
8628,2024-12-25,Wed,12,60,166,45
8629,2024-12-25,Wed,13,51,185,43
8630,2024-12-25,Wed,14,58,166,64
8631,2024-12-25,Wed,15,69,206,45
8632,2024-12-25,Wed,16,62,175,43
8633,2024-12-25,Wed,17,72,159,37
8634,2024-12-25,Wed,18,54,166,58
8635,2024-12-25,Wed,19,53,135,62
8636,2024-12-25,Wed,20,75,159,55
8637,2024-12-25,Wed,21,79,162,45
8638,2024-12-25,Wed,22,68,190,60
8639,2024-12-25,Wed,23,56,115,78
8640,2024-12-26,Thu,0,57,93,81
8641,2024-12-26,Thu,1,43,63,56
8642,2024-12-26,Thu,2,37,49,37
8643,2024-12-26,Thu,3,22,42,32
8644,2024-12-26,Thu,4,16,22,28
8645,2024-12-26,Thu,5,13,33,54
8646,2024-12-26,Thu,6,26,47,69
8647,2024-12-26,Thu,7,46,125,55
8648,2024-12-26,Thu,8,76,214,166
8649,2024-12-26,Thu,9,92,206,209
8650,2024-12-26,Thu,10,73,196,202
8651,2024-12-26,Thu,11,70,226,200
8652,2024-12-26,Thu,12,89,231,213
8653,2024-12-26,Thu,13,88,191,204
8654,2024-12-26,Thu,14,66,225,192
8655,2024-12-26,Thu,15,67,232,162
8656,2024-12-26,Thu,16,73,268,95
8657,2024-12-26,Thu,17,64,191,121
8658,2024-12-26,Thu,18,72,208,96
8659,2024-12-26,Thu,19,53,171,90
8660,2024-12-26,Thu,20,80,178,86
8661,2024-12-26,Thu,21,81,242,64
8662,2024-12-26,Thu,22,74,224,48
8663,2024-12-26,Thu,23,58,123,95
8664,2024-12-27,Fri,0,46,121,110
8665,2024-12-27,Fri,1,67,72,53
8666,2024-12-27,Fri,2,24,63,40
8667,2024-12-27,Fri,3,22,44,55
8668,2024-12-27,Fri,4,29,21,37
8669,2024-12-27,Fri,5,19,41,51
8670,2024-12-27,Fri,6,30,71,74
8671,2024-12-27,Fri,7,41,132,91
8672,2024-12-27,Fri,8,76,222,132
8673,2024-12-27,Fri,9,82,193,215
8674,2024-12-27,Fri,10,78,226,221
8675,2024-12-27,Fri,11,78,197,285
8676,2024-12-27,Fri,12,67,155,196
8677,2024-12-27,Fri,13,66,171,224
8678,2024-12-27,Fri,14,76,216,218
8679,2024-12-27,Fri,15,56,179,206
8680,2024-12-27,Fri,16,71,196,160
8681,2024-12-27,Fri,17,65,207,125
8682,2024-12-27,Fri,18,49,203,93
8683,2024-12-27,Fri,19,67,201,75
8684,2024-12-27,Fri,20,78,189,65
8685,2024-12-27,Fri,21,71,175,51
8686,2024-12-27,Fri,22,83,207,50
8687,2024-12-27,Fri,23,83,139,94
8688,2024-12-28,Sat,0,80,150,122
8689,2024-12-28,Sat,1,50,88,70
8690,2024-12-28,Sat,2,37,53,70
8691,2024-12-28,Sat,3,25,79,51
8692,2024-12-28,Sat,4,27,29,45
8693,2024-12-28,Sat,5,18,25,32
8694,2024-12-28,Sat,6,30,46,37
8695,2024-12-28,Sat,7,31,98,40
8696,2024-12-28,Sat,8,55,131,77
8697,2024-12-28,Sat,9,60,178,80
8698,2024-12-28,Sat,10,64,172,95
8699,2024-12-28,Sat,11,91,134,111
8700,2024-12-28,Sat,12,71,147,79
8701,2024-12-28,Sat,13,81,182,94
8702,2024-12-28,Sat,14,80,196,104
8703,2024-12-28,Sat,15,73,159,98
8704,2024-12-28,Sat,16,50,216,106
8705,2024-12-28,Sat,17,53,140,65
8706,2024-12-28,Sat,18,62,141,67
8707,2024-12-28,Sat,19,87,135,60
8708,2024-12-28,Sat,20,212,180,64
8709,2024-12-28,Sat,21,275,175,54
8710,2024-12-28,Sat,22,243,207,41
8711,2024-12-28,Sat,23,271,145,109
8712,2024-12-29,Sun,0,226,174,94
8713,2024-12-29,Sun,1,259,136,91
8714,2024-12-29,Sun,2,217,64,72
8715,2024-12-29,Sun,3,210,48,64
8716,2024-12-29,Sun,4,198,66,43
8717,2024-12-29,Sun,5,199,27,28
8718,2024-12-29,Sun,6,191,40,42
8719,2024-12-29,Sun,7,145,67,18
8720,2024-12-29,Sun,8,187,144,37
8721,2024-12-29,Sun,9,255,176,57
8722,2024-12-29,Sun,10,249,185,121
8723,2024-12-29,Sun,11,248,191,102
8724,2024-12-29,Sun,12,216,168,106
8725,2024-12-29,Sun,13,247,152,152
8726,2024-12-29,Sun,14,242,184,122
8727,2024-12-29,Sun,15,247,206,87
8728,2024-12-29,Sun,16,261,237,73
8729,2024-12-29,Sun,17,223,185,84
8730,2024-12-29,Sun,18,248,249,57
8731,2024-12-29,Sun,19,251,192,43
8732,2024-12-29,Sun,20,197,158,79
8733,2024-12-29,Sun,21,194,226,54
8734,2024-12-29,Sun,22,206,202,46
8735,2024-12-29,Sun,23,198,83,86
