hour_index,day,hour,calls
0,Mon,0,3.31
1,Mon,1,2.71
2,Mon,2,1.64
3,Mon,3,1.72
4,Mon,4,1.62
5,Mon,5,3.55
6,Mon,6,12.03
7,Mon,7,26.68
8,Mon,8,52.29
9,Mon,9,65.07
10,Mon,10,81.09
11,Mon,11,92.88
12,Mon,12,76.15
13,Mon,13,46.32
14,Mon,14,32.58
15,Mon,15,83.01
16,Mon,16,92.72
17,Mon,17,72.44
18,Mon,18,50.58
19,Mon,19,42.69
20,Mon,20,30.82
21,Mon,21,21.00
22,Mon,22,12.66
23,Mon,23,6.20
24,Tue,0,2.47
25,Tue,1,2.09
26,Tue,2,1.34
27,Tue,3,1.85
28,Tue,4,1.68
29,Tue,5,3.26
30,Tue,6,10.25
31,Tue,7,28.09
32,Tue,8,39.65
33,Tue,9,69.69
34,Tue,10,59.42
35,Tue,11,61.47
36,Tue,12,51.62
37,Tue,13,60.18
38,Tue,14,47.22
39,Tue,15,51.33
40,Tue,16,51.15
41,Tue,17,54.46
42,Tue,18,57.55
43,Tue,19,28.43
44,Tue,20,22.42
45,Tue,21,26.07
46,Tue,22,12.67
47,Tue,23,7.17
48,Wed,0,3.06
49,Wed,1,2.05
50,Wed,2,1.44
51,Wed,3,1.53
52,Wed,4,1.29
53,Wed,5,2.23
54,Wed,6,6.12
55,Wed,7,17.83
56,Wed,8,39.35
57,Wed,9,78.32
58,Wed,10,55.00
59,Wed,11,56.75
60,Wed,12,36.61
61,Wed,13,48.25
62,Wed,14,56.21
63,Wed,15,52.38
64,Wed,16,58.87
65,Wed,17,54.65
66,Wed,18,42.08
67,Wed,19,25.75
68,Wed,20,32.47
69,Wed,21,16.49
70,Wed,22,10.24
71,Wed,23,7.14
72,Thu,0,2.92
73,Thu,1,2.16
74,Thu,2,1.33
75,Thu,3,1.53
76,Thu,4,1.56
77,Thu,5,3.10
78,Thu,6,9.02
79,Thu,7,18.86
80,Thu,8,43.23
81,Thu,9,71.89
82,Thu,10,70.32
83,Thu,11,60.52
84,Thu,12,41.97
85,Thu,13,46.19
86,Thu,14,57.50
87,Thu,15,42.76
88,Thu,16,65.15
89,Thu,17,50.30
90,Thu,18,38.08
91,Thu,19,36.33
92,Thu,20,31.83
93,Thu,21,11.43
94,Thu,22,11.09
95,Thu,23,6.49
96,Fri,0,2.88
97,Fri,1,2.40
98,Fri,2,1.08
99,Fri,3,1.45
100,Fri,4,1.42
101,Fri,5,2.88
102,Fri,6,7.22
103,Fri,7,21.52
104,Fri,8,24.37
105,Fri,9,47.65
106,Fri,10,58.75
107,Fri,11,48.66
108,Fri,12,40.84
109,Fri,13,33.63
110,Fri,14,59.94
111,Fri,15,59.19
112,Fri,16,60.60
113,Fri,17,34.46
114,Fri,18,44.79
115,Fri,19,26.42
116,Fri,20,21.15
117,Fri,21,16.37
118,Fri,22,9.50
119,Fri,23,5.40
120,Sat,0,3.00
121,Sat,1,1.89
122,Sat,2,1.46
123,Sat,3,1.53
124,Sat,4,1.35
125,Sat,5,2.25
126,Sat,6,4.70
127,Sat,7,9.58
128,Sat,8,17.47
129,Sat,9,31.46
130,Sat,10,45.34
131,Sat,11,34.01
132,Sat,12,40.78
133,Sat,13,35.88
134,Sat,14,26.70
135,Sat,15,30.70
136,Sat,16,30.31
137,Sat,17,25.68
138,Sat,18,20.49
139,Sat,19,13.35
140,Sat,20,9.12
141,Sat,21,7.24
142,Sat,22,5.59
143,Sat,23,3.45
144,Sun,0,2.20
145,Sun,1,2.03
146,Sun,2,1.16
147,Sun,3,1.17
148,Sun,4,1.38
149,Sun,5,1.77
150,Sun,6,4.31
151,Sun,7,8.94
152,Sun,8,18.45
153,Sun,9,26.73
154,Sun,10,44.19
155,Sun,11,33.18
156,Sun,12,30.35
157,Sun,13,23.68
158,Sun,14,23.19
159,Sun,15,24.58
160,Sun,16,21.09
161,Sun,17,13.60
162,Sun,18,14.82
163,Sun,19,9.57
164,Sun,20,8.80
165,Sun,21,8.03
166,Sun,22,5.63
167,Sun,23,2.56
168,Mon,0,3.87
169,Mon,1,1.79
170,Mon,2,1.72
171,Mon,3,1.51
172,Mon,4,1.44
173,Mon,5,3.40
174,Mon,6,10.85
175,Mon,7,24.47
176,Mon,8,49.01
177,Mon,9,80.86
178,Mon,10,65.62
179,Mon,11,43.13
180,Mon,12,37.45
181,Mon,13,57.23
182,Mon,14,77.80
183,Mon,15,62.01
184,Mon,16,63.56
185,Mon,17,72.20
186,Mon,18,52.93
187,Mon,19,43.62
188,Mon,20,29.73
189,Mon,21,23.69
190,Mon,22,15.53
191,Mon,23,5.54
192,Tue,0,2.36
193,Tue,1,2.47
194,Tue,2,1.63
195,Tue,3,1.48
196,Tue,4,1.26
197,Tue,5,2.13
198,Tue,6,10.15
199,Tue,7,15.78
200,Tue,8,41.10
201,Tue,9,66.44
202,Tue,10,74.63
203,Tue,11,57.84
204,Tue,12,66.11
205,Tue,13,25.16
206,Tue,14,42.31
207,Tue,15,65.59
208,Tue,16,81.26
209,Tue,17,54.88
210,Tue,18,50.03
211,Tue,19,38.85
212,Tue,20,31.33
213,Tue,21,23.13
214,Tue,22,11.56
215,Tue,23,5.78
216,Wed,0,3.76
217,Wed,1,1.27
218,Wed,2,1.39
219,Wed,3,1.31
220,Wed,4,1.39
221,Wed,5,2.96
222,Wed,6,13.52
223,Wed,7,22.28
224,Wed,8,38.52
225,Wed,9,51.45
226,Wed,10,80.74
227,Wed,11,60.53
228,Wed,12,67.76
229,Wed,13,33.51
230,Wed,14,48.89
231,Wed,15,63.99
232,Wed,16,58.88
233,Wed,17,65.46
234,Wed,18,40.32
235,Wed,19,31.87
236,Wed,20,22.39
237,Wed,21,17.57
238,Wed,22,12.20
239,Wed,23,5.56
240,Thu,0,2.30
241,Thu,1,2.38
242,Thu,2,1.72
243,Thu,3,1.33
244,Thu,4,1.77
245,Thu,5,2.67
246,Thu,6,7.03
247,Thu,7,19.97
248,Thu,8,51.59
249,Thu,9,62.55
250,Thu,10,67.56
251,Thu,11,65.08
252,Thu,12,55.51
253,Thu,13,38.69
254,Thu,14,33.05
255,Thu,15,57.84
256,Thu,16,50.72
257,Thu,17,53.53
258,Thu,18,34.56
259,Thu,19,32.68
260,Thu,20,24.30
261,Thu,21,15.04
262,Thu,22,9.12
263,Thu,23,5.67
264,Fri,0,2.70
265,Fri,1,2.78
266,Fri,2,1.09
267,Fri,3,1.41
268,Fri,4,1.46
269,Fri,5,1.72
270,Fri,6,6.55
271,Fri,7,21.63
272,Fri,8,32.36
273,Fri,9,57.87
274,Fri,10,59.55
275,Fri,11,49.85
276,Fri,12,40.92
277,Fri,13,39.49
278,Fri,14,55.57
279,Fri,15,47.35
280,Fri,16,74.34
281,Fri,17,37.78
282,Fri,18,42.07
283,Fri,19,39.36
284,Fri,20,30.10
285,Fri,21,13.76
286,Fri,22,10.55
287,Fri,23,6.08
288,Sat,0,2.52
289,Sat,1,1.85
290,Sat,2,1.36
291,Sat,3,1.45
292,Sat,4,1.14
293,Sat,5,1.63
294,Sat,6,4.88
295,Sat,7,8.44
296,Sat,8,17.00
297,Sat,9,22.70
298,Sat,10,47.71
299,Sat,11,53.50
300,Sat,12,42.51
301,Sat,13,31.58
302,Sat,14,34.87
303,Sat,15,25.57
304,Sat,16,11.09
305,Sat,17,21.61
306,Sat,18,18.01
307,Sat,19,12.25
308,Sat,20,7.95
309,Sat,21,7.85
310,Sat,22,4.64
311,Sat,23,3.47
312,Sun,0,2.01
313,Sun,1,1.92
314,Sun,2,1.40
315,Sun,3,1.17
316,Sun,4,1.10
317,Sun,5,1.92
318,Sun,6,3.33
319,Sun,7,9.27
320,Sun,8,14.21
321,Sun,9,25.72
322,Sun,10,43.02
323,Sun,11,33.94
324,Sun,12,34.60
325,Sun,13,26.96
326,Sun,14,24.97
327,Sun,15,23.97
328,Sun,16,21.06
329,Sun,17,15.03
330,Sun,18,16.32
331,Sun,19,12.97
332,Sun,20,10.73
333,Sun,21,5.01
334,Sun,22,4.16
335,Sun,23,2.93
336,Mon,0,4.19
337,Mon,1,2.31
338,Mon,2,1.70
339,Mon,3,1.61
340,Mon,4,2.18
341,Mon,5,3.81
342,Mon,6,9.77
343,Mon,7,25.09
344,Mon,8,62.29
345,Mon,9,64.36
346,Mon,10,80.05
347,Mon,11,69.37
348,Mon,12,65.13
349,Mon,13,47.74
350,Mon,14,60.79
351,Mon,15,54.62
352,Mon,16,61.06
353,Mon,17,78.79
354,Mon,18,58.75
355,Mon,19,36.62
356,Mon,20,32.01
357,Mon,21,22.16
358,Mon,22,12.24
359,Mon,23,7.55
360,Tue,0,3.29
361,Tue,1,2.52
362,Tue,2,1.67
363,Tue,3,1.84
364,Tue,4,1.43
365,Tue,5,4.11
366,Tue,6,9.08
367,Tue,7,26.97
368,Tue,8,49.72
369,Tue,9,75.32
370,Tue,10,81.69
371,Tue,11,69.80
372,Tue,12,74.29
373,Tue,13,47.66
374,Tue,14,44.06
375,Tue,15,56.96
376,Tue,16,37.39
377,Tue,17,64.77
378,Tue,18,60.48
379,Tue,19,43.37
380,Tue,20,20.67
381,Tue,21,19.11
382,Tue,22,12.21
383,Tue,23,5.40
384,Wed,0,2.22
385,Wed,1,2.27
386,Wed,2,1.78
387,Wed,3,1.50
388,Wed,4,1.74
389,Wed,5,2.31
390,Wed,6,8.07
391,Wed,7,18.44
392,Wed,8,42.80
393,Wed,9,65.77
394,Wed,10,72.05
395,Wed,11,69.04
396,Wed,12,54.60
397,Wed,13,38.21
398,Wed,14,49.25
399,Wed,15,60.22
400,Wed,16,73.23
401,Wed,17,40.33
402,Wed,18,42.65
403,Wed,19,29.97
404,Wed,20,24.64
405,Wed,21,19.34
406,Wed,22,9.61
407,Wed,23,6.28
408,Thu,0,2.59
409,Thu,1,2.35
410,Thu,2,2.19
411,Thu,3,1.32
412,Thu,4,1.30
413,Thu,5,2.87
414,Thu,6,10.32
415,Thu,7,20.22
416,Thu,8,43.10
417,Thu,9,61.66
418,Thu,10,57.13
419,Thu,11,73.13
420,Thu,12,47.30
421,Thu,13,43.24
422,Thu,14,45.49
423,Thu,15,55.25
424,Thu,16,59.35
425,Thu,17,61.19
426,Thu,18,42.92
427,Thu,19,34.66
428,Thu,20,27.53
429,Thu,21,16.79
430,Thu,22,10.73
431,Thu,23,7.40
432,Fri,0,2.01
433,Fri,1,2.02
434,Fri,2,1.20
435,Fri,3,1.08
436,Fri,4,1.61
437,Fri,5,2.50
438,Fri,6,6.50
439,Fri,7,29.16
440,Fri,8,48.36
441,Fri,9,72.03
442,Fri,10,61.96
443,Fri,11,58.67
444,Fri,12,61.23
445,Fri,13,27.82
446,Fri,14,35.15
447,Fri,15,41.64
448,Fri,16,59.12
449,Fri,17,49.20
450,Fri,18,33.72
451,Fri,19,31.04
452,Fri,20,26.57
453,Fri,21,11.28
454,Fri,22,11.07
455,Fri,23,4.49
456,Sat,0,3.28
457,Sat,1,1.50
458,Sat,2,1.29
459,Sat,3,1.19
460,Sat,4,1.48
461,Sat,5,2.30
462,Sat,6,4.26
463,Sat,7,9.61
464,Sat,8,20.17
465,Sat,9,24.61
466,Sat,10,31.98
467,Sat,11,33.95
468,Sat,12,34.54
469,Sat,13,26.33
470,Sat,14,39.34
471,Sat,15,27.24
472,Sat,16,24.30
473,Sat,17,16.33
474,Sat,18,12.72
475,Sat,19,12.74
476,Sat,20,12.59
477,Sat,21,8.07
478,Sat,22,4.96
479,Sat,23,3.38
480,Sun,0,2.22
481,Sun,1,1.96
482,Sun,2,1.24
483,Sun,3,1.47
484,Sun,4,1.38
485,Sun,5,1.84
486,Sun,6,3.23
487,Sun,7,8.67
488,Sun,8,13.34
489,Sun,9,18.62
490,Sun,10,26.48
491,Sun,11,28.97
492,Sun,12,34.86
493,Sun,13,28.72
494,Sun,14,24.95
495,Sun,15,29.63
496,Sun,16,18.96
497,Sun,17,21.36
498,Sun,18,15.39
499,Sun,19,11.48
500,Sun,20,8.11
501,Sun,21,7.72
502,Sun,22,3.79
503,Sun,23,1.99
504,Mon,0,3.28
505,Mon,1,3.15
506,Mon,2,1.40
507,Mon,3,1.81
508,Mon,4,2.22
509,Mon,5,4.37
510,Mon,6,12.05
511,Mon,7,35.82
512,Mon,8,51.96
513,Mon,9,70.30
514,Mon,10,52.99
515,Mon,11,81.06
516,Mon,12,74.61
517,Mon,13,48.42
518,Mon,14,53.08
519,Mon,15,72.18
520,Mon,16,77.61
521,Mon,17,63.28
522,Mon,18,47.60
523,Mon,19,37.19
524,Mon,20,15.58
525,Mon,21,17.83
526,Mon,22,14.89
527,Mon,23,8.67
528,Tue,0,2.00
529,Tue,1,2.35
530,Tue,2,1.54
531,Tue,3,1.40
532,Tue,4,1.86
533,Tue,5,2.80
534,Tue,6,9.74
535,Tue,7,22.43
536,Tue,8,37.23
537,Tue,9,66.21
538,Tue,10,69.65
539,Tue,11,75.19
540,Tue,12,52.52
541,Tue,13,52.40
542,Tue,14,49.84
543,Tue,15,58.62
544,Tue,16,64.04
545,Tue,17,39.84
546,Tue,18,62.33
547,Tue,19,46.09
548,Tue,20,23.29
549,Tue,21,10.95
550,Tue,22,10.71
551,Tue,23,7.47
552,Wed,0,1.48
553,Wed,1,3.24
554,Wed,2,1.31
555,Wed,3,1.39
556,Wed,4,1.33
557,Wed,5,3.25
558,Wed,6,9.90
559,Wed,7,21.94
560,Wed,8,47.66
561,Wed,9,54.71
562,Wed,10,77.43
563,Wed,11,62.22
564,Wed,12,53.88
565,Wed,13,53.84
566,Wed,14,50.44
567,Wed,15,65.72
568,Wed,16,83.16
569,Wed,17,52.20
570,Wed,18,50.30
571,Wed,19,26.31
572,Wed,20,33.42
573,Wed,21,13.09
574,Wed,22,7.78
575,Wed,23,5.58
576,Thu,0,3.89
577,Thu,1,2.40
578,Thu,2,2.00
579,Thu,3,1.47
580,Thu,4,1.96
581,Thu,5,4.19
582,Thu,6,12.92
583,Thu,7,26.66
584,Thu,8,48.25
585,Thu,9,83.80
586,Thu,10,81.61
587,Thu,11,109.52
588,Thu,12,81.41
589,Thu,13,56.43
590,Thu,14,56.37
591,Thu,15,64.22
592,Thu,16,66.07
593,Thu,17,70.71
594,Thu,18,62.77
595,Thu,19,48.85
596,Thu,20,35.05
597,Thu,21,30.11
598,Thu,22,12.14
599,Thu,23,7.97
600,Fri,0,4.28
601,Fri,1,1.42
602,Fri,2,1.29
603,Fri,3,1.47
604,Fri,4,1.46
605,Fri,5,3.06
606,Fri,6,8.18
607,Fri,7,21.26
608,Fri,8,41.71
609,Fri,9,66.53
610,Fri,10,42.27
611,Fri,11,51.51
612,Fri,12,51.27
613,Fri,13,33.64
614,Fri,14,35.86
615,Fri,15,58.67
616,Fri,16,50.32
617,Fri,17,60.33
618,Fri,18,48.48
619,Fri,19,33.83
620,Fri,20,24.88
621,Fri,21,15.38
622,Fri,22,7.44
623,Fri,23,5.67
624,Sat,0,2.93
625,Sat,1,1.63
626,Sat,2,1.33
627,Sat,3,1.54
628,Sat,4,1.14
629,Sat,5,2.51
630,Sat,6,6.02
631,Sat,7,8.12
632,Sat,8,18.52
633,Sat,9,29.84
634,Sat,10,49.54
635,Sat,11,43.86
636,Sat,12,44.01
637,Sat,13,28.44
638,Sat,14,29.68
639,Sat,15,27.01
640,Sat,16,16.57
641,Sat,17,26.13
642,Sat,18,19.91
643,Sat,19,9.27
644,Sat,20,11.25
645,Sat,21,7.05
646,Sat,22,5.36
647,Sat,23,3.37
648,Sun,0,1.67
649,Sun,1,1.47
650,Sun,2,1.45
651,Sun,3,1.02
652,Sun,4,0.93
653,Sun,5,1.44
654,Sun,6,2.97
655,Sun,7,8.08
656,Sun,8,19.88
657,Sun,9,27.90
658,Sun,10,34.20
659,Sun,11,49.13
660,Sun,12,29.00
661,Sun,13,24.09
662,Sun,14,27.53
663,Sun,15,25.11
664,Sun,16,16.81
665,Sun,17,13.83
666,Sun,18,15.23
667,Sun,19,11.93
668,Sun,20,6.41
669,Sun,21,5.87
670,Sun,22,3.78
671,Sun,23,2.89
672,Mon,0,3.40
673,Mon,1,2.56
674,Mon,2,1.62
675,Mon,3,2.06
676,Mon,4,2.17
677,Mon,5,3.24
678,Mon,6,12.00
679,Mon,7,20.98
680,Mon,8,50.97
681,Mon,9,80.74
682,Mon,10,99.36
683,Mon,11,69.47
684,Mon,12,61.63
685,Mon,13,52.10
686,Mon,14,39.28
687,Mon,15,64.38
688,Mon,16,60.96
689,Mon,17,70.34
690,Mon,18,41.47
691,Mon,19,25.15
692,Mon,20,27.95
693,Mon,21,19.98
694,Mon,22,10.95
695,Mon,23,8.05
696,Tue,0,3.04
697,Tue,1,2.13
698,Tue,2,1.73
699,Tue,3,1.15
700,Tue,4,1.40
701,Tue,5,3.18
702,Tue,6,11.04
703,Tue,7,21.69
704,Tue,8,48.86
705,Tue,9,57.73
706,Tue,10,75.74
707,Tue,11,89.20
708,Tue,12,50.37
709,Tue,13,66.01
710,Tue,14,43.75
711,Tue,15,59.25
712,Tue,16,65.85
713,Tue,17,71.84
714,Tue,18,37.23
715,Tue,19,22.34
716,Tue,20,28.33
717,Tue,21,20.07
718,Tue,22,12.43
719,Tue,23,9.41
720,Wed,0,3.17
721,Wed,1,2.40
722,Wed,2,1.78
723,Wed,3,1.63
724,Wed,4,1.98
725,Wed,5,2.37
726,Wed,6,8.54
727,Wed,7,8.12
728,Wed,8,50.76
729,Wed,9,58.41
730,Wed,10,80.14
731,Wed,11,91.12
732,Wed,12,54.91
733,Wed,13,42.25
734,Wed,14,43.08
735,Wed,15,47.98
736,Wed,16,54.15
737,Wed,17,64.70
738,Wed,18,46.11
739,Wed,19,34.77
740,Wed,20,23.67
741,Wed,21,19.56
742,Wed,22,11.64
743,Wed,23,5.95
744,Thu,0,3.34
745,Thu,1,2.18
746,Thu,2,1.18
747,Thu,3,1.88
748,Thu,4,1.62
749,Thu,5,2.47
750,Thu,6,10.69
751,Thu,7,22.19
752,Thu,8,31.09
753,Thu,9,78.91
754,Thu,10,71.18
755,Thu,11,74.46
756,Thu,12,55.63
757,Thu,13,42.11
758,Thu,14,33.37
759,Thu,15,64.87
760,Thu,16,60.01
761,Thu,17,53.78
762,Thu,18,47.59
763,Thu,19,34.05
764,Thu,20,26.78
765,Thu,21,15.32
766,Thu,22,10.38
767,Thu,23,3.67
768,Fri,0,2.63
769,Fri,1,2.39
770,Fri,2,1.77
771,Fri,3,1.33
772,Fri,4,1.39
773,Fri,5,3.66
774,Fri,6,8.04
775,Fri,7,22.55
776,Fri,8,53.73
777,Fri,9,58.75
778,Fri,10,78.17
779,Fri,11,53.36
780,Fri,12,53.14
781,Fri,13,40.69
782,Fri,14,45.02
783,Fri,15,63.35
784,Fri,16,81.40
785,Fri,17,47.59
786,Fri,18,38.27
787,Fri,19,34.88
788,Fri,20,18.44
789,Fri,21,17.05
790,Fri,22,10.99
791,Fri,23,5.41
792,Sat,0,2.96
793,Sat,1,1.30
794,Sat,2,1.54
795,Sat,3,0.98
796,Sat,4,1.18
797,Sat,5,2.03
798,Sat,6,4.18
799,Sat,7,10.40
800,Sat,8,18.28
801,Sat,9,28.44
802,Sat,10,42.52
803,Sat,11,53.23
804,Sat,12,37.88
805,Sat,13,34.56
806,Sat,14,36.36
807,Sat,15,28.33
808,Sat,16,18.70
809,Sat,17,30.01
810,Sat,18,23.92
811,Sat,19,8.68
812,Sat,20,9.84
813,Sat,21,7.75
814,Sat,22,5.82
815,Sat,23,3.53
816,Sun,0,2.17
817,Sun,1,1.23
818,Sun,2,1.16
819,Sun,3,1.35
820,Sun,4,0.92
821,Sun,5,1.55
822,Sun,6,3.79
823,Sun,7,4.95
824,Sun,8,14.50
825,Sun,9,23.83
826,Sun,10,35.36
827,Sun,11,30.57
828,Sun,12,26.88
829,Sun,13,25.44
830,Sun,14,24.88
831,Sun,15,20.09
832,Sun,16,20.58
833,Sun,17,19.86
834,Sun,18,17.54
835,Sun,19,14.91
836,Sun,20,7.19
837,Sun,21,5.63
838,Sun,22,2.31
839,Sun,23,3.57
840,Mon,0,3.01
841,Mon,1,2.58
842,Mon,2,1.89
843,Mon,3,1.31
844,Mon,4,1.87
845,Mon,5,3.44
846,Mon,6,6.97
847,Mon,7,25.50
848,Mon,8,60.97
849,Mon,9,47.09
850,Mon,10,89.18
851,Mon,11,77.20
852,Mon,12,67.61
853,Mon,13,54.17
854,Mon,14,66.23
855,Mon,15,61.44
856,Mon,16,80.09
857,Mon,17,60.90
858,Mon,18,58.71
859,Mon,19,33.23
860,Mon,20,27.14
861,Mon,21,24.96
862,Mon,22,13.08
863,Mon,23,6.72
864,Tue,0,2.53
865,Tue,1,2.05
866,Tue,2,1.65
867,Tue,3,1.86
868,Tue,4,1.71
869,Tue,5,3.48
870,Tue,6,9.48
871,Tue,7,27.71
872,Tue,8,42.92
873,Tue,9,58.81
874,Tue,10,83.08
875,Tue,11,69.23
876,Tue,12,54.43
877,Tue,13,41.38
878,Tue,14,47.07
879,Tue,15,65.51
880,Tue,16,67.73
881,Tue,17,47.32
882,Tue,18,51.42
883,Tue,19,36.97
884,Tue,20,20.88
885,Tue,21,19.95
886,Tue,22,10.58
887,Tue,23,5.98
888,Wed,0,3.99
889,Wed,1,2.64
890,Wed,2,2.06
891,Wed,3,2.45
892,Wed,4,2.45
893,Wed,5,4.07
894,Wed,6,10.80
895,Wed,7,27.76
896,Wed,8,42.52
897,Wed,9,103.03
898,Wed,10,112.20
899,Wed,11,91.21
900,Wed,12,83.89
901,Wed,13,78.70
902,Wed,14,66.37
903,Wed,15,80.25
904,Wed,16,98.28
905,Wed,17,72.04
906,Wed,18,68.89
907,Wed,19,39.95
908,Wed,20,39.11
909,Wed,21,20.27
910,Wed,22,15.15
911,Wed,23,8.74
912,Thu,0,2.25
913,Thu,1,2.05
914,Thu,2,1.59
915,Thu,3,1.43
916,Thu,4,1.30
917,Thu,5,2.62
918,Thu,6,8.03
919,Thu,7,20.77
920,Thu,8,41.20
921,Thu,9,74.05
922,Thu,10,72.12
923,Thu,11,61.49
924,Thu,12,36.17
925,Thu,13,43.99
926,Thu,14,51.52
927,Thu,15,53.70
928,Thu,16,77.47
929,Thu,17,73.95
930,Thu,18,53.76
931,Thu,19,32.42
932,Thu,20,33.05
933,Thu,21,18.58
934,Thu,22,7.32
935,Thu,23,7.45
936,Fri,0,2.14
937,Fri,1,1.64
938,Fri,2,1.66
939,Fri,3,1.80
940,Fri,4,1.46
941,Fri,5,3.35
942,Fri,6,10.15
943,Fri,7,14.34
944,Fri,8,43.27
945,Fri,9,64.88
946,Fri,10,52.63
947,Fri,11,68.82
948,Fri,12,47.57
949,Fri,13,43.68
950,Fri,14,44.22
951,Fri,15,67.68
952,Fri,16,59.12
953,Fri,17,52.22
954,Fri,18,30.65
955,Fri,19,28.23
956,Fri,20,30.28
957,Fri,21,16.88
958,Fri,22,11.72
959,Fri,23,6.61
960,Sat,0,2.05
961,Sat,1,1.66
962,Sat,2,1.26
963,Sat,3,1.58
964,Sat,4,1.13
965,Sat,5,2.03
966,Sat,6,4.01
967,Sat,7,7.50
968,Sat,8,17.31
969,Sat,9,30.99
970,Sat,10,32.71
971,Sat,11,35.46
972,Sat,12,38.79
973,Sat,13,42.18
974,Sat,14,30.75
975,Sat,15,21.67
976,Sat,16,26.37
977,Sat,17,24.47
978,Sat,18,18.33
979,Sat,19,14.27
980,Sat,20,9.17
981,Sat,21,7.43
982,Sat,22,3.95
983,Sat,23,3.39
984,Sun,0,2.84
985,Sun,1,1.62
986,Sun,2,1.43
987,Sun,3,1.30
988,Sun,4,1.18
989,Sun,5,1.49
990,Sun,6,4.55
991,Sun,7,8.13
992,Sun,8,10.35
993,Sun,9,33.70
994,Sun,10,40.21
995,Sun,11,44.25
996,Sun,12,41.16
997,Sun,13,27.11
998,Sun,14,26.21
999,Sun,15,20.29
1000,Sun,16,24.74
1001,Sun,17,17.03
1002,Sun,18,19.97
1003,Sun,19,10.15
1004,Sun,20,9.69
1005,Sun,21,7.73
1006,Sun,22,4.42
1007,Sun,23,2.58
1008,Mon,0,2.83
1009,Mon,1,3.21
1010,Mon,2,2.08
1011,Mon,3,2.28
1012,Mon,4,1.63
1013,Mon,5,4.57
1014,Mon,6,11.70
1015,Mon,7,28.15
1016,Mon,8,55.35
1017,Mon,9,66.45
1018,Mon,10,76.20
1019,Mon,11,89.88
1020,Mon,12,60.74
1021,Mon,13,52.20
1022,Mon,14,55.77
1023,Mon,15,69.95
1024,Mon,16,86.17
1025,Mon,17,58.56
1026,Mon,18,56.17
1027,Mon,19,36.18
1028,Mon,20,28.10
1029,Mon,21,17.31
1030,Mon,22,9.03
1031,Mon,23,6.55
1032,Tue,0,2.43
1033,Tue,1,3.05
1034,Tue,2,1.23
1035,Tue,3,1.46
1036,Tue,4,1.68
1037,Tue,5,2.99
1038,Tue,6,11.92
1039,Tue,7,21.94
1040,Tue,8,34.33
1041,Tue,9,77.89
1042,Tue,10,67.71
1043,Tue,11,105.45
1044,Tue,12,48.48
1045,Tue,13,42.32
1046,Tue,14,50.02
1047,Tue,15,47.29
1048,Tue,16,71.77
1049,Tue,17,76.27
1050,Tue,18,62.68
1051,Tue,19,39.22
1052,Tue,20,25.21
1053,Tue,21,21.92
1054,Tue,22,13.74
1055,Tue,23,6.19
1056,Wed,0,2.79
1057,Wed,1,1.97
1058,Wed,2,1.59
1059,Wed,3,1.52
1060,Wed,4,1.74
1061,Wed,5,3.64
1062,Wed,6,7.31
1063,Wed,7,23.12
1064,Wed,8,47.31
1065,Wed,9,58.53
1066,Wed,10,70.78
1067,Wed,11,82.10
1068,Wed,12,55.29
1069,Wed,13,44.05
1070,Wed,14,44.55
1071,Wed,15,59.89
1072,Wed,16,55.80
1073,Wed,17,63.40
1074,Wed,18,36.04
1075,Wed,19,30.01
1076,Wed,20,25.99
1077,Wed,21,20.71
1078,Wed,22,9.60
1079,Wed,23,6.16
1080,Thu,0,3.33
1081,Thu,1,2.11
1082,Thu,2,1.55
1083,Thu,3,1.58
1084,Thu,4,1.13
1085,Thu,5,2.14
1086,Thu,6,9.22
1087,Thu,7,17.04
1088,Thu,8,42.87
1089,Thu,9,62.41
1090,Thu,10,57.22
1091,Thu,11,52.07
1092,Thu,12,45.19
1093,Thu,13,51.97
1094,Thu,14,27.69
1095,Thu,15,62.86
1096,Thu,16,58.44
1097,Thu,17,48.69
1098,Thu,18,46.43
1099,Thu,19,32.32
1100,Thu,20,19.44
1101,Thu,21,15.71
1102,Thu,22,10.42
1103,Thu,23,6.30
1104,Fri,0,2.84
1105,Fri,1,2.06
1106,Fri,2,0.84
1107,Fri,3,1.22
1108,Fri,4,1.52
1109,Fri,5,3.09
1110,Fri,6,7.07
1111,Fri,7,17.12
1112,Fri,8,32.46
1113,Fri,9,43.09
1114,Fri,10,68.07
1115,Fri,11,69.13
1116,Fri,12,49.97
1117,Fri,13,43.19
1118,Fri,14,54.38
1119,Fri,15,41.74
1120,Fri,16,56.27
1121,Fri,17,52.63
1122,Fri,18,49.44
1123,Fri,19,23.95
1124,Fri,20,16.07
1125,Fri,21,16.54
1126,Fri,22,8.67
1127,Fri,23,5.87
1128,Sat,0,2.96
1129,Sat,1,1.93
1130,Sat,2,1.55
1131,Sat,3,1.39
1132,Sat,4,1.34
1133,Sat,5,1.62
1134,Sat,6,5.19
1135,Sat,7,6.85
1136,Sat,8,17.48
1137,Sat,9,37.33
1138,Sat,10,27.23
1139,Sat,11,46.25
1140,Sat,12,32.32
1141,Sat,13,31.54
1142,Sat,14,20.88
1143,Sat,15,17.09
1144,Sat,16,26.00
1145,Sat,17,28.04
1146,Sat,18,19.36
1147,Sat,19,13.60
1148,Sat,20,10.09
1149,Sat,21,9.27
1150,Sat,22,6.30
1151,Sat,23,2.81
1152,Sun,0,3.79
1153,Sun,1,2.01
1154,Sun,2,1.74
1155,Sun,3,2.36
1156,Sun,4,1.38
1157,Sun,5,2.25
1158,Sun,6,4.22
1159,Sun,7,6.43
1160,Sun,8,14.96
1161,Sun,9,40.95
1162,Sun,10,43.01
1163,Sun,11,34.51
1164,Sun,12,34.80
1165,Sun,13,45.21
1166,Sun,14,32.09
1167,Sun,15,31.67
1168,Sun,16,32.33
1169,Sun,17,32.34
1170,Sun,18,28.97
1171,Sun,19,20.10
1172,Sun,20,12.75
1173,Sun,21,9.34
1174,Sun,22,8.23
1175,Sun,23,4.97
1176,Mon,0,3.24
1177,Mon,1,2.78
1178,Mon,2,1.80
1179,Mon,3,1.73
1180,Mon,4,1.56
1181,Mon,5,2.61
1182,Mon,6,9.29
1183,Mon,7,17.32
1184,Mon,8,60.64
1185,Mon,9,77.05
1186,Mon,10,60.38
1187,Mon,11,92.20
1188,Mon,12,71.60
1189,Mon,13,32.62
1190,Mon,14,70.73
1191,Mon,15,72.65
1192,Mon,16,94.02
1193,Mon,17,50.69
1194,Mon,18,56.32
1195,Mon,19,41.49
1196,Mon,20,28.42
1197,Mon,21,19.43
1198,Mon,22,14.27
1199,Mon,23,5.01
1200,Tue,0,2.45
1201,Tue,1,1.77
1202,Tue,2,1.42
1203,Tue,3,1.40
1204,Tue,4,1.68
1205,Tue,5,3.30
1206,Tue,6,9.51
1207,Tue,7,19.38
1208,Tue,8,42.08
1209,Tue,9,75.72
1210,Tue,10,80.70
1211,Tue,11,69.03
1212,Tue,12,53.46
1213,Tue,13,58.50
1214,Tue,14,43.65
1215,Tue,15,65.15
1216,Tue,16,76.16
1217,Tue,17,57.05
1218,Tue,18,54.33
1219,Tue,19,28.35
1220,Tue,20,29.82
1221,Tue,21,17.97
1222,Tue,22,7.88
1223,Tue,23,7.07
1224,Wed,0,2.53
1225,Wed,1,2.78
1226,Wed,2,1.32
1227,Wed,3,1.46
1228,Wed,4,1.58
1229,Wed,5,2.84
1230,Wed,6,9.47
1231,Wed,7,19.01
1232,Wed,8,49.02
1233,Wed,9,61.89
1234,Wed,10,70.44
1235,Wed,11,32.72
1236,Wed,12,65.64
1237,Wed,13,43.98
1238,Wed,14,31.75
1239,Wed,15,56.76
1240,Wed,16,65.39
1241,Wed,17,68.35
1242,Wed,18,36.42
1243,Wed,19,43.38
1244,Wed,20,23.44
1245,Wed,21,23.74
1246,Wed,22,10.28
1247,Wed,23,6.77
1248,Thu,0,2.75
1249,Thu,1,1.77
1250,Thu,2,1.76
1251,Thu,3,1.71
1252,Thu,4,1.88
1253,Thu,5,3.40
1254,Thu,6,7.93
1255,Thu,7,14.46
1256,Thu,8,37.73
1257,Thu,9,53.08
1258,Thu,10,56.59
1259,Thu,11,70.02
1260,Thu,12,56.19
1261,Thu,13,40.66
1262,Thu,14,47.11
1263,Thu,15,53.10
1264,Thu,16,61.21
1265,Thu,17,63.58
1266,Thu,18,51.85
1267,Thu,19,29.07
1268,Thu,20,17.18
1269,Thu,21,20.38
1270,Thu,22,10.53
1271,Thu,23,7.07
1272,Fri,0,1.98
1273,Fri,1,1.98
1274,Fri,2,1.41
1275,Fri,3,1.04
1276,Fri,4,1.27
1277,Fri,5,3.18
1278,Fri,6,10.07
1279,Fri,7,25.32
1280,Fri,8,34.42
1281,Fri,9,43.08
1282,Fri,10,69.16
1283,Fri,11,70.65
1284,Fri,12,52.35
1285,Fri,13,31.21
1286,Fri,14,49.69
1287,Fri,15,59.41
1288,Fri,16,61.81
1289,Fri,17,48.72
1290,Fri,18,44.46
1291,Fri,19,36.12
1292,Fri,20,20.22
1293,Fri,21,10.33
1294,Fri,22,10.42
1295,Fri,23,6.11
1296,Sat,0,2.68
1297,Sat,1,2.06
1298,Sat,2,1.19
1299,Sat,3,1.31
1300,Sat,4,1.26
1301,Sat,5,2.45
1302,Sat,6,5.73
1303,Sat,7,8.49
1304,Sat,8,24.37
1305,Sat,9,38.57
1306,Sat,10,43.70
1307,Sat,11,45.25
1308,Sat,12,49.28
1309,Sat,13,30.99
1310,Sat,14,28.77
1311,Sat,15,21.59
1312,Sat,16,26.07
1313,Sat,17,25.42
1314,Sat,18,18.52
1315,Sat,19,14.36
1316,Sat,20,9.43
1317,Sat,21,7.33
1318,Sat,22,3.64
1319,Sat,23,3.70
1320,Sun,0,2.09
1321,Sun,1,1.20
1322,Sun,2,0.97
1323,Sun,3,0.96
1324,Sun,4,1.30
1325,Sun,5,2.24
1326,Sun,6,2.84
1327,Sun,7,8.77
1328,Sun,8,17.43
1329,Sun,9,22.88
1330,Sun,10,23.66
1331,Sun,11,29.92
1332,Sun,12,27.95
1333,Sun,13,28.71
1334,Sun,14,23.20
1335,Sun,15,14.31
1336,Sun,16,21.14
1337,Sun,17,12.51
1338,Sun,18,16.60
1339,Sun,19,8.82
1340,Sun,20,7.23
1341,Sun,21,5.09
1342,Sun,22,3.73
1343,Sun,23,3.24
1344,Mon,0,3.93
1345,Mon,1,2.83
1346,Mon,2,1.80
1347,Mon,3,1.23
1348,Mon,4,1.54
1349,Mon,5,3.07
1350,Mon,6,8.42
1351,Mon,7,26.02
1352,Mon,8,42.78
1353,Mon,9,60.88
1354,Mon,10,62.21
1355,Mon,11,46.09
1356,Mon,12,67.85
1357,Mon,13,61.20
1358,Mon,14,54.43
1359,Mon,15,51.91
1360,Mon,16,34.94
1361,Mon,17,66.70
1362,Mon,18,62.25
1363,Mon,19,40.35
1364,Mon,20,31.78
1365,Mon,21,23.71
1366,Mon,22,14.33
1367,Mon,23,6.27
1368,Tue,0,3.73
1369,Tue,1,2.68
1370,Tue,2,1.13
1371,Tue,3,1.45
1372,Tue,4,1.16
1373,Tue,5,3.07
1374,Tue,6,10.38
1375,Tue,7,17.71
1376,Tue,8,28.61
1377,Tue,9,79.22
1378,Tue,10,75.26
1379,Tue,11,85.18
1380,Tue,12,42.95
1381,Tue,13,54.09
1382,Tue,14,66.68
1383,Tue,15,78.88
1384,Tue,16,60.28
1385,Tue,17,62.40
1386,Tue,18,45.68
1387,Tue,19,41.57
1388,Tue,20,29.74
1389,Tue,21,17.50
1390,Tue,22,8.28
1391,Tue,23,7.10
1392,Wed,0,2.74
1393,Wed,1,2.50
1394,Wed,2,1.57
1395,Wed,3,1.94
1396,Wed,4,1.80
1397,Wed,5,2.75
1398,Wed,6,9.55
1399,Wed,7,27.63
1400,Wed,8,39.24
1401,Wed,9,66.21
1402,Wed,10,81.86
1403,Wed,11,78.99
1404,Wed,12,58.97
1405,Wed,13,33.12
1406,Wed,14,35.90
1407,Wed,15,57.90
1408,Wed,16,64.10
1409,Wed,17,83.03
1410,Wed,18,37.97
1411,Wed,19,40.61
1412,Wed,20,27.29
1413,Wed,21,11.52
1414,Wed,22,8.94
1415,Wed,23,6.17
1416,Thu,0,2.67
1417,Thu,1,2.14
1418,Thu,2,1.59
1419,Thu,3,1.25
1420,Thu,4,1.59
1421,Thu,5,2.59
1422,Thu,6,7.92
1423,Thu,7,22.48
1424,Thu,8,38.07
1425,Thu,9,63.13
1426,Thu,10,84.85
1427,Thu,11,63.26
1428,Thu,12,51.32
1429,Thu,13,48.08
1430,Thu,14,42.40
1431,Thu,15,64.73
1432,Thu,16,45.04
1433,Thu,17,61.83
1434,Thu,18,39.87
1435,Thu,19,28.20
1436,Thu,20,30.89
1437,Thu,21,13.64
1438,Thu,22,13.49
1439,Thu,23,6.55
1440,Fri,0,3.52
1441,Fri,1,1.73
1442,Fri,2,1.70
1443,Fri,3,1.76
1444,Fri,4,1.37
1445,Fri,5,2.73
1446,Fri,6,12.08
1447,Fri,7,20.17
1448,Fri,8,37.40
1449,Fri,9,50.74
1450,Fri,10,67.86
1451,Fri,11,63.60
1452,Fri,12,51.86
1453,Fri,13,53.03
1454,Fri,14,40.72
1455,Fri,15,56.05
1456,Fri,16,70.50
1457,Fri,17,43.46
1458,Fri,18,49.71
1459,Fri,19,41.77
1460,Fri,20,16.89
1461,Fri,21,12.32
1462,Fri,22,7.95
1463,Fri,23,3.73
1464,Sat,0,2.87
1465,Sat,1,1.18
1466,Sat,2,1.44
1467,Sat,3,1.67
1468,Sat,4,0.94
1469,Sat,5,2.08
1470,Sat,6,2.89
1471,Sat,7,10.08
1472,Sat,8,15.33
1473,Sat,9,28.61
1474,Sat,10,38.37
1475,Sat,11,44.64
1476,Sat,12,34.80
1477,Sat,13,31.90
1478,Sat,14,26.30
1479,Sat,15,27.06
1480,Sat,16,18.83
1481,Sat,17,20.56
1482,Sat,18,10.95
1483,Sat,19,12.09
1484,Sat,20,13.07
1485,Sat,21,7.17
1486,Sat,22,3.76
1487,Sat,23,3.24
1488,Sun,0,1.85
1489,Sun,1,1.05
1490,Sun,2,0.97
1491,Sun,3,1.27
1492,Sun,4,1.20
1493,Sun,5,1.83
1494,Sun,6,3.11
1495,Sun,7,6.01
1496,Sun,8,18.55
1497,Sun,9,26.49
1498,Sun,10,26.59
1499,Sun,11,21.29
1500,Sun,12,23.62
1501,Sun,13,38.84
1502,Sun,14,19.53
1503,Sun,15,22.08
1504,Sun,16,20.91
1505,Sun,17,16.68
1506,Sun,18,13.47
1507,Sun,19,8.43
1508,Sun,20,6.66
1509,Sun,21,7.79
1510,Sun,22,3.55
1511,Sun,23,3.01
1512,Mon,0,2.35
1513,Mon,1,2.41
1514,Mon,2,1.77
1515,Mon,3,2.00
1516,Mon,4,1.35
1517,Mon,5,3.74
1518,Mon,6,10.84
1519,Mon,7,20.51
1520,Mon,8,53.20
1521,Mon,9,58.07
1522,Mon,10,65.13
1523,Mon,11,72.40
1524,Mon,12,31.11
1525,Mon,13,48.02
1526,Mon,14,42.94
1527,Mon,15,46.05
1528,Mon,16,62.40
1529,Mon,17,73.01
1530,Mon,18,46.99
1531,Mon,19,46.67
1532,Mon,20,21.39
1533,Mon,21,14.19
1534,Mon,22,15.13
1535,Mon,23,7.24
1536,Tue,0,3.64
1537,Tue,1,1.98
1538,Tue,2,1.78
1539,Tue,3,1.63
1540,Tue,4,1.74
1541,Tue,5,3.12
1542,Tue,6,11.35
1543,Tue,7,19.22
1544,Tue,8,37.25
1545,Tue,9,46.77
1546,Tue,10,84.55
1547,Tue,11,57.95
1548,Tue,12,45.44
1549,Tue,13,37.45
1550,Tue,14,44.32
1551,Tue,15,44.35
1552,Tue,16,58.92
1553,Tue,17,52.39
1554,Tue,18,42.00
1555,Tue,19,28.93
1556,Tue,20,25.03
1557,Tue,21,15.68
1558,Tue,22,11.10
1559,Tue,23,6.50
1560,Wed,0,3.16
1561,Wed,1,1.35
1562,Wed,2,1.34
1563,Wed,3,1.27
1564,Wed,4,1.69
1565,Wed,5,2.13
1566,Wed,6,7.77
1567,Wed,7,19.71
1568,Wed,8,40.50
1569,Wed,9,71.83
1570,Wed,10,61.57
1571,Wed,11,75.02
1572,Wed,12,39.40
1573,Wed,13,29.05
1574,Wed,14,56.20
1575,Wed,15,59.32
1576,Wed,16,64.69
1577,Wed,17,57.74
1578,Wed,18,48.49
1579,Wed,19,26.13
1580,Wed,20,27.85
1581,Wed,21,14.79
1582,Wed,22,12.25
1583,Wed,23,6.04
1584,Thu,0,1.87
1585,Thu,1,1.67
1586,Thu,2,1.75
1587,Thu,3,1.42
1588,Thu,4,1.35
1589,Thu,5,3.03
1590,Thu,6,8.05
1591,Thu,7,18.35
1592,Thu,8,42.91
1593,Thu,9,61.11
1594,Thu,10,83.23
1595,Thu,11,62.98
1596,Thu,12,70.00
1597,Thu,13,55.80
1598,Thu,14,58.95
1599,Thu,15,64.03
1600,Thu,16,59.48
1601,Thu,17,56.57
1602,Thu,18,42.47
1603,Thu,19,28.39
1604,Thu,20,22.97
1605,Thu,21,14.14
1606,Thu,22,13.17
1607,Thu,23,6.37
1608,Fri,0,2.55
1609,Fri,1,1.36
1610,Fri,2,1.37
1611,Fri,3,1.28
1612,Fri,4,1.11
1613,Fri,5,2.20
1614,Fri,6,4.95
1615,Fri,7,21.38
1616,Fri,8,39.70
1617,Fri,9,83.18
1618,Fri,10,61.99
1619,Fri,11,57.98
1620,Fri,12,62.83
1621,Fri,13,41.14
1622,Fri,14,44.24
1623,Fri,15,47.83
1624,Fri,16,49.37
1625,Fri,17,66.85
1626,Fri,18,49.04
1627,Fri,19,40.80
1628,Fri,20,20.77
1629,Fri,21,15.32
1630,Fri,22,8.16
1631,Fri,23,6.51
1632,Sat,0,1.97
1633,Sat,1,1.93
1634,Sat,2,1.58
1635,Sat,3,1.65
1636,Sat,4,1.09
1637,Sat,5,2.62
1638,Sat,6,3.82
1639,Sat,7,7.57
1640,Sat,8,13.36
1641,Sat,9,36.02
1642,Sat,10,48.90
1643,Sat,11,36.03
1644,Sat,12,31.80
1645,Sat,13,29.65
1646,Sat,14,42.00
1647,Sat,15,31.07
1648,Sat,16,21.37
1649,Sat,17,13.66
1650,Sat,18,14.65
1651,Sat,19,15.97
1652,Sat,20,12.89
1653,Sat,21,6.68
1654,Sat,22,4.22
1655,Sat,23,2.79
1656,Sun,0,1.47
1657,Sun,1,1.72
1658,Sun,2,0.89
1659,Sun,3,1.32
1660,Sun,4,0.77
1661,Sun,5,1.43
1662,Sun,6,3.90
1663,Sun,7,6.39
1664,Sun,8,16.89
1665,Sun,9,25.22
1666,Sun,10,25.11
1667,Sun,11,37.88
1668,Sun,12,35.82
1669,Sun,13,17.48
1670,Sun,14,32.47
1671,Sun,15,24.21
1672,Sun,16,22.73
1673,Sun,17,11.33
1674,Sun,18,12.25
1675,Sun,19,10.41
1676,Sun,20,9.73
1677,Sun,21,4.37
1678,Sun,22,3.43
1679,Sun,23,1.65
1680,Mon,0,3.20
1681,Mon,1,2.67
1682,Mon,2,1.17
1683,Mon,3,1.50
1684,Mon,4,1.83
1685,Mon,5,4.31
1686,Mon,6,11.25
1687,Mon,7,22.17
1688,Mon,8,38.27
1689,Mon,9,57.10
1690,Mon,10,66.36
1691,Mon,11,73.93
1692,Mon,12,59.76
1693,Mon,13,63.15
1694,Mon,14,54.60
1695,Mon,15,50.01
1696,Mon,16,85.62
1697,Mon,17,74.52
1698,Mon,18,51.16
1699,Mon,19,32.79
1700,Mon,20,17.77
1701,Mon,21,15.03
1702,Mon,22,13.65
1703,Mon,23,5.73
1704,Tue,0,2.35
1705,Tue,1,2.39
1706,Tue,2,1.61
1707,Tue,3,1.71
1708,Tue,4,1.72
1709,Tue,5,3.86
1710,Tue,6,7.85
1711,Tue,7,25.37
1712,Tue,8,36.74
1713,Tue,9,71.07
1714,Tue,10,71.57
1715,Tue,11,69.16
1716,Tue,12,65.14
1717,Tue,13,44.55
1718,Tue,14,57.33
1719,Tue,15,66.00
1720,Tue,16,63.14
1721,Tue,17,52.58
1722,Tue,18,39.96
1723,Tue,19,31.38
1724,Tue,20,23.76
1725,Tue,21,16.87
1726,Tue,22,16.57
1727,Tue,23,6.87
1728,Wed,0,3.36
1729,Wed,1,1.87
1730,Wed,2,1.29
1731,Wed,3,1.39
1732,Wed,4,1.52
1733,Wed,5,2.40
1734,Wed,6,11.41
1735,Wed,7,18.54
1736,Wed,8,51.04
1737,Wed,9,35.02
1738,Wed,10,66.24
1739,Wed,11,66.55
1740,Wed,12,54.89
1741,Wed,13,47.37
1742,Wed,14,47.99
1743,Wed,15,56.13
1744,Wed,16,38.87
1745,Wed,17,48.81
1746,Wed,18,25.57
1747,Wed,19,36.91
1748,Wed,20,24.89
1749,Wed,21,15.64
1750,Wed,22,8.79
1751,Wed,23,5.28
1752,Thu,0,3.84
1753,Thu,1,2.83
1754,Thu,2,1.43
1755,Thu,3,1.77
1756,Thu,4,1.03
1757,Thu,5,1.88
1758,Thu,6,7.89
1759,Thu,7,16.99
1760,Thu,8,37.57
1761,Thu,9,61.06
1762,Thu,10,100.11
1763,Thu,11,54.57
1764,Thu,12,52.32
1765,Thu,13,43.85
1766,Thu,14,44.38
1767,Thu,15,62.22
1768,Thu,16,76.03
1769,Thu,17,42.48
1770,Thu,18,44.47
1771,Thu,19,30.86
1772,Thu,20,24.52
1773,Thu,21,11.48
1774,Thu,22,6.89
1775,Thu,23,3.36
1776,Fri,0,3.01
1777,Fri,1,2.13
1778,Fri,2,1.39
1779,Fri,3,0.79
1780,Fri,4,1.28
1781,Fri,5,2.37
1782,Fri,6,6.14
1783,Fri,7,16.06
1784,Fri,8,44.83
1785,Fri,9,61.82
1786,Fri,10,61.55
1787,Fri,11,64.52
1788,Fri,12,44.07
1789,Fri,13,40.34
1790,Fri,14,42.88
1791,Fri,15,55.89
1792,Fri,16,54.24
1793,Fri,17,50.84
1794,Fri,18,40.20
1795,Fri,19,27.31
1796,Fri,20,30.81
1797,Fri,21,16.51
1798,Fri,22,10.36
1799,Fri,23,7.76
1800,Sat,0,3.27
1801,Sat,1,1.25
1802,Sat,2,1.47
1803,Sat,3,1.50
1804,Sat,4,1.75
1805,Sat,5,2.69
1806,Sat,6,4.95
1807,Sat,7,6.85
1808,Sat,8,14.66
1809,Sat,9,30.99
1810,Sat,10,40.79
1811,Sat,11,32.64
1812,Sat,12,33.99
1813,Sat,13,29.05
1814,Sat,14,29.01
1815,Sat,15,27.66
1816,Sat,16,22.26
1817,Sat,17,15.55
1818,Sat,18,20.22
1819,Sat,19,16.79
1820,Sat,20,9.38
1821,Sat,21,8.24
1822,Sat,22,5.16
1823,Sat,23,3.40
1824,Sun,0,2.39
1825,Sun,1,1.27
1826,Sun,2,1.22
1827,Sun,3,1.30
1828,Sun,4,0.92
1829,Sun,5,2.49
1830,Sun,6,5.05
1831,Sun,7,9.75
1832,Sun,8,19.94
1833,Sun,9,28.30
1834,Sun,10,29.65
1835,Sun,11,30.13
1836,Sun,12,26.33
1837,Sun,13,26.98
1838,Sun,14,24.09
1839,Sun,15,24.69
1840,Sun,16,12.62
1841,Sun,17,23.92
1842,Sun,18,19.67
1843,Sun,19,10.96
1844,Sun,20,9.06
1845,Sun,21,6.38
1846,Sun,22,4.24
1847,Sun,23,2.47
1848,Mon,0,4.98
1849,Mon,1,6.40
1850,Mon,2,3.82
1851,Mon,3,2.97
1852,Mon,4,2.73
1853,Mon,5,6.24
1854,Mon,6,23.16
1855,Mon,7,40.49
1856,Mon,8,74.02
1857,Mon,9,115.82
1858,Mon,10,82.38
1859,Mon,11,143.30
1860,Mon,12,108.50
1861,Mon,13,102.71
1862,Mon,14,95.84
1863,Mon,15,115.79
1864,Mon,16,119.40
1865,Mon,17,78.64
1866,Mon,18,88.49
1867,Mon,19,69.28
1868,Mon,20,55.77
1869,Mon,21,35.76
1870,Mon,22,17.26
1871,Mon,23,11.57
1872,Tue,0,3.26
1873,Tue,1,2.84
1874,Tue,2,1.39
1875,Tue,3,1.04
1876,Tue,4,1.37
1877,Tue,5,2.87
1878,Tue,6,11.61
1879,Tue,7,23.88
1880,Tue,8,33.59
1881,Tue,9,72.42
1882,Tue,10,89.90
1883,Tue,11,72.99
1884,Tue,12,45.26
1885,Tue,13,57.43
1886,Tue,14,53.86
1887,Tue,15,47.57
1888,Tue,16,85.08
1889,Tue,17,60.23
1890,Tue,18,29.26
1891,Tue,19,36.18
1892,Tue,20,24.14
1893,Tue,21,18.72
1894,Tue,22,11.59
1895,Tue,23,5.19
1896,Wed,0,3.18
1897,Wed,1,2.52
1898,Wed,2,1.44
1899,Wed,3,1.45
1900,Wed,4,1.18
1901,Wed,5,2.85
1902,Wed,6,7.96
1903,Wed,7,20.26
1904,Wed,8,39.25
1905,Wed,9,40.51
1906,Wed,10,72.61
1907,Wed,11,55.35
1908,Wed,12,50.33
1909,Wed,13,35.10
1910,Wed,14,45.29
1911,Wed,15,50.57
1912,Wed,16,76.60
1913,Wed,17,37.72
1914,Wed,18,34.35
1915,Wed,19,33.08
1916,Wed,20,18.24
1917,Wed,21,15.38
1918,Wed,22,15.00
1919,Wed,23,6.20
1920,Thu,0,2.91
1921,Thu,1,2.38
1922,Thu,2,1.58
1923,Thu,3,1.54
1924,Thu,4,1.45
1925,Thu,5,2.74
1926,Thu,6,10.52
1927,Thu,7,23.15
1928,Thu,8,41.86
1929,Thu,9,60.38
1930,Thu,10,51.92
1931,Thu,11,52.89
1932,Thu,12,37.12
1933,Thu,13,39.72
1934,Thu,14,57.06
1935,Thu,15,64.35
1936,Thu,16,56.44
1937,Thu,17,51.32
1938,Thu,18,49.24
1939,Thu,19,36.81
1940,Thu,20,19.50
1941,Thu,21,15.69
1942,Thu,22,11.31
1943,Thu,23,6.43
1944,Fri,0,3.15
1945,Fri,1,2.41
1946,Fri,2,1.45
1947,Fri,3,1.25
1948,Fri,4,1.00
1949,Fri,5,2.36
1950,Fri,6,9.57
1951,Fri,7,24.55
1952,Fri,8,45.97
1953,Fri,9,51.98
1954,Fri,10,42.72
1955,Fri,11,68.16
1956,Fri,12,40.25
1957,Fri,13,38.31
1958,Fri,14,54.44
1959,Fri,15,44.68
1960,Fri,16,50.59
1961,Fri,17,57.56
1962,Fri,18,36.81
1963,Fri,19,35.68
1964,Fri,20,28.80
1965,Fri,21,14.39
1966,Fri,22,12.21
1967,Fri,23,4.50
1968,Sat,0,2.67
1969,Sat,1,1.64
1970,Sat,2,0.71
1971,Sat,3,1.23
1972,Sat,4,1.45
1973,Sat,5,2.04
1974,Sat,6,3.34
1975,Sat,7,9.65
1976,Sat,8,14.72
1977,Sat,9,34.17
1978,Sat,10,43.48
1979,Sat,11,42.83
1980,Sat,12,34.84
1981,Sat,13,30.98
1982,Sat,14,37.09
1983,Sat,15,35.29
1984,Sat,16,24.89
1985,Sat,17,11.54
1986,Sat,18,12.78
1987,Sat,19,9.78
1988,Sat,20,12.13
1989,Sat,21,5.18
1990,Sat,22,5.93
1991,Sat,23,3.18
1992,Sun,0,2.12
1993,Sun,1,1.85
1994,Sun,2,1.06
1995,Sun,3,1.33
1996,Sun,4,1.33
1997,Sun,5,1.61
1998,Sun,6,3.63
1999,Sun,7,8.86
2000,Sun,8,8.67
2001,Sun,9,29.15
2002,Sun,10,30.16
2003,Sun,11,38.46
2004,Sun,12,28.88
2005,Sun,13,24.28
2006,Sun,14,15.04
2007,Sun,15,16.34
2008,Sun,16,16.86
2009,Sun,17,16.52
2010,Sun,18,10.82
2011,Sun,19,11.42
2012,Sun,20,8.44
2013,Sun,21,6.25
2014,Sun,22,4.41
2015,Sun,23,2.83
2016,Mon,0,2.88
2017,Mon,1,2.67
2018,Mon,2,1.65
2019,Mon,3,1.77
2020,Mon,4,1.10
2021,Mon,5,2.96
2022,Mon,6,8.08
2023,Mon,7,19.57
2024,Mon,8,44.27
2025,Mon,9,60.77
2026,Mon,10,70.28
2027,Mon,11,56.94
2028,Mon,12,45.14
2029,Mon,13,44.13
2030,Mon,14,43.17
2031,Mon,15,62.61
2032,Mon,16,66.12
2033,Mon,17,70.37
2034,Mon,18,40.59
2035,Mon,19,36.45
2036,Mon,20,25.66
2037,Mon,21,17.81
2038,Mon,22,9.02
2039,Mon,23,8.45
2040,Tue,0,3.07
2041,Tue,1,2.79
2042,Tue,2,1.29
2043,Tue,3,1.52
2044,Tue,4,1.74
2045,Tue,5,2.99
2046,Tue,6,9.20
2047,Tue,7,18.94
2048,Tue,8,58.42
2049,Tue,9,71.17
2050,Tue,10,63.94
2051,Tue,11,66.53
2052,Tue,12,46.37
2053,Tue,13,49.33
2054,Tue,14,46.48
2055,Tue,15,51.10
2056,Tue,16,64.73
2057,Tue,17,83.27
2058,Tue,18,45.00
2059,Tue,19,30.47
2060,Tue,20,22.07
2061,Tue,21,19.01
2062,Tue,22,9.39
2063,Tue,23,4.70
2064,Wed,0,3.46
2065,Wed,1,1.58
2066,Wed,2,1.02
2067,Wed,3,1.40
2068,Wed,4,1.43
2069,Wed,5,2.01
2070,Wed,6,5.97
2071,Wed,7,21.23
2072,Wed,8,37.61
2073,Wed,9,36.40
2074,Wed,10,81.57
2075,Wed,11,78.40
2076,Wed,12,68.00
2077,Wed,13,42.27
2078,Wed,14,36.69
2079,Wed,15,47.69
2080,Wed,16,71.02
2081,Wed,17,51.95
2082,Wed,18,31.49
2083,Wed,19,37.58
2084,Wed,20,27.10
2085,Wed,21,13.10
2086,Wed,22,8.67
2087,Wed,23,6.57
2088,Thu,0,2.04
2089,Thu,1,2.28
2090,Thu,2,1.35
2091,Thu,3,1.66
2092,Thu,4,1.18
2093,Thu,5,2.65
2094,Thu,6,7.30
2095,Thu,7,25.41
2096,Thu,8,46.05
2097,Thu,9,47.98
2098,Thu,10,56.72
2099,Thu,11,63.15
2100,Thu,12,49.15
2101,Thu,13,44.86
2102,Thu,14,34.54
2103,Thu,15,46.61
2104,Thu,16,75.98
2105,Thu,17,65.09
2106,Thu,18,35.81
2107,Thu,19,41.64
2108,Thu,20,28.01
2109,Thu,21,9.53
2110,Thu,22,10.42
2111,Thu,23,6.68
2112,Fri,0,2.75
2113,Fri,1,1.99
2114,Fri,2,1.65
2115,Fri,3,1.44
2116,Fri,4,0.80
2117,Fri,5,2.71
2118,Fri,6,8.35
2119,Fri,7,14.68
2120,Fri,8,47.55
2121,Fri,9,55.11
2122,Fri,10,44.13
2123,Fri,11,56.21
2124,Fri,12,42.18
2125,Fri,13,43.30
2126,Fri,14,35.97
2127,Fri,15,45.16
2128,Fri,16,67.68
2129,Fri,17,46.74
2130,Fri,18,37.13
2131,Fri,19,29.92
2132,Fri,20,18.79
2133,Fri,21,16.73
2134,Fri,22,7.37
2135,Fri,23,4.91
2136,Sat,0,3.43
2137,Sat,1,1.16
2138,Sat,2,1.03
2139,Sat,3,1.30
2140,Sat,4,0.74
2141,Sat,5,1.23
2142,Sat,6,3.74
2143,Sat,7,10.10
2144,Sat,8,17.81
2145,Sat,9,26.07
2146,Sat,10,29.09
2147,Sat,11,57.03
2148,Sat,12,39.37
2149,Sat,13,24.82
2150,Sat,14,36.40
2151,Sat,15,31.84
2152,Sat,16,20.19
2153,Sat,17,13.53
2154,Sat,18,22.30
2155,Sat,19,12.50
2156,Sat,20,8.52
2157,Sat,21,7.16
2158,Sat,22,4.44
2159,Sat,23,3.61
2160,Sun,0,1.91
2161,Sun,1,1.44
2162,Sun,2,1.19
2163,Sun,3,1.33
2164,Sun,4,0.94
2165,Sun,5,1.62
2166,Sun,6,4.52
2167,Sun,7,7.13
2168,Sun,8,16.98
2169,Sun,9,25.68
2170,Sun,10,32.09
2171,Sun,11,28.17
2172,Sun,12,30.07
2173,Sun,13,25.54
2174,Sun,14,21.01
2175,Sun,15,28.65
2176,Sun,16,14.99
2177,Sun,17,14.28
2178,Sun,18,14.63
2179,Sun,19,12.96
2180,Sun,20,6.86
2181,Sun,21,5.49
2182,Sun,22,3.43
2183,Sun,23,2.08
2184,Mon,0,4.02
2185,Mon,1,2.43
2186,Mon,2,1.50
2187,Mon,3,1.70
2188,Mon,4,1.90
2189,Mon,5,4.08
2190,Mon,6,10.39
2191,Mon,7,23.93
2192,Mon,8,52.09
2193,Mon,9,79.47
2194,Mon,10,81.21
2195,Mon,11,54.37
2196,Mon,12,59.84
2197,Mon,13,44.30
2198,Mon,14,65.92
2199,Mon,15,61.61
2200,Mon,16,56.84
2201,Mon,17,77.60
2202,Mon,18,45.53
2203,Mon,19,39.77
2204,Mon,20,25.79
2205,Mon,21,19.35
2206,Mon,22,13.61
2207,Mon,23,5.62
2208,Tue,0,2.65
2209,Tue,1,2.60
2210,Tue,2,1.43
2211,Tue,3,1.56
2212,Tue,4,1.77
2213,Tue,5,2.54
2214,Tue,6,10.66
2215,Tue,7,19.92
2216,Tue,8,39.07
2217,Tue,9,55.60
2218,Tue,10,94.25
2219,Tue,11,71.62
2220,Tue,12,59.00
2221,Tue,13,38.01
2222,Tue,14,58.73
2223,Tue,15,44.47
2224,Tue,16,54.99
2225,Tue,17,69.96
2226,Tue,18,54.03
2227,Tue,19,31.89
2228,Tue,20,26.99
2229,Tue,21,15.77
2230,Tue,22,8.16
2231,Tue,23,7.08
2232,Wed,0,2.94
2233,Wed,1,2.47
2234,Wed,2,1.64
2235,Wed,3,1.22
2236,Wed,4,1.48
2237,Wed,5,2.49
2238,Wed,6,9.26
2239,Wed,7,23.04
2240,Wed,8,49.23
2241,Wed,9,84.62
2242,Wed,10,60.62
2243,Wed,11,75.28
2244,Wed,12,60.10
2245,Wed,13,47.59
2246,Wed,14,38.25
2247,Wed,15,59.31
2248,Wed,16,62.07
2249,Wed,17,56.38
2250,Wed,18,46.22
2251,Wed,19,27.40
2252,Wed,20,22.98
2253,Wed,21,17.58
2254,Wed,22,9.74
2255,Wed,23,6.46
2256,Thu,0,3.52
2257,Thu,1,2.22
2258,Thu,2,1.32
2259,Thu,3,1.52
2260,Thu,4,1.37
2261,Thu,5,2.58
2262,Thu,6,8.04
2263,Thu,7,26.21
2264,Thu,8,46.04
2265,Thu,9,65.36
2266,Thu,10,73.49
2267,Thu,11,43.37
2268,Thu,12,54.90
2269,Thu,13,46.28
2270,Thu,14,42.04
2271,Thu,15,42.81
2272,Thu,16,62.57
2273,Thu,17,51.45
2274,Thu,18,50.48
2275,Thu,19,29.42
2276,Thu,20,23.00
2277,Thu,21,18.39
2278,Thu,22,11.66
2279,Thu,23,6.75
2280,Fri,0,2.60
2281,Fri,1,2.77
2282,Fri,2,1.14
2283,Fri,3,1.21
2284,Fri,4,1.34
2285,Fri,5,3.32
2286,Fri,6,8.68
2287,Fri,7,25.29
2288,Fri,8,44.65
2289,Fri,9,62.89
2290,Fri,10,51.72
2291,Fri,11,55.16
2292,Fri,12,49.16
2293,Fri,13,31.87
2294,Fri,14,36.04
2295,Fri,15,39.72
2296,Fri,16,49.77
2297,Fri,17,59.07
2298,Fri,18,43.85
2299,Fri,19,31.73
2300,Fri,20,23.33
2301,Fri,21,12.79
2302,Fri,22,8.91
2303,Fri,23,4.94
2304,Sat,0,2.13
2305,Sat,1,1.58
2306,Sat,2,1.07
2307,Sat,3,1.27
2308,Sat,4,1.45
2309,Sat,5,2.24
2310,Sat,6,4.28
2311,Sat,7,9.22
2312,Sat,8,16.37
2313,Sat,9,24.58
2314,Sat,10,24.55
2315,Sat,11,47.55
2316,Sat,12,37.52
2317,Sat,13,19.20
2318,Sat,14,29.57
2319,Sat,15,23.46
2320,Sat,16,22.62
2321,Sat,17,20.26
2322,Sat,18,14.21
2323,Sat,19,9.62
2324,Sat,20,8.26
2325,Sat,21,7.76
2326,Sat,22,3.94
2327,Sat,23,2.26
2328,Sun,0,2.15
2329,Sun,1,1.92
2330,Sun,2,0.91
2331,Sun,3,1.29
2332,Sun,4,1.11
2333,Sun,5,1.93
2334,Sun,6,4.45
2335,Sun,7,6.04
2336,Sun,8,14.08
2337,Sun,9,23.01
2338,Sun,10,33.83
2339,Sun,11,33.66
2340,Sun,12,31.40
2341,Sun,13,29.38
2342,Sun,14,22.64
2343,Sun,15,22.12
2344,Sun,16,17.40
2345,Sun,17,20.30
2346,Sun,18,15.54
2347,Sun,19,14.02
2348,Sun,20,5.81
2349,Sun,21,5.01
2350,Sun,22,3.90
2351,Sun,23,2.97
2352,Mon,0,3.00
2353,Mon,1,2.04
2354,Mon,2,2.16
2355,Mon,3,1.61
2356,Mon,4,1.65
2357,Mon,5,2.75
2358,Mon,6,12.94
2359,Mon,7,24.64
2360,Mon,8,44.61
2361,Mon,9,63.65
2362,Mon,10,72.61
2363,Mon,11,75.22
2364,Mon,12,59.76
2365,Mon,13,41.08
2366,Mon,14,62.70
2367,Mon,15,50.40
2368,Mon,16,79.64
2369,Mon,17,69.87
2370,Mon,18,36.95
2371,Mon,19,42.90
2372,Mon,20,27.53
2373,Mon,21,15.42
2374,Mon,22,15.40
2375,Mon,23,7.94
2376,Tue,0,1.87
2377,Tue,1,2.64
2378,Tue,2,1.32
2379,Tue,3,1.07
2380,Tue,4,1.66
2381,Tue,5,2.30
2382,Tue,6,8.37
2383,Tue,7,21.09
2384,Tue,8,40.31
2385,Tue,9,49.74
2386,Tue,10,39.17
2387,Tue,11,61.68
2388,Tue,12,64.58
2389,Tue,13,52.33
2390,Tue,14,58.26
2391,Tue,15,58.92
2392,Tue,16,62.05
2393,Tue,17,48.84
2394,Tue,18,24.19
2395,Tue,19,28.75
2396,Tue,20,20.21
2397,Tue,21,13.49
2398,Tue,22,10.36
2399,Tue,23,6.29
2400,Wed,0,2.50
2401,Wed,1,2.43
2402,Wed,2,1.48
2403,Wed,3,1.63
2404,Wed,4,1.68
2405,Wed,5,3.44
2406,Wed,6,7.95
2407,Wed,7,17.51
2408,Wed,8,41.52
2409,Wed,9,70.60
2410,Wed,10,38.42
2411,Wed,11,69.57
2412,Wed,12,46.36
2413,Wed,13,46.06
2414,Wed,14,47.16
2415,Wed,15,48.92
2416,Wed,16,48.16
2417,Wed,17,50.42
2418,Wed,18,46.32
2419,Wed,19,25.23
2420,Wed,20,22.82
2421,Wed,21,13.87
2422,Wed,22,8.70
2423,Wed,23,4.47
2424,Thu,0,1.94
2425,Thu,1,2.23
2426,Thu,2,1.44
2427,Thu,3,1.28
2428,Thu,4,1.33
2429,Thu,5,3.22
2430,Thu,6,8.44
2431,Thu,7,20.55
2432,Thu,8,39.20
2433,Thu,9,63.36
2434,Thu,10,58.60
2435,Thu,11,48.35
2436,Thu,12,55.83
2437,Thu,13,44.29
2438,Thu,14,35.70
2439,Thu,15,52.90
2440,Thu,16,57.23
2441,Thu,17,55.75
2442,Thu,18,64.71
2443,Thu,19,32.31
2444,Thu,20,22.14
2445,Thu,21,14.07
2446,Thu,22,8.68
2447,Thu,23,2.80
2448,Fri,0,2.43
2449,Fri,1,1.91
2450,Fri,2,1.07
2451,Fri,3,1.34
2452,Fri,4,1.43
2453,Fri,5,3.19
2454,Fri,6,11.11
2455,Fri,7,18.86
2456,Fri,8,32.30
2457,Fri,9,43.30
2458,Fri,10,73.63
2459,Fri,11,50.85
2460,Fri,12,47.43
2461,Fri,13,43.43
2462,Fri,14,42.02
2463,Fri,15,50.40
2464,Fri,16,55.55
2465,Fri,17,33.07
2466,Fri,18,38.27
2467,Fri,19,32.96
2468,Fri,20,16.36
2469,Fri,21,10.66
2470,Fri,22,10.14
2471,Fri,23,5.02
2472,Sat,0,2.69
2473,Sat,1,1.12
2474,Sat,2,1.24
2475,Sat,3,1.05
2476,Sat,4,1.42
2477,Sat,5,2.73
2478,Sat,6,3.87
2479,Sat,7,9.66
2480,Sat,8,13.96
2481,Sat,9,26.85
2482,Sat,10,38.25
2483,Sat,11,33.96
2484,Sat,12,42.97
2485,Sat,13,31.86
2486,Sat,14,21.20
2487,Sat,15,19.03
2488,Sat,16,20.12
2489,Sat,17,11.99
2490,Sat,18,19.01
2491,Sat,19,11.63
2492,Sat,20,8.22
2493,Sat,21,6.68
2494,Sat,22,4.26
2495,Sat,23,3.58
2496,Sun,0,2.62
2497,Sun,1,1.60
2498,Sun,2,1.16
2499,Sun,3,1.23
2500,Sun,4,1.14
2501,Sun,5,1.74
2502,Sun,6,4.19
2503,Sun,7,7.39
2504,Sun,8,15.58
2505,Sun,9,30.42
2506,Sun,10,40.79
2507,Sun,11,32.64
2508,Sun,12,35.38
2509,Sun,13,19.05
2510,Sun,14,20.22
2511,Sun,15,22.56
2512,Sun,16,16.87
2513,Sun,17,13.24
2514,Sun,18,11.47
2515,Sun,19,11.40
2516,Sun,20,5.84
2517,Sun,21,6.21
2518,Sun,22,4.57
2519,Sun,23,1.61
2520,Mon,0,3.43
2521,Mon,1,2.70
2522,Mon,2,1.25
2523,Mon,3,1.72
2524,Mon,4,1.48
2525,Mon,5,3.49
2526,Mon,6,10.86
2527,Mon,7,24.09
2528,Mon,8,24.70
2529,Mon,9,72.96
2530,Mon,10,93.32
2531,Mon,11,55.06
2532,Mon,12,83.33
2533,Mon,13,42.76
2534,Mon,14,37.52
2535,Mon,15,45.66
2536,Mon,16,79.68
2537,Mon,17,66.51
2538,Mon,18,42.17
2539,Mon,19,32.39
2540,Mon,20,15.25
2541,Mon,21,14.14
2542,Mon,22,8.27
2543,Mon,23,6.57
2544,Tue,0,2.78
2545,Tue,1,2.54
2546,Tue,2,1.51
2547,Tue,3,1.42
2548,Tue,4,1.61
2549,Tue,5,3.67
2550,Tue,6,8.16
2551,Tue,7,21.01
2552,Tue,8,38.54
2553,Tue,9,51.22
2554,Tue,10,55.14
2555,Tue,11,57.26
2556,Tue,12,40.70
2557,Tue,13,40.62
2558,Tue,14,42.20
2559,Tue,15,57.10
2560,Tue,16,67.95
2561,Tue,17,74.72
2562,Tue,18,40.25
2563,Tue,19,32.09
2564,Tue,20,25.52
2565,Tue,21,14.42
2566,Tue,22,12.13
2567,Tue,23,6.59
2568,Wed,0,2.80
2569,Wed,1,2.54
2570,Wed,2,1.23
2571,Wed,3,1.34
2572,Wed,4,1.29
2573,Wed,5,2.69
2574,Wed,6,6.40
2575,Wed,7,19.22
2576,Wed,8,47.18
2577,Wed,9,62.55
2578,Wed,10,73.97
2579,Wed,11,65.43
2580,Wed,12,57.94
2581,Wed,13,33.63
2582,Wed,14,40.53
2583,Wed,15,36.53
2584,Wed,16,79.21
2585,Wed,17,72.55
2586,Wed,18,41.40
2587,Wed,19,28.93
2588,Wed,20,24.36
2589,Wed,21,12.99
2590,Wed,22,11.93
2591,Wed,23,7.86
2592,Thu,0,1.95
2593,Thu,1,1.81
2594,Thu,2,1.65
2595,Thu,3,1.69
2596,Thu,4,1.54
2597,Thu,5,2.87
2598,Thu,6,8.03
2599,Thu,7,19.60
2600,Thu,8,35.60
2601,Thu,9,52.22
2602,Thu,10,56.24
2603,Thu,11,74.67
2604,Thu,12,32.67
2605,Thu,13,46.42
2606,Thu,14,31.22
2607,Thu,15,37.90
2608,Thu,16,34.44
2609,Thu,17,43.96
2610,Thu,18,44.15
2611,Thu,19,28.36
2612,Thu,20,21.80
2613,Thu,21,12.58
2614,Thu,22,9.81
2615,Thu,23,3.99
2616,Fri,0,2.72
2617,Fri,1,1.80
2618,Fri,2,1.04
2619,Fri,3,1.58
2620,Fri,4,1.66
2621,Fri,5,2.37
2622,Fri,6,9.68
2623,Fri,7,19.48
2624,Fri,8,44.82
2625,Fri,9,60.64
2626,Fri,10,60.43
2627,Fri,11,51.45
2628,Fri,12,58.31
2629,Fri,13,33.23
2630,Fri,14,40.33
2631,Fri,15,53.99
2632,Fri,16,35.27
2633,Fri,17,55.19
2634,Fri,18,36.14
2635,Fri,19,28.10
2636,Fri,20,22.69
2637,Fri,21,14.52
2638,Fri,22,9.47
2639,Fri,23,4.65
2640,Sat,0,2.13
2641,Sat,1,1.57
2642,Sat,2,1.16
2643,Sat,3,1.04
2644,Sat,4,1.52
2645,Sat,5,2.66
2646,Sat,6,3.03
2647,Sat,7,7.72
2648,Sat,8,19.12
2649,Sat,9,16.58
2650,Sat,10,41.37
2651,Sat,11,38.56
2652,Sat,12,39.01
2653,Sat,13,34.89
2654,Sat,14,33.43
2655,Sat,15,19.06
2656,Sat,16,24.80
2657,Sat,17,19.49
2658,Sat,18,17.48
2659,Sat,19,9.34
2660,Sat,20,7.64
2661,Sat,21,7.46
2662,Sat,22,5.41
2663,Sat,23,3.74
2664,Sun,0,1.49
2665,Sun,1,1.71
2666,Sun,2,0.99
2667,Sun,3,1.00
2668,Sun,4,0.98
2669,Sun,5,1.94
2670,Sun,6,4.15
2671,Sun,7,5.94
2672,Sun,8,15.43
2673,Sun,9,24.43
2674,Sun,10,26.11
2675,Sun,11,37.08
2676,Sun,12,24.68
2677,Sun,13,23.04
2678,Sun,14,22.75
2679,Sun,15,21.26
2680,Sun,16,16.16
2681,Sun,17,14.81
2682,Sun,18,15.88
2683,Sun,19,10.74
2684,Sun,20,8.10
2685,Sun,21,5.56
2686,Sun,22,4.47
2687,Sun,23,2.96
2688,Mon,0,3.09
2689,Mon,1,2.70
2690,Mon,2,1.35
2691,Mon,3,1.58
2692,Mon,4,1.26
2693,Mon,5,2.86
2694,Mon,6,14.56
2695,Mon,7,18.75
2696,Mon,8,55.99
2697,Mon,9,67.76
2698,Mon,10,74.29
2699,Mon,11,43.21
2700,Mon,12,58.91
2701,Mon,13,34.18
2702,Mon,14,43.30
2703,Mon,15,50.83
2704,Mon,16,59.03
2705,Mon,17,78.68
2706,Mon,18,61.28
2707,Mon,19,24.64
2708,Mon,20,23.59
2709,Mon,21,14.92
2710,Mon,22,11.30
2711,Mon,23,4.45
2712,Tue,0,2.16
2713,Tue,1,2.14
2714,Tue,2,1.25
2715,Tue,3,1.72
2716,Tue,4,1.37
2717,Tue,5,3.00
2718,Tue,6,7.98
2719,Tue,7,23.05
2720,Tue,8,50.68
2721,Tue,9,58.53
2722,Tue,10,59.33
2723,Tue,11,68.53
2724,Tue,12,53.01
2725,Tue,13,49.01
2726,Tue,14,45.57
2727,Tue,15,54.50
2728,Tue,16,65.88
2729,Tue,17,47.18
2730,Tue,18,33.92
2731,Tue,19,35.17
2732,Tue,20,22.37
2733,Tue,21,17.60
2734,Tue,22,11.56
2735,Tue,23,6.16
2736,Wed,0,2.48
2737,Wed,1,2.64
2738,Wed,2,0.83
2739,Wed,3,1.20
2740,Wed,4,1.08
2741,Wed,5,3.72
2742,Wed,6,7.79
2743,Wed,7,18.70
2744,Wed,8,44.33
2745,Wed,9,69.00
2746,Wed,10,72.91
2747,Wed,11,58.82
2748,Wed,12,51.36
2749,Wed,13,32.64
2750,Wed,14,44.94
2751,Wed,15,48.75
2752,Wed,16,34.18
2753,Wed,17,54.66
2754,Wed,18,40.66
2755,Wed,19,35.47
2756,Wed,20,24.55
2757,Wed,21,15.49
2758,Wed,22,9.40
2759,Wed,23,7.09
2760,Thu,0,2.81
2761,Thu,1,2.39
2762,Thu,2,1.46
2763,Thu,3,1.67
2764,Thu,4,1.59
2765,Thu,5,2.18
2766,Thu,6,8.91
2767,Thu,7,24.22
2768,Thu,8,48.62
2769,Thu,9,52.44
2770,Thu,10,78.52
2771,Thu,11,67.39
2772,Thu,12,54.47
2773,Thu,13,34.74
2774,Thu,14,45.19
2775,Thu,15,54.54
2776,Thu,16,34.82
2777,Thu,17,47.13
2778,Thu,18,30.08
2779,Thu,19,20.92
2780,Thu,20,22.49
2781,Thu,21,17.22
2782,Thu,22,9.47
2783,Thu,23,4.01
2784,Fri,0,2.00
2785,Fri,1,2.23
2786,Fri,2,1.25
2787,Fri,3,1.36
2788,Fri,4,1.23
2789,Fri,5,2.66
2790,Fri,6,6.87
2791,Fri,7,15.99
2792,Fri,8,28.37
2793,Fri,9,53.42
2794,Fri,10,57.62
2795,Fri,11,66.70
2796,Fri,12,65.50
2797,Fri,13,38.77
2798,Fri,14,20.41
2799,Fri,15,37.81
2800,Fri,16,63.72
2801,Fri,17,53.29
2802,Fri,18,37.75
2803,Fri,19,24.45
2804,Fri,20,22.47
2805,Fri,21,15.04
2806,Fri,22,10.78
2807,Fri,23,6.41
2808,Sat,0,3.14
2809,Sat,1,1.92
2810,Sat,2,0.98
2811,Sat,3,1.35
2812,Sat,4,0.99
2813,Sat,5,1.80
2814,Sat,6,3.54
2815,Sat,7,6.51
2816,Sat,8,14.00
2817,Sat,9,35.00
2818,Sat,10,34.68
2819,Sat,11,48.29
2820,Sat,12,35.24
2821,Sat,13,20.31
2822,Sat,14,23.95
2823,Sat,15,31.62
2824,Sat,16,26.41
2825,Sat,17,18.28
2826,Sat,18,14.94
2827,Sat,19,14.91
2828,Sat,20,9.80
2829,Sat,21,6.32
2830,Sat,22,5.42
2831,Sat,23,2.90
2832,Sun,0,1.71
2833,Sun,1,1.03
2834,Sun,2,0.67
2835,Sun,3,1.46
2836,Sun,4,1.08
2837,Sun,5,2.24
2838,Sun,6,3.58
2839,Sun,7,7.07
2840,Sun,8,14.40
2841,Sun,9,24.59
2842,Sun,10,22.89
2843,Sun,11,31.69
2844,Sun,12,34.15
2845,Sun,13,34.51
2846,Sun,14,21.24
2847,Sun,15,22.31
2848,Sun,16,21.07
2849,Sun,17,20.09
2850,Sun,18,14.36
2851,Sun,19,9.83
2852,Sun,20,9.93
2853,Sun,21,5.84
2854,Sun,22,3.89
2855,Sun,23,3.65
2856,Mon,0,2.32
2857,Mon,1,2.34
2858,Mon,2,1.28
2859,Mon,3,1.98
2860,Mon,4,1.32
2861,Mon,5,3.24
2862,Mon,6,10.02
2863,Mon,7,20.77
2864,Mon,8,44.93
2865,Mon,9,59.74
2866,Mon,10,62.37
2867,Mon,11,57.38
2868,Mon,12,58.49
2869,Mon,13,43.08
2870,Mon,14,40.13
2871,Mon,15,53.53
2872,Mon,16,86.03
2873,Mon,17,46.78
2874,Mon,18,42.61
2875,Mon,19,31.87
2876,Mon,20,24.92
2877,Mon,21,19.57
2878,Mon,22,9.62
2879,Mon,23,6.57
2880,Tue,0,3.12
2881,Tue,1,2.78
2882,Tue,2,1.30
2883,Tue,3,1.27
2884,Tue,4,1.62
2885,Tue,5,2.86
2886,Tue,6,7.79
2887,Tue,7,19.20
2888,Tue,8,51.47
2889,Tue,9,42.64
2890,Tue,10,62.48
2891,Tue,11,80.14
2892,Tue,12,55.01
2893,Tue,13,36.14
2894,Tue,14,39.96
2895,Tue,15,62.70
2896,Tue,16,62.16
2897,Tue,17,50.85
2898,Tue,18,38.77
2899,Tue,19,25.14
2900,Tue,20,17.76
2901,Tue,21,16.87
2902,Tue,22,10.97
2903,Tue,23,5.26
2904,Wed,0,3.09
2905,Wed,1,1.83
2906,Wed,2,1.46
2907,Wed,3,0.89
2908,Wed,4,1.58
2909,Wed,5,3.64
2910,Wed,6,9.48
2911,Wed,7,19.12
2912,Wed,8,43.25
2913,Wed,9,57.03
2914,Wed,10,63.28
2915,Wed,11,58.79
2916,Wed,12,53.74
2917,Wed,13,37.65
2918,Wed,14,42.25
2919,Wed,15,46.66
2920,Wed,16,62.23
2921,Wed,17,64.58
2922,Wed,18,46.88
2923,Wed,19,33.61
2924,Wed,20,27.43
2925,Wed,21,12.99
2926,Wed,22,13.17
2927,Wed,23,3.63
2928,Thu,0,3.03
2929,Thu,1,2.07
2930,Thu,2,1.44
2931,Thu,3,0.99
2932,Thu,4,1.62
2933,Thu,5,2.82
2934,Thu,6,8.23
2935,Thu,7,22.34
2936,Thu,8,40.02
2937,Thu,9,56.22
2938,Thu,10,69.83
2939,Thu,11,57.16
2940,Thu,12,51.48
2941,Thu,13,36.45
2942,Thu,14,37.56
2943,Thu,15,50.02
2944,Thu,16,48.20
2945,Thu,17,53.48
2946,Thu,18,38.63
2947,Thu,19,27.36
2948,Thu,20,21.13
2949,Thu,21,11.63
2950,Thu,22,10.59
2951,Thu,23,5.95
2952,Fri,0,1.53
2953,Fri,1,1.94
2954,Fri,2,1.19
2955,Fri,3,1.41
2956,Fri,4,1.75
2957,Fri,5,2.36
2958,Fri,6,7.55
2959,Fri,7,15.35
2960,Fri,8,39.41
2961,Fri,9,59.09
2962,Fri,10,60.36
2963,Fri,11,56.24
2964,Fri,12,37.57
2965,Fri,13,36.72
2966,Fri,14,33.30
2967,Fri,15,44.51
2968,Fri,16,65.19
2969,Fri,17,49.49
2970,Fri,18,33.42
2971,Fri,19,23.45
2972,Fri,20,15.09
2973,Fri,21,12.90
2974,Fri,22,12.21
2975,Fri,23,4.91
2976,Sat,0,2.34
2977,Sat,1,1.33
2978,Sat,2,1.12
2979,Sat,3,1.42
2980,Sat,4,1.43
2981,Sat,5,1.96
2982,Sat,6,3.49
2983,Sat,7,9.09
2984,Sat,8,22.69
2985,Sat,9,41.42
2986,Sat,10,43.39
2987,Sat,11,37.55
2988,Sat,12,38.21
2989,Sat,13,27.36
2990,Sat,14,23.14
2991,Sat,15,21.56
2992,Sat,16,22.02
2993,Sat,17,20.85
2994,Sat,18,19.36
2995,Sat,19,14.95
2996,Sat,20,9.65
2997,Sat,21,3.99
2998,Sat,22,5.63
2999,Sat,23,3.07
3000,Sun,0,1.81
3001,Sun,1,1.68
3002,Sun,2,0.87
3003,Sun,3,0.98
3004,Sun,4,1.03
3005,Sun,5,1.71
3006,Sun,6,3.39
3007,Sun,7,4.43
3008,Sun,8,10.39
3009,Sun,9,22.89
3010,Sun,10,33.27
3011,Sun,11,31.32
3012,Sun,12,22.87
3013,Sun,13,19.31
3014,Sun,14,17.93
3015,Sun,15,24.54
3016,Sun,16,15.28
3017,Sun,17,17.87
3018,Sun,18,10.32
3019,Sun,19,8.45
3020,Sun,20,6.69
3021,Sun,21,6.72
3022,Sun,22,3.30
3023,Sun,23,2.31
3024,Mon,0,2.76
3025,Mon,1,2.11
3026,Mon,2,1.81
3027,Mon,3,1.37
3028,Mon,4,1.49
3029,Mon,5,2.43
3030,Mon,6,8.11
3031,Mon,7,22.04
3032,Mon,8,56.41
3033,Mon,9,83.71
3034,Mon,10,54.55
3035,Mon,11,63.84
3036,Mon,12,37.56
3037,Mon,13,42.28
3038,Mon,14,48.29
3039,Mon,15,63.50
3040,Mon,16,67.22
3041,Mon,17,48.17
3042,Mon,18,36.43
3043,Mon,19,25.71
3044,Mon,20,31.77
3045,Mon,21,13.20
3046,Mon,22,12.66
3047,Mon,23,6.48
3048,Tue,0,3.31
3049,Tue,1,1.52
3050,Tue,2,1.53
3051,Tue,3,1.53
3052,Tue,4,1.42
3053,Tue,5,3.08
3054,Tue,6,6.81
3055,Tue,7,24.97
3056,Tue,8,33.16
3057,Tue,9,56.76
3058,Tue,10,73.82
3059,Tue,11,66.94
3060,Tue,12,65.39
3061,Tue,13,41.02
3062,Tue,14,35.48
3063,Tue,15,55.99
3064,Tue,16,62.04
3065,Tue,17,38.38
3066,Tue,18,49.48
3067,Tue,19,39.02
3068,Tue,20,19.42
3069,Tue,21,18.17
3070,Tue,22,10.09
3071,Tue,23,6.67
3072,Wed,0,2.46
3073,Wed,1,2.34
3074,Wed,2,1.52
3075,Wed,3,1.38
3076,Wed,4,1.28
3077,Wed,5,2.65
3078,Wed,6,9.18
3079,Wed,7,23.95
3080,Wed,8,38.48
3081,Wed,9,64.54
3082,Wed,10,62.28
3083,Wed,11,78.41
3084,Wed,12,59.49
3085,Wed,13,44.92
3086,Wed,14,45.38
3087,Wed,15,45.61
3088,Wed,16,39.03
3089,Wed,17,59.34
3090,Wed,18,35.58
3091,Wed,19,27.02
3092,Wed,20,25.84
3093,Wed,21,15.75
3094,Wed,22,7.70
3095,Wed,23,6.59
3096,Thu,0,2.52
3097,Thu,1,2.35
3098,Thu,2,1.07
3099,Thu,3,0.98
3100,Thu,4,1.19
3101,Thu,5,3.04
3102,Thu,6,5.10
3103,Thu,7,14.99
3104,Thu,8,45.18
3105,Thu,9,78.91
3106,Thu,10,57.35
3107,Thu,11,47.51
3108,Thu,12,43.96
3109,Thu,13,33.20
3110,Thu,14,52.45
3111,Thu,15,55.58
3112,Thu,16,44.68
3113,Thu,17,58.14
3114,Thu,18,24.43
3115,Thu,19,30.15
3116,Thu,20,21.31
3117,Thu,21,14.02
3118,Thu,22,7.75
3119,Thu,23,4.73
3120,Fri,0,1.69
3121,Fri,1,2.06
3122,Fri,2,1.05
3123,Fri,3,1.40
3124,Fri,4,1.46
3125,Fri,5,2.22
3126,Fri,6,5.97
3127,Fri,7,17.95
3128,Fri,8,41.21
3129,Fri,9,39.53
3130,Fri,10,56.41
3131,Fri,11,44.57
3132,Fri,12,57.62
3133,Fri,13,39.27
3134,Fri,14,27.86
3135,Fri,15,42.09
3136,Fri,16,51.26
3137,Fri,17,43.85
3138,Fri,18,38.52
3139,Fri,19,30.54
3140,Fri,20,20.97
3141,Fri,21,12.88
3142,Fri,22,11.14
3143,Fri,23,5.87
3144,Sat,0,2.27
3145,Sat,1,1.57
3146,Sat,2,1.06
3147,Sat,3,0.89
3148,Sat,4,1.13
3149,Sat,5,2.02
3150,Sat,6,3.74
3151,Sat,7,6.62
3152,Sat,8,7.21
3153,Sat,9,18.53
3154,Sat,10,39.64
3155,Sat,11,24.61
3156,Sat,12,37.04
3157,Sat,13,32.60
3158,Sat,14,25.96
3159,Sat,15,24.02
3160,Sat,16,24.78
3161,Sat,17,18.27
3162,Sat,18,15.06
3163,Sat,19,13.91
3164,Sat,20,8.73
3165,Sat,21,8.70
3166,Sat,22,3.52
3167,Sat,23,2.60
3168,Sun,0,1.93
3169,Sun,1,1.39
3170,Sun,2,0.89
3171,Sun,3,1.36
3172,Sun,4,1.13
3173,Sun,5,1.12
3174,Sun,6,3.37
3175,Sun,7,7.59
3176,Sun,8,16.42
3177,Sun,9,24.69
3178,Sun,10,25.02
3179,Sun,11,35.63
3180,Sun,12,21.69
3181,Sun,13,24.79
3182,Sun,14,17.55
3183,Sun,15,25.24
3184,Sun,16,20.57
3185,Sun,17,21.57
3186,Sun,18,12.17
3187,Sun,19,9.96
3188,Sun,20,6.80
3189,Sun,21,6.53
3190,Sun,22,3.00
3191,Sun,23,2.67
3192,Mon,0,2.87
3193,Mon,1,2.60
3194,Mon,2,1.60
3195,Mon,3,1.31
3196,Mon,4,1.41
3197,Mon,5,2.10
3198,Mon,6,7.67
3199,Mon,7,19.13
3200,Mon,8,52.41
3201,Mon,9,57.96
3202,Mon,10,72.06
3203,Mon,11,63.07
3204,Mon,12,42.21
3205,Mon,13,49.07
3206,Mon,14,63.76
3207,Mon,15,62.87
3208,Mon,16,74.68
3209,Mon,17,64.41
3210,Mon,18,53.93
3211,Mon,19,47.19
3212,Mon,20,17.17
3213,Mon,21,14.82
3214,Mon,22,7.84
3215,Mon,23,6.15
3216,Tue,0,2.63
3217,Tue,1,1.83
3218,Tue,2,1.53
3219,Tue,3,1.88
3220,Tue,4,1.76
3221,Tue,5,3.72
3222,Tue,6,8.65
3223,Tue,7,21.32
3224,Tue,8,51.55
3225,Tue,9,68.08
3226,Tue,10,74.72
3227,Tue,11,57.20
3228,Tue,12,46.94
3229,Tue,13,36.12
3230,Tue,14,53.66
3231,Tue,15,44.21
3232,Tue,16,58.36
3233,Tue,17,56.31
3234,Tue,18,41.56
3235,Tue,19,30.16
3236,Tue,20,24.31
3237,Tue,21,13.52
3238,Tue,22,10.13
3239,Tue,23,6.97
3240,Wed,0,2.44
3241,Wed,1,2.45
3242,Wed,2,1.65
3243,Wed,3,1.79
3244,Wed,4,1.14
3245,Wed,5,3.53
3246,Wed,6,9.60
3247,Wed,7,23.85
3248,Wed,8,46.08
3249,Wed,9,54.06
3250,Wed,10,71.15
3251,Wed,11,60.10
3252,Wed,12,44.62
3253,Wed,13,35.24
3254,Wed,14,38.61
3255,Wed,15,48.78
3256,Wed,16,38.67
3257,Wed,17,54.55
3258,Wed,18,30.54
3259,Wed,19,33.86
3260,Wed,20,27.07
3261,Wed,21,18.14
3262,Wed,22,12.21
3263,Wed,23,6.92
3264,Thu,0,3.76
3265,Thu,1,1.96
3266,Thu,2,1.12
3267,Thu,3,1.29
3268,Thu,4,1.09
3269,Thu,5,3.28
3270,Thu,6,4.63
3271,Thu,7,18.62
3272,Thu,8,44.84
3273,Thu,9,60.22
3274,Thu,10,68.78
3275,Thu,11,46.30
3276,Thu,12,43.90
3277,Thu,13,37.48
3278,Thu,14,44.60
3279,Thu,15,54.14
3280,Thu,16,67.08
3281,Thu,17,39.25
3282,Thu,18,41.86
3283,Thu,19,41.67
3284,Thu,20,26.12
3285,Thu,21,15.21
3286,Thu,22,10.72
3287,Thu,23,5.10
3288,Fri,0,3.14
3289,Fri,1,1.72
3290,Fri,2,1.45
3291,Fri,3,1.32
3292,Fri,4,1.09
3293,Fri,5,2.62
3294,Fri,6,7.50
3295,Fri,7,15.61
3296,Fri,8,37.75
3297,Fri,9,43.94
3298,Fri,10,68.37
3299,Fri,11,59.31
3300,Fri,12,53.75
3301,Fri,13,41.15
3302,Fri,14,41.19
3303,Fri,15,35.56
3304,Fri,16,47.97
3305,Fri,17,48.30
3306,Fri,18,34.65
3307,Fri,19,28.09
3308,Fri,20,18.95
3309,Fri,21,12.77
3310,Fri,22,7.49
3311,Fri,23,4.63
3312,Sat,0,1.94
3313,Sat,1,1.89
3314,Sat,2,1.26
3315,Sat,3,1.31
3316,Sat,4,1.37
3317,Sat,5,1.87
3318,Sat,6,4.78
3319,Sat,7,5.52
3320,Sat,8,14.30
3321,Sat,9,27.40
3322,Sat,10,44.73
3323,Sat,11,44.15
3324,Sat,12,38.64
3325,Sat,13,32.70
3326,Sat,14,23.96
3327,Sat,15,23.39
3328,Sat,16,19.22
3329,Sat,17,18.70
3330,Sat,18,11.96
3331,Sat,19,11.37
3332,Sat,20,8.05
3333,Sat,21,6.93
3334,Sat,22,3.94
3335,Sat,23,2.98
3336,Sun,0,2.20
3337,Sun,1,1.47
3338,Sun,2,1.16
3339,Sun,3,0.85
3340,Sun,4,1.03
3341,Sun,5,1.65
3342,Sun,6,4.02
3343,Sun,7,6.23
3344,Sun,8,14.24
3345,Sun,9,17.68
3346,Sun,10,27.49
3347,Sun,11,27.19
3348,Sun,12,28.22
3349,Sun,13,21.68
3350,Sun,14,22.09
3351,Sun,15,21.06
3352,Sun,16,15.05
3353,Sun,17,17.54
3354,Sun,18,11.51
3355,Sun,19,13.76
3356,Sun,20,8.90
3357,Sun,21,6.02
3358,Sun,22,3.79
3359,Sun,23,2.92
3360,Mon,0,3.23
3361,Mon,1,1.65
3362,Mon,2,1.71
3363,Mon,3,1.60
3364,Mon,4,0.89
3365,Mon,5,2.13
3366,Mon,6,11.34
3367,Mon,7,22.67
3368,Mon,8,38.92
3369,Mon,9,43.13
3370,Mon,10,56.19
3371,Mon,11,83.42
3372,Mon,12,33.21
3373,Mon,13,48.39
3374,Mon,14,67.29
3375,Mon,15,57.93
3376,Mon,16,51.34
3377,Mon,17,63.42
3378,Mon,18,50.89
3379,Mon,19,36.67
3380,Mon,20,23.68
3381,Mon,21,12.22
3382,Mon,22,11.68
3383,Mon,23,6.91
3384,Tue,0,3.01
3385,Tue,1,2.29
3386,Tue,2,1.44
3387,Tue,3,1.62
3388,Tue,4,2.26
3389,Tue,5,2.54
3390,Tue,6,8.85
3391,Tue,7,15.70
3392,Tue,8,27.90
3393,Tue,9,57.70
3394,Tue,10,78.86
3395,Tue,11,50.33
3396,Tue,12,46.44
3397,Tue,13,36.92
3398,Tue,14,32.73
3399,Tue,15,39.04
3400,Tue,16,57.01
3401,Tue,17,49.10
3402,Tue,18,40.58
3403,Tue,19,26.35
3404,Tue,20,27.89
3405,Tue,21,21.53
3406,Tue,22,8.44
3407,Tue,23,4.13
3408,Wed,0,3.28
3409,Wed,1,2.52
3410,Wed,2,1.82
3411,Wed,3,1.14
3412,Wed,4,1.32
3413,Wed,5,1.77
3414,Wed,6,8.66
3415,Wed,7,14.48
3416,Wed,8,26.84
3417,Wed,9,62.20
3418,Wed,10,64.97
3419,Wed,11,37.10
3420,Wed,12,41.52
3421,Wed,13,55.80
3422,Wed,14,23.82
3423,Wed,15,45.29
3424,Wed,16,72.49
3425,Wed,17,66.91
3426,Wed,18,41.46
3427,Wed,19,26.11
3428,Wed,20,22.90
3429,Wed,21,13.09
3430,Wed,22,9.97
3431,Wed,23,6.37
3432,Thu,0,2.66
3433,Thu,1,2.37
3434,Thu,2,1.61
3435,Thu,3,1.11
3436,Thu,4,1.25
3437,Thu,5,2.16
3438,Thu,6,8.38
3439,Thu,7,12.59
3440,Thu,8,31.28
3441,Thu,9,32.65
3442,Thu,10,63.85
3443,Thu,11,47.08
3444,Thu,12,57.64
3445,Thu,13,43.12
3446,Thu,14,44.00
3447,Thu,15,41.62
3448,Thu,16,37.51
3449,Thu,17,40.17
3450,Thu,18,39.44
3451,Thu,19,28.96
3452,Thu,20,20.26
3453,Thu,21,14.43
3454,Thu,22,11.48
3455,Thu,23,6.34
3456,Fri,0,1.96
3457,Fri,1,2.10
3458,Fri,2,1.05
3459,Fri,3,1.30
3460,Fri,4,1.30
3461,Fri,5,2.90
3462,Fri,6,8.54
3463,Fri,7,13.85
3464,Fri,8,35.46
3465,Fri,9,54.98
3466,Fri,10,54.09
3467,Fri,11,68.54
3468,Fri,12,33.81
3469,Fri,13,39.60
3470,Fri,14,39.92
3471,Fri,15,42.22
3472,Fri,16,48.84
3473,Fri,17,45.15
3474,Fri,18,39.34
3475,Fri,19,25.19
3476,Fri,20,18.75
3477,Fri,21,19.88
3478,Fri,22,8.01
3479,Fri,23,5.48
3480,Sat,0,2.82
3481,Sat,1,1.33
3482,Sat,2,1.35
3483,Sat,3,1.05
3484,Sat,4,0.65
3485,Sat,5,1.98
3486,Sat,6,1.83
3487,Sat,7,7.72
3488,Sat,8,17.79
3489,Sat,9,35.32
3490,Sat,10,37.89
3491,Sat,11,43.16
3492,Sat,12,36.89
3493,Sat,13,28.45
3494,Sat,14,30.93
3495,Sat,15,22.11
3496,Sat,16,22.39
3497,Sat,17,15.86
3498,Sat,18,14.26
3499,Sat,19,12.64
3500,Sat,20,5.74
3501,Sat,21,5.58
3502,Sat,22,3.59
3503,Sat,23,2.72
3504,Sun,0,2.69
3505,Sun,1,1.11
3506,Sun,2,0.96
3507,Sun,3,0.94
3508,Sun,4,0.86
3509,Sun,5,1.44
3510,Sun,6,3.88
3511,Sun,7,6.37
3512,Sun,8,11.54
3513,Sun,9,17.79
3514,Sun,10,24.23
3515,Sun,11,35.41
3516,Sun,12,23.12
3517,Sun,13,15.58
3518,Sun,14,18.25
3519,Sun,15,20.05
3520,Sun,16,19.11
3521,Sun,17,15.20
3522,Sun,18,14.43
3523,Sun,19,7.65
3524,Sun,20,5.99
3525,Sun,21,4.97
3526,Sun,22,3.68
3527,Sun,23,1.45
3528,Mon,0,2.91
3529,Mon,1,1.60
3530,Mon,2,1.75
3531,Mon,3,1.57
3532,Mon,4,1.95
3533,Mon,5,4.05
3534,Mon,6,9.79
3535,Mon,7,19.84
3536,Mon,8,35.04
3537,Mon,9,54.37
3538,Mon,10,79.78
3539,Mon,11,68.43
3540,Mon,12,54.23
3541,Mon,13,32.56
3542,Mon,14,44.14
3543,Mon,15,72.74
3544,Mon,16,57.02
3545,Mon,17,70.03
3546,Mon,18,25.54
3547,Mon,19,42.14
3548,Mon,20,19.53
3549,Mon,21,12.28
3550,Mon,22,9.76
3551,Mon,23,5.10
3552,Tue,0,3.55
3553,Tue,1,1.95
3554,Tue,2,1.32
3555,Tue,3,1.20
3556,Tue,4,1.56
3557,Tue,5,3.34
3558,Tue,6,9.58
3559,Tue,7,13.95
3560,Tue,8,38.07
3561,Tue,9,61.68
3562,Tue,10,39.65
3563,Tue,11,57.63
3564,Tue,12,57.85
3565,Tue,13,50.49
3566,Tue,14,46.36
3567,Tue,15,58.54
3568,Tue,16,63.63
3569,Tue,17,55.53
3570,Tue,18,27.20
3571,Tue,19,41.19
3572,Tue,20,24.78
3573,Tue,21,14.89
3574,Tue,22,8.21
3575,Tue,23,7.81
3576,Wed,0,2.80
3577,Wed,1,2.30
3578,Wed,2,1.23
3579,Wed,3,1.37
3580,Wed,4,1.32
3581,Wed,5,3.14
3582,Wed,6,5.20
3583,Wed,7,24.33
3584,Wed,8,38.11
3585,Wed,9,61.18
3586,Wed,10,69.82
3587,Wed,11,51.13
3588,Wed,12,54.32
3589,Wed,13,30.16
3590,Wed,14,42.43
3591,Wed,15,41.67
3592,Wed,16,62.56
3593,Wed,17,63.10
3594,Wed,18,30.90
3595,Wed,19,31.24
3596,Wed,20,18.23
3597,Wed,21,10.78
3598,Wed,22,9.07
3599,Wed,23,6.22
3600,Thu,0,3.10
3601,Thu,1,1.74
3602,Thu,2,1.22
3603,Thu,3,1.62
3604,Thu,4,1.28
3605,Thu,5,3.41
3606,Thu,6,10.35
3607,Thu,7,19.79
3608,Thu,8,31.93
3609,Thu,9,49.70
3610,Thu,10,66.24
3611,Thu,11,53.03
3612,Thu,12,46.97
3613,Thu,13,40.31
3614,Thu,14,28.74
3615,Thu,15,43.78
3616,Thu,16,47.82
3617,Thu,17,41.18
3618,Thu,18,40.24
3619,Thu,19,26.88
3620,Thu,20,18.93
3621,Thu,21,17.78
3622,Thu,22,11.38
3623,Thu,23,4.93
3624,Fri,0,2.21
3625,Fri,1,1.32
3626,Fri,2,0.82
3627,Fri,3,1.57
3628,Fri,4,1.23
3629,Fri,5,2.07
3630,Fri,6,5.55
3631,Fri,7,20.90
3632,Fri,8,33.54
3633,Fri,9,55.62
3634,Fri,10,64.39
3635,Fri,11,44.80
3636,Fri,12,32.80
3637,Fri,13,34.70
3638,Fri,14,41.48
3639,Fri,15,43.33
3640,Fri,16,47.88
3641,Fri,17,49.80
3642,Fri,18,30.45
3643,Fri,19,30.99
3644,Fri,20,23.02
3645,Fri,21,10.72
3646,Fri,22,7.28
3647,Fri,23,4.54
3648,Sat,0,2.05
3649,Sat,1,1.47
3650,Sat,2,1.39
3651,Sat,3,0.87
3652,Sat,4,1.24
3653,Sat,5,1.79
3654,Sat,6,3.37
3655,Sat,7,5.77
3656,Sat,8,9.66
3657,Sat,9,26.67
3658,Sat,10,41.83
3659,Sat,11,29.76
3660,Sat,12,36.69
3661,Sat,13,21.63
3662,Sat,14,27.71
3663,Sat,15,22.01
3664,Sat,16,19.51
3665,Sat,17,13.20
3666,Sat,18,13.28
3667,Sat,19,10.68
3668,Sat,20,10.57
3669,Sat,21,6.91
3670,Sat,22,4.60
3671,Sat,23,2.40
3672,Sun,0,2.05
3673,Sun,1,1.49
3674,Sun,2,1.22
3675,Sun,3,1.14
3676,Sun,4,1.31
3677,Sun,5,1.57
3678,Sun,6,2.73
3679,Sun,7,8.06
3680,Sun,8,17.36
3681,Sun,9,25.95
3682,Sun,10,28.32
3683,Sun,11,30.91
3684,Sun,12,25.97
3685,Sun,13,22.17
3686,Sun,14,21.67
3687,Sun,15,21.13
3688,Sun,16,14.04
3689,Sun,17,16.42
3690,Sun,18,12.83
3691,Sun,19,9.47
3692,Sun,20,7.59
3693,Sun,21,4.90
3694,Sun,22,3.80
3695,Sun,23,2.90
3696,Mon,0,2.75
3697,Mon,1,2.57
3698,Mon,2,1.33
3699,Mon,3,1.43
3700,Mon,4,1.56
3701,Mon,5,2.65
3702,Mon,6,10.61
3703,Mon,7,15.24
3704,Mon,8,41.78
3705,Mon,9,61.12
3706,Mon,10,68.30
3707,Mon,11,62.02
3708,Mon,12,43.98
3709,Mon,13,43.44
3710,Mon,14,57.63
3711,Mon,15,61.19
3712,Mon,16,57.96
3713,Mon,17,43.75
3714,Mon,18,37.30
3715,Mon,19,38.18
3716,Mon,20,21.46
3717,Mon,21,15.44
3718,Mon,22,14.76
3719,Mon,23,3.38
3720,Tue,0,3.20
3721,Tue,1,1.18
3722,Tue,2,1.04
3723,Tue,3,2.03
3724,Tue,4,1.64
3725,Tue,5,3.02
3726,Tue,6,9.41
3727,Tue,7,22.26
3728,Tue,8,35.52
3729,Tue,9,42.18
3730,Tue,10,52.51
3731,Tue,11,62.34
3732,Tue,12,53.25
3733,Tue,13,47.02
3734,Tue,14,41.93
3735,Tue,15,57.21
3736,Tue,16,54.37
3737,Tue,17,41.28
3738,Tue,18,36.97
3739,Tue,19,32.58
3740,Tue,20,21.42
3741,Tue,21,13.50
3742,Tue,22,9.48
3743,Tue,23,6.82
3744,Wed,0,2.26
3745,Wed,1,1.07
3746,Wed,2,1.32
3747,Wed,3,0.74
3748,Wed,4,1.66
3749,Wed,5,2.28
3750,Wed,6,7.85
3751,Wed,7,17.38
3752,Wed,8,38.75
3753,Wed,9,55.87
3754,Wed,10,70.89
3755,Wed,11,44.59
3756,Wed,12,43.12
3757,Wed,13,34.49
3758,Wed,14,38.37
3759,Wed,15,53.21
3760,Wed,16,33.16
3761,Wed,17,29.70
3762,Wed,18,39.03
3763,Wed,19,31.34
3764,Wed,20,22.83
3765,Wed,21,16.77
3766,Wed,22,11.71
3767,Wed,23,4.28
3768,Thu,0,2.38
3769,Thu,1,1.99
3770,Thu,2,1.40
3771,Thu,3,1.38
3772,Thu,4,1.34
3773,Thu,5,2.07
3774,Thu,6,10.85
3775,Thu,7,17.71
3776,Thu,8,39.70
3777,Thu,9,42.67
3778,Thu,10,60.69
3779,Thu,11,50.97
3780,Thu,12,55.01
3781,Thu,13,43.07
3782,Thu,14,35.21
3783,Thu,15,47.63
3784,Thu,16,51.79
3785,Thu,17,51.06
3786,Thu,18,48.12
3787,Thu,19,24.67
3788,Thu,20,30.59
3789,Thu,21,11.82
3790,Thu,22,6.62
3791,Thu,23,5.77
3792,Fri,0,1.86
3793,Fri,1,2.26
3794,Fri,2,1.30
3795,Fri,3,1.14
3796,Fri,4,1.39
3797,Fri,5,2.50
3798,Fri,6,6.29
3799,Fri,7,15.74
3800,Fri,8,47.94
3801,Fri,9,51.62
3802,Fri,10,58.09
3803,Fri,11,42.71
3804,Fri,12,60.63
3805,Fri,13,39.45
3806,Fri,14,35.71
3807,Fri,15,45.03
3808,Fri,16,43.87
3809,Fri,17,57.53
3810,Fri,18,42.82
3811,Fri,19,23.99
3812,Fri,20,18.22
3813,Fri,21,12.31
3814,Fri,22,8.79
3815,Fri,23,6.87
3816,Sat,0,2.20
3817,Sat,1,1.65
3818,Sat,2,1.08
3819,Sat,3,1.11
3820,Sat,4,1.25
3821,Sat,5,2.32
3822,Sat,6,3.05
3823,Sat,7,6.79
3824,Sat,8,14.83
3825,Sat,9,21.62
3826,Sat,10,42.48
3827,Sat,11,40.25
3828,Sat,12,39.13
3829,Sat,13,30.05
3830,Sat,14,20.18
3831,Sat,15,27.16
3832,Sat,16,20.48
3833,Sat,17,15.65
3834,Sat,18,12.44
3835,Sat,19,9.11
3836,Sat,20,7.76
3837,Sat,21,6.37
3838,Sat,22,5.18
3839,Sat,23,2.38
3840,Sun,0,2.22
3841,Sun,1,1.39
3842,Sun,2,1.12
3843,Sun,3,0.98
3844,Sun,4,0.75
3845,Sun,5,1.98
3846,Sun,6,3.68
3847,Sun,7,5.10
3848,Sun,8,13.17
3849,Sun,9,21.32
3850,Sun,10,40.01
3851,Sun,11,38.68
3852,Sun,12,28.19
3853,Sun,13,22.64
3854,Sun,14,24.57
3855,Sun,15,20.61
3856,Sun,16,19.88
3857,Sun,17,14.38
3858,Sun,18,10.09
3859,Sun,19,6.28
3860,Sun,20,5.37
3861,Sun,21,3.65
3862,Sun,22,3.60
3863,Sun,23,2.55
3864,Mon,0,3.91
3865,Mon,1,2.33
3866,Mon,2,2.08
3867,Mon,3,1.94
3868,Mon,4,1.46
3869,Mon,5,2.67
3870,Mon,6,9.35
3871,Mon,7,18.92
3872,Mon,8,39.87
3873,Mon,9,61.19
3874,Mon,10,73.48
3875,Mon,11,40.84
3876,Mon,12,54.65
3877,Mon,13,43.30
3878,Mon,14,52.92
3879,Mon,15,45.34
3880,Mon,16,65.63
3881,Mon,17,46.14
3882,Mon,18,37.11
3883,Mon,19,28.21
3884,Mon,20,24.57
3885,Mon,21,15.39
3886,Mon,22,12.76
3887,Mon,23,6.46
3888,Tue,0,2.64
3889,Tue,1,2.44
3890,Tue,2,1.79
3891,Tue,3,1.40
3892,Tue,4,1.84
3893,Tue,5,2.91
3894,Tue,6,8.92
3895,Tue,7,15.78
3896,Tue,8,47.60
3897,Tue,9,66.93
3898,Tue,10,65.35
3899,Tue,11,70.35
3900,Tue,12,68.61
3901,Tue,13,52.71
3902,Tue,14,35.95
3903,Tue,15,48.68
3904,Tue,16,68.66
3905,Tue,17,61.04
3906,Tue,18,49.96
3907,Tue,19,22.29
3908,Tue,20,25.18
3909,Tue,21,16.76
3910,Tue,22,8.71
3911,Tue,23,7.12
3912,Wed,0,3.03
3913,Wed,1,2.37
3914,Wed,2,1.73
3915,Wed,3,1.27
3916,Wed,4,1.42
3917,Wed,5,2.65
3918,Wed,6,9.59
3919,Wed,7,21.86
3920,Wed,8,31.53
3921,Wed,9,47.33
3922,Wed,10,48.96
3923,Wed,11,59.73
3924,Wed,12,38.10
3925,Wed,13,31.93
3926,Wed,14,51.35
3927,Wed,15,41.74
3928,Wed,16,58.94
3929,Wed,17,31.11
3930,Wed,18,45.56
3931,Wed,19,22.49
3932,Wed,20,26.80
3933,Wed,21,15.30
3934,Wed,22,10.29
3935,Wed,23,4.47
3936,Thu,0,2.79
3937,Thu,1,1.79
3938,Thu,2,1.53
3939,Thu,3,1.20
3940,Thu,4,1.24
3941,Thu,5,2.24
3942,Thu,6,7.35
3943,Thu,7,20.95
3944,Thu,8,36.11
3945,Thu,9,56.77
3946,Thu,10,30.57
3947,Thu,11,65.43
3948,Thu,12,35.49
3949,Thu,13,24.58
3950,Thu,14,41.11
3951,Thu,15,31.47
3952,Thu,16,67.22
3953,Thu,17,48.56
3954,Thu,18,37.96
3955,Thu,19,32.99
3956,Thu,20,20.02
3957,Thu,21,14.49
3958,Thu,22,9.45
3959,Thu,23,7.09
3960,Fri,0,3.90
3961,Fri,1,4.35
3962,Fri,2,2.42
3963,Fri,3,1.43
3964,Fri,4,2.42
3965,Fri,5,3.59
3966,Fri,6,17.33
3967,Fri,7,38.53
3968,Fri,8,59.66
3969,Fri,9,115.35
3970,Fri,10,87.29
3971,Fri,11,114.38
3972,Fri,12,90.71
3973,Fri,13,64.67
3974,Fri,14,52.64
3975,Fri,15,80.18
3976,Fri,16,53.66
3977,Fri,17,77.92
3978,Fri,18,45.66
3979,Fri,19,62.58
3980,Fri,20,30.16
3981,Fri,21,14.11
3982,Fri,22,17.65
3983,Fri,23,9.73
3984,Sat,0,2.13
3985,Sat,1,2.15
3986,Sat,2,1.33
3987,Sat,3,1.18
3988,Sat,4,1.03
3989,Sat,5,0.91
3990,Sat,6,4.24
3991,Sat,7,9.15
3992,Sat,8,13.94
3993,Sat,9,19.77
3994,Sat,10,33.28
3995,Sat,11,25.08
3996,Sat,12,32.80
3997,Sat,13,31.97
3998,Sat,14,32.73
3999,Sat,15,24.51
4000,Sat,16,21.80
4001,Sat,17,20.36
4002,Sat,18,18.55
4003,Sat,19,11.03
4004,Sat,20,6.68
4005,Sat,21,5.35
4006,Sat,22,3.32
4007,Sat,23,2.29
4008,Sun,0,1.93
4009,Sun,1,1.40
4010,Sun,2,1.02
4011,Sun,3,1.00
4012,Sun,4,0.92
4013,Sun,5,1.77
4014,Sun,6,3.82
4015,Sun,7,7.49
4016,Sun,8,16.72
4017,Sun,9,21.22
4018,Sun,10,27.04
4019,Sun,11,39.53
4020,Sun,12,28.66
4021,Sun,13,25.47
4022,Sun,14,20.42
4023,Sun,15,23.20
4024,Sun,16,16.49
4025,Sun,17,12.40
4026,Sun,18,12.38
4027,Sun,19,9.09
4028,Sun,20,8.33
4029,Sun,21,4.91
4030,Sun,22,3.70
4031,Sun,23,2.21
4032,Mon,0,3.19
4033,Mon,1,2.00
4034,Mon,2,1.80
4035,Mon,3,1.12
4036,Mon,4,1.40
4037,Mon,5,2.62
4038,Mon,6,10.06
4039,Mon,7,21.16
4040,Mon,8,47.33
4041,Mon,9,57.88
4042,Mon,10,58.81
4043,Mon,11,51.53
4044,Mon,12,50.78
4045,Mon,13,39.33
4046,Mon,14,48.87
4047,Mon,15,59.08
4048,Mon,16,70.59
4049,Mon,17,55.94
4050,Mon,18,38.96
4051,Mon,19,27.32
4052,Mon,20,24.28
4053,Mon,21,17.58
4054,Mon,22,14.19
4055,Mon,23,6.20
4056,Tue,0,3.64
4057,Tue,1,2.77
4058,Tue,2,1.12
4059,Tue,3,1.68
4060,Tue,4,1.66
4061,Tue,5,3.43
4062,Tue,6,8.27
4063,Tue,7,22.65
4064,Tue,8,36.58
4065,Tue,9,55.90
4066,Tue,10,62.35
4067,Tue,11,78.43
4068,Tue,12,47.78
4069,Tue,13,46.93
4070,Tue,14,43.32
4071,Tue,15,44.57
4072,Tue,16,57.65
4073,Tue,17,58.71
4074,Tue,18,36.12
4075,Tue,19,34.62
4076,Tue,20,19.26
4077,Tue,21,12.79
4078,Tue,22,10.05
4079,Tue,23,5.29
4080,Wed,0,2.17
4081,Wed,1,1.40
4082,Wed,2,1.33
4083,Wed,3,1.38
4084,Wed,4,1.21
4085,Wed,5,2.73
4086,Wed,6,5.75
4087,Wed,7,19.80
4088,Wed,8,41.17
4089,Wed,9,56.86
4090,Wed,10,52.88
4091,Wed,11,57.61
4092,Wed,12,48.66
4093,Wed,13,45.68
4094,Wed,14,42.98
4095,Wed,15,51.10
4096,Wed,16,45.95
4097,Wed,17,57.98
4098,Wed,18,47.99
4099,Wed,19,27.08
4100,Wed,20,23.56
4101,Wed,21,15.33
4102,Wed,22,9.17
4103,Wed,23,4.06
4104,Thu,0,3.40
4105,Thu,1,1.29
4106,Thu,2,1.36
4107,Thu,3,1.20
4108,Thu,4,1.56
4109,Thu,5,2.39
4110,Thu,6,7.80
4111,Thu,7,20.06
4112,Thu,8,40.50
4113,Thu,9,47.98
4114,Thu,10,65.20
4115,Thu,11,59.42
4116,Thu,12,54.73
4117,Thu,13,33.99
4118,Thu,14,39.68
4119,Thu,15,44.40
4120,Thu,16,43.85
4121,Thu,17,51.30
4122,Thu,18,41.57
4123,Thu,19,36.45
4124,Thu,20,19.44
4125,Thu,21,15.19
4126,Thu,22,10.89
4127,Thu,23,5.06
4128,Fri,0,2.49
4129,Fri,1,1.89
4130,Fri,2,1.08
4131,Fri,3,1.01
4132,Fri,4,1.48
4133,Fri,5,2.54
4134,Fri,6,7.29
4135,Fri,7,13.39
4136,Fri,8,36.45
4137,Fri,9,61.09
4138,Fri,10,43.95
4139,Fri,11,44.45
4140,Fri,12,53.12
4141,Fri,13,44.85
4142,Fri,14,48.78
4143,Fri,15,41.02
4144,Fri,16,54.53
4145,Fri,17,40.47
4146,Fri,18,40.37
4147,Fri,19,25.88
4148,Fri,20,20.38
4149,Fri,21,16.79
4150,Fri,22,9.14
4151,Fri,23,4.71
4152,Sat,0,2.36
4153,Sat,1,1.63
4154,Sat,2,1.06
4155,Sat,3,1.21
4156,Sat,4,1.29
4157,Sat,5,2.49
4158,Sat,6,2.46
4159,Sat,7,6.13
4160,Sat,8,12.13
4161,Sat,9,30.65
4162,Sat,10,48.14
4163,Sat,11,37.09
4164,Sat,12,33.44
4165,Sat,13,33.77
4166,Sat,14,14.48
4167,Sat,15,22.63
4168,Sat,16,9.31
4169,Sat,17,18.42
4170,Sat,18,13.46
4171,Sat,19,10.67
4172,Sat,20,9.09
4173,Sat,21,5.58
4174,Sat,22,5.14
4175,Sat,23,2.73
4176,Sun,0,2.11
4177,Sun,1,1.91
4178,Sun,2,0.91
4179,Sun,3,1.15
4180,Sun,4,0.84
4181,Sun,5,2.01
4182,Sun,6,3.86
4183,Sun,7,6.74
4184,Sun,8,15.49
4185,Sun,9,28.80
4186,Sun,10,35.26
4187,Sun,11,30.27
4188,Sun,12,27.37
4189,Sun,13,28.37
4190,Sun,14,16.01
4191,Sun,15,17.62
4192,Sun,16,19.30
4193,Sun,17,16.67
4194,Sun,18,16.65
4195,Sun,19,12.97
4196,Sun,20,7.66
4197,Sun,21,5.68
4198,Sun,22,2.77
4199,Sun,23,2.23
4200,Mon,0,3.14
4201,Mon,1,2.16
4202,Mon,2,1.52
4203,Mon,3,1.67
4204,Mon,4,1.25
4205,Mon,5,2.70
4206,Mon,6,6.16
4207,Mon,7,25.33
4208,Mon,8,35.38
4209,Mon,9,42.90
4210,Mon,10,76.89
4211,Mon,11,62.15
4212,Mon,12,63.40
4213,Mon,13,40.71
4214,Mon,14,64.21
4215,Mon,15,62.66
4216,Mon,16,61.71
4217,Mon,17,58.27
4218,Mon,18,43.42
4219,Mon,19,38.68
4220,Mon,20,32.60
4221,Mon,21,15.28
4222,Mon,22,8.48
4223,Mon,23,6.65
4224,Tue,0,3.29
4225,Tue,1,1.52
4226,Tue,2,1.21
4227,Tue,3,1.14
4228,Tue,4,1.52
4229,Tue,5,3.01
4230,Tue,6,7.21
4231,Tue,7,15.47
4232,Tue,8,44.96
4233,Tue,9,35.95
4234,Tue,10,69.32
4235,Tue,11,57.80
4236,Tue,12,66.74
4237,Tue,13,47.17
4238,Tue,14,38.44
4239,Tue,15,48.65
4240,Tue,16,52.57
4241,Tue,17,45.74
4242,Tue,18,42.07
4243,Tue,19,36.43
4244,Tue,20,16.20
4245,Tue,21,14.59
4246,Tue,22,12.24
4247,Tue,23,6.26
4248,Wed,0,2.26
4249,Wed,1,1.70
4250,Wed,2,1.12
4251,Wed,3,0.95
4252,Wed,4,1.59
4253,Wed,5,2.68
4254,Wed,6,6.95
4255,Wed,7,13.80
4256,Wed,8,35.73
4257,Wed,9,49.29
4258,Wed,10,77.66
4259,Wed,11,52.22
4260,Wed,12,48.57
4261,Wed,13,45.63
4262,Wed,14,45.84
4263,Wed,15,47.35
4264,Wed,16,32.44
4265,Wed,17,62.72
4266,Wed,18,43.87
4267,Wed,19,27.46
4268,Wed,20,20.82
4269,Wed,21,12.08
4270,Wed,22,7.78
4271,Wed,23,3.90
4272,Thu,0,2.81
4273,Thu,1,2.12
4274,Thu,2,1.33
4275,Thu,3,1.47
4276,Thu,4,1.41
4277,Thu,5,2.64
4278,Thu,6,6.54
4279,Thu,7,19.98
4280,Thu,8,45.34
4281,Thu,9,58.89
4282,Thu,10,70.98
4283,Thu,11,50.91
4284,Thu,12,38.46
4285,Thu,13,45.76
4286,Thu,14,35.92
4287,Thu,15,49.86
4288,Thu,16,49.94
4289,Thu,17,49.29
4290,Thu,18,36.91
4291,Thu,19,26.30
4292,Thu,20,14.16
4293,Thu,21,19.00
4294,Thu,22,9.37
4295,Thu,23,3.41
4296,Fri,0,2.07
4297,Fri,1,1.48
4298,Fri,2,1.07
4299,Fri,3,0.68
4300,Fri,4,1.36
4301,Fri,5,3.18
4302,Fri,6,7.07
4303,Fri,7,19.51
4304,Fri,8,39.52
4305,Fri,9,39.41
4306,Fri,10,67.37
4307,Fri,11,37.22
4308,Fri,12,39.85
4309,Fri,13,33.46
4310,Fri,14,46.66
4311,Fri,15,46.54
4312,Fri,16,48.20
4313,Fri,17,40.17
4314,Fri,18,37.55
4315,Fri,19,27.93
4316,Fri,20,22.25
4317,Fri,21,16.89
4318,Fri,22,9.75
4319,Fri,23,4.94
4320,Sat,0,2.28
4321,Sat,1,2.00
4322,Sat,2,1.21
4323,Sat,3,1.17
4324,Sat,4,1.54
4325,Sat,5,2.49
4326,Sat,6,4.29
4327,Sat,7,7.65
4328,Sat,8,13.86
4329,Sat,9,31.51
4330,Sat,10,30.86
4331,Sat,11,41.95
4332,Sat,12,28.24
4333,Sat,13,28.60
4334,Sat,14,27.57
4335,Sat,15,24.00
4336,Sat,16,21.93
4337,Sat,17,19.15
4338,Sat,18,11.89
4339,Sat,19,9.41
4340,Sat,20,8.36
4341,Sat,21,8.22
4342,Sat,22,4.20
4343,Sat,23,2.28
4344,Sun,0,1.75
4345,Sun,1,1.33
4346,Sun,2,1.19
4347,Sun,3,0.89
4348,Sun,4,1.09
4349,Sun,5,1.70
4350,Sun,6,3.09
4351,Sun,7,5.49
4352,Sun,8,12.82
4353,Sun,9,19.55
4354,Sun,10,31.00
4355,Sun,11,20.91
4356,Sun,12,33.15
4357,Sun,13,26.88
4358,Sun,14,23.95
4359,Sun,15,24.96
4360,Sun,16,19.67
4361,Sun,17,10.60
4362,Sun,18,12.63
4363,Sun,19,10.66
4364,Sun,20,6.37
4365,Sun,21,4.22
4366,Sun,22,3.90
4367,Sun,23,2.51
4368,Mon,0,2.79
4369,Mon,1,2.16
4370,Mon,2,1.37
4371,Mon,3,1.36
4372,Mon,4,1.49
4373,Mon,5,3.58
4374,Mon,6,6.49
4375,Mon,7,19.84
4376,Mon,8,56.09
4377,Mon,9,65.23
4378,Mon,10,69.65
4379,Mon,11,74.31
4380,Mon,12,44.69
4381,Mon,13,34.42
4382,Mon,14,33.11
4383,Mon,15,41.49
4384,Mon,16,62.91
4385,Mon,17,65.81
4386,Mon,18,41.90
4387,Mon,19,29.86
4388,Mon,20,25.82
4389,Mon,21,18.36
4390,Mon,22,11.02
4391,Mon,23,4.01
4392,Tue,0,2.51
4393,Tue,1,1.16
4394,Tue,2,1.45
4395,Tue,3,1.18
4396,Tue,4,1.23
4397,Tue,5,3.50
4398,Tue,6,10.25
4399,Tue,7,21.05
4400,Tue,8,42.15
4401,Tue,9,58.57
4402,Tue,10,55.98
4403,Tue,11,59.09
4404,Tue,12,66.64
4405,Tue,13,34.03
4406,Tue,14,37.99
4407,Tue,15,52.76
4408,Tue,16,64.13
4409,Tue,17,60.38
4410,Tue,18,34.55
4411,Tue,19,30.48
4412,Tue,20,21.15
4413,Tue,21,11.96
4414,Tue,22,9.84
4415,Tue,23,5.08
4416,Wed,0,3.08
4417,Wed,1,2.14
4418,Wed,2,1.14
4419,Wed,3,1.34
4420,Wed,4,1.24
4421,Wed,5,2.36
4422,Wed,6,7.28
4423,Wed,7,22.03
4424,Wed,8,35.67
4425,Wed,9,38.05
4426,Wed,10,51.59
4427,Wed,11,65.09
4428,Wed,12,65.73
4429,Wed,13,31.37
4430,Wed,14,38.55
4431,Wed,15,46.24
4432,Wed,16,39.98
4433,Wed,17,53.94
4434,Wed,18,39.43
4435,Wed,19,31.30
4436,Wed,20,29.53
4437,Wed,21,13.91
4438,Wed,22,10.57
4439,Wed,23,6.08
4440,Thu,0,2.30
4441,Thu,1,1.74
4442,Thu,2,1.65
4443,Thu,3,1.46
4444,Thu,4,1.33
4445,Thu,5,2.10
4446,Thu,6,8.98
4447,Thu,7,19.82
4448,Thu,8,52.04
4449,Thu,9,66.85
4450,Thu,10,66.53
4451,Thu,11,58.34
4452,Thu,12,47.16
4453,Thu,13,33.96
4454,Thu,14,42.35
4455,Thu,15,50.00
4456,Thu,16,57.76
4457,Thu,17,58.61
4458,Thu,18,41.00
4459,Thu,19,26.39
4460,Thu,20,23.67
4461,Thu,21,18.13
4462,Thu,22,7.75
4463,Thu,23,5.57
4464,Fri,0,2.71
4465,Fri,1,2.03
4466,Fri,2,1.34
4467,Fri,3,1.22
4468,Fri,4,1.21
4469,Fri,5,3.20
4470,Fri,6,9.66
4471,Fri,7,13.06
4472,Fri,8,19.93
4473,Fri,9,54.55
4474,Fri,10,49.05
4475,Fri,11,48.33
4476,Fri,12,32.08
4477,Fri,13,38.05
4478,Fri,14,37.94
4479,Fri,15,41.41
4480,Fri,16,57.20
4481,Fri,17,66.94
4482,Fri,18,46.64
4483,Fri,19,33.51
4484,Fri,20,18.35
4485,Fri,21,15.16
4486,Fri,22,8.59
4487,Fri,23,5.94
4488,Sat,0,2.59
4489,Sat,1,1.56
4490,Sat,2,1.29
4491,Sat,3,1.03
4492,Sat,4,1.34
4493,Sat,5,2.47
4494,Sat,6,3.66
4495,Sat,7,8.58
4496,Sat,8,11.09
4497,Sat,9,30.96
4498,Sat,10,38.81
4499,Sat,11,29.56
4500,Sat,12,42.88
4501,Sat,13,28.73
4502,Sat,14,18.01
4503,Sat,15,17.85
4504,Sat,16,24.35
4505,Sat,17,17.14
4506,Sat,18,17.73
4507,Sat,19,8.55
4508,Sat,20,8.46
4509,Sat,21,7.33
4510,Sat,22,3.79
4511,Sat,23,3.06
4512,Sun,0,1.86
4513,Sun,1,1.40
4514,Sun,2,1.05
4515,Sun,3,1.38
4516,Sun,4,0.78
4517,Sun,5,1.88
4518,Sun,6,4.06
4519,Sun,7,5.31
4520,Sun,8,13.40
4521,Sun,9,31.53
4522,Sun,10,33.63
4523,Sun,11,14.63
4524,Sun,12,26.60
4525,Sun,13,16.67
4526,Sun,14,22.96
4527,Sun,15,17.30
4528,Sun,16,16.09
4529,Sun,17,12.97
4530,Sun,18,13.20
4531,Sun,19,9.10
4532,Sun,20,6.12
4533,Sun,21,5.08
4534,Sun,22,3.89
4535,Sun,23,1.97
4536,Mon,0,3.62
4537,Mon,1,1.61
4538,Mon,2,1.62
4539,Mon,3,1.41
4540,Mon,4,1.93
4541,Mon,5,2.69
4542,Mon,6,8.03
4543,Mon,7,16.23
4544,Mon,8,59.17
4545,Mon,9,68.80
4546,Mon,10,55.23
4547,Mon,11,61.30
4548,Mon,12,45.39
4549,Mon,13,55.62
4550,Mon,14,50.38
4551,Mon,15,36.08
4552,Mon,16,62.80
4553,Mon,17,66.76
4554,Mon,18,45.45
4555,Mon,19,36.90
4556,Mon,20,23.77
4557,Mon,21,17.27
4558,Mon,22,11.00
4559,Mon,23,5.31
4560,Tue,0,2.96
4561,Tue,1,2.15
4562,Tue,2,1.38
4563,Tue,3,1.23
4564,Tue,4,1.15
4565,Tue,5,2.91
4566,Tue,6,9.57
4567,Tue,7,11.26
4568,Tue,8,36.63
4569,Tue,9,70.66
4570,Tue,10,72.74
4571,Tue,11,52.44
4572,Tue,12,62.03
4573,Tue,13,33.43
4574,Tue,14,37.23
4575,Tue,15,69.05
4576,Tue,16,51.48
4577,Tue,17,50.94
4578,Tue,18,29.74
4579,Tue,19,25.81
4580,Tue,20,17.71
4581,Tue,21,14.96
4582,Tue,22,6.62
4583,Tue,23,6.61
4584,Wed,0,2.50
4585,Wed,1,1.79
4586,Wed,2,1.18
4587,Wed,3,1.51
4588,Wed,4,1.69
4589,Wed,5,2.48
4590,Wed,6,10.25
4591,Wed,7,23.92
4592,Wed,8,47.73
4593,Wed,9,57.50
4594,Wed,10,44.34
4595,Wed,11,64.07
4596,Wed,12,44.55
4597,Wed,13,39.97
4598,Wed,14,27.69
4599,Wed,15,46.87
4600,Wed,16,55.49
4601,Wed,17,42.34
4602,Wed,18,42.04
4603,Wed,19,38.77
4604,Wed,20,22.19
4605,Wed,21,12.90
4606,Wed,22,13.23
4607,Wed,23,3.32
4608,Thu,0,2.19
4609,Thu,1,2.09
4610,Thu,2,1.17
4611,Thu,3,0.78
4612,Thu,4,1.36
4613,Thu,5,2.98
4614,Thu,6,6.73
4615,Thu,7,22.92
4616,Thu,8,41.08
4617,Thu,9,64.56
4618,Thu,10,42.93
4619,Thu,11,55.98
4620,Thu,12,60.03
4621,Thu,13,51.12
4622,Thu,14,49.70
4623,Thu,15,48.19
4624,Thu,16,53.77
4625,Thu,17,44.05
4626,Thu,18,46.60
4627,Thu,19,25.73
4628,Thu,20,21.29
4629,Thu,21,9.14
4630,Thu,22,6.71
4631,Thu,23,6.84
4632,Fri,0,2.51
4633,Fri,1,1.93
4634,Fri,2,0.76
4635,Fri,3,1.23
4636,Fri,4,1.69
4637,Fri,5,1.83
4638,Fri,6,4.34
4639,Fri,7,16.89
4640,Fri,8,32.66
4641,Fri,9,49.04
4642,Fri,10,43.55
4643,Fri,11,40.68
4644,Fri,12,35.01
4645,Fri,13,40.07
4646,Fri,14,38.18
4647,Fri,15,52.59
4648,Fri,16,40.26
4649,Fri,17,52.09
4650,Fri,18,34.36
4651,Fri,19,28.38
4652,Fri,20,23.13
4653,Fri,21,13.74
4654,Fri,22,8.16
4655,Fri,23,3.51
4656,Sat,0,2.39
4657,Sat,1,1.79
4658,Sat,2,1.05
4659,Sat,3,1.17
4660,Sat,4,0.81
4661,Sat,5,1.50
4662,Sat,6,4.21
4663,Sat,7,9.66
4664,Sat,8,14.87
4665,Sat,9,18.86
4666,Sat,10,31.55
4667,Sat,11,26.21
4668,Sat,12,31.42
4669,Sat,13,37.93
4670,Sat,14,27.31
4671,Sat,15,22.95
4672,Sat,16,25.11
4673,Sat,17,16.87
4674,Sat,18,15.81
4675,Sat,19,12.21
4676,Sat,20,9.33
4677,Sat,21,4.66
4678,Sat,22,4.87
4679,Sat,23,3.18
4680,Sun,0,1.19
4681,Sun,1,0.69
4682,Sun,2,0.84
4683,Sun,3,1.26
4684,Sun,4,1.00
4685,Sun,5,1.86
4686,Sun,6,3.64
4687,Sun,7,7.68
4688,Sun,8,11.78
4689,Sun,9,20.24
4690,Sun,10,30.45
4691,Sun,11,33.83
4692,Sun,12,30.72
4693,Sun,13,25.34
4694,Sun,14,20.03
4695,Sun,15,23.81
4696,Sun,16,19.42
4697,Sun,17,18.14
4698,Sun,18,6.94
4699,Sun,19,11.74
4700,Sun,20,4.15
4701,Sun,21,5.51
4702,Sun,22,3.22
4703,Sun,23,2.37
4704,Mon,0,2.79
4705,Mon,1,2.16
4706,Mon,2,1.58
4707,Mon,3,1.62
4708,Mon,4,1.31
4709,Mon,5,1.68
4710,Mon,6,7.89
4711,Mon,7,23.40
4712,Mon,8,37.62
4713,Mon,9,67.28
4714,Mon,10,64.14
4715,Mon,11,54.61
4716,Mon,12,66.28
4717,Mon,13,57.24
4718,Mon,14,46.41
4719,Mon,15,55.92
4720,Mon,16,71.38
4721,Mon,17,44.29
4722,Mon,18,38.67
4723,Mon,19,41.21
4724,Mon,20,28.31
4725,Mon,21,15.31
4726,Mon,22,9.20
4727,Mon,23,6.48
4728,Tue,0,2.10
4729,Tue,1,1.92
4730,Tue,2,1.35
4731,Tue,3,0.79
4732,Tue,4,1.55
4733,Tue,5,3.19
4734,Tue,6,10.02
4735,Tue,7,14.62
4736,Tue,8,31.39
4737,Tue,9,49.18
4738,Tue,10,48.47
4739,Tue,11,82.40
4740,Tue,12,41.72
4741,Tue,13,38.42
4742,Tue,14,45.09
4743,Tue,15,56.13
4744,Tue,16,70.63
4745,Tue,17,42.97
4746,Tue,18,48.69
4747,Tue,19,32.41
4748,Tue,20,17.76
4749,Tue,21,15.85
4750,Tue,22,7.37
4751,Tue,23,7.24
4752,Wed,0,2.33
4753,Wed,1,2.37
4754,Wed,2,1.65
4755,Wed,3,1.19
4756,Wed,4,1.13
4757,Wed,5,2.75
4758,Wed,6,6.54
4759,Wed,7,21.81
4760,Wed,8,40.14
4761,Wed,9,47.52
4762,Wed,10,53.00
4763,Wed,11,65.19
4764,Wed,12,35.80
4765,Wed,13,50.67
4766,Wed,14,35.77
4767,Wed,15,47.92
4768,Wed,16,44.81
4769,Wed,17,65.81
4770,Wed,18,46.19
4771,Wed,19,37.23
4772,Wed,20,23.98
4773,Wed,21,15.00
4774,Wed,22,12.24
4775,Wed,23,6.01
4776,Thu,0,2.83
4777,Thu,1,2.17
4778,Thu,2,1.48
4779,Thu,3,1.38
4780,Thu,4,1.27
4781,Thu,5,1.87
4782,Thu,6,10.77
4783,Thu,7,14.08
4784,Thu,8,23.36
4785,Thu,9,46.90
4786,Thu,10,79.47
4787,Thu,11,68.73
4788,Thu,12,42.12
4789,Thu,13,39.84
4790,Thu,14,40.48
4791,Thu,15,31.25
4792,Thu,16,49.32
4793,Thu,17,52.45
4794,Thu,18,47.62
4795,Thu,19,23.14
4796,Thu,20,12.49
4797,Thu,21,10.35
4798,Thu,22,9.73
4799,Thu,23,5.32
4800,Fri,0,2.57
4801,Fri,1,1.93
4802,Fri,2,1.17
4803,Fri,3,0.94
4804,Fri,4,1.35
4805,Fri,5,2.67
4806,Fri,6,8.28
4807,Fri,7,21.43
4808,Fri,8,28.19
4809,Fri,9,29.72
4810,Fri,10,38.24
4811,Fri,11,74.44
4812,Fri,12,37.63
4813,Fri,13,38.87
4814,Fri,14,38.66
4815,Fri,15,52.33
4816,Fri,16,78.90
4817,Fri,17,43.11
4818,Fri,18,36.37
4819,Fri,19,25.12
4820,Fri,20,20.89
4821,Fri,21,15.04
4822,Fri,22,7.23
4823,Fri,23,6.19
4824,Sat,0,2.87
4825,Sat,1,1.71
4826,Sat,2,1.16
4827,Sat,3,1.14
4828,Sat,4,0.84
4829,Sat,5,2.21
4830,Sat,6,3.26
4831,Sat,7,7.20
4832,Sat,8,18.67
4833,Sat,9,22.46
4834,Sat,10,30.85
4835,Sat,11,42.04
4836,Sat,12,44.37
4837,Sat,13,24.96
4838,Sat,14,31.32
4839,Sat,15,20.96
4840,Sat,16,22.87
4841,Sat,17,19.80
4842,Sat,18,11.96
4843,Sat,19,14.07
4844,Sat,20,11.53
4845,Sat,21,6.39
4846,Sat,22,4.57
4847,Sat,23,2.19
4848,Sun,0,2.76
4849,Sun,1,1.43
4850,Sun,2,1.16
4851,Sun,3,1.04
4852,Sun,4,1.27
4853,Sun,5,1.78
4854,Sun,6,6.25
4855,Sun,7,7.74
4856,Sun,8,21.34
4857,Sun,9,26.45
4858,Sun,10,34.82
4859,Sun,11,46.50
4860,Sun,12,34.91
4861,Sun,13,43.50
4862,Sun,14,31.15
4863,Sun,15,18.14
4864,Sun,16,29.14
4865,Sun,17,10.09
4866,Sun,18,15.57
4867,Sun,19,11.17
4868,Sun,20,9.65
4869,Sun,21,5.99
4870,Sun,22,4.40
4871,Sun,23,2.84
4872,Mon,0,3.48
4873,Mon,1,1.93
4874,Mon,2,1.44
4875,Mon,3,2.16
4876,Mon,4,2.09
4877,Mon,5,3.71
4878,Mon,6,9.27
4879,Mon,7,19.34
4880,Mon,8,45.35
4881,Mon,9,48.30
4882,Mon,10,83.07
4883,Mon,11,57.45
4884,Mon,12,34.57
4885,Mon,13,52.87
4886,Mon,14,60.39
4887,Mon,15,66.18
4888,Mon,16,68.66
4889,Mon,17,63.57
4890,Mon,18,58.87
4891,Mon,19,42.89
4892,Mon,20,17.96
4893,Mon,21,18.68
4894,Mon,22,10.64
4895,Mon,23,7.95
4896,Tue,0,2.69
4897,Tue,1,1.98
4898,Tue,2,1.01
4899,Tue,3,1.43
4900,Tue,4,1.50
4901,Tue,5,3.56
4902,Tue,6,8.24
4903,Tue,7,23.20
4904,Tue,8,56.55
4905,Tue,9,45.98
4906,Tue,10,75.79
4907,Tue,11,60.72
4908,Tue,12,35.95
4909,Tue,13,35.20
4910,Tue,14,44.35
4911,Tue,15,41.98
4912,Tue,16,63.38
4913,Tue,17,46.38
4914,Tue,18,50.69
4915,Tue,19,29.85
4916,Tue,20,27.63
4917,Tue,21,18.73
4918,Tue,22,11.56
4919,Tue,23,6.88
4920,Wed,0,4.08
4921,Wed,1,2.39
4922,Wed,2,0.97
4923,Wed,3,1.25
4924,Wed,4,1.59
4925,Wed,5,3.22
4926,Wed,6,7.33
4927,Wed,7,20.76
4928,Wed,8,40.00
4929,Wed,9,53.13
4930,Wed,10,56.30
4931,Wed,11,58.84
4932,Wed,12,59.78
4933,Wed,13,27.25
4934,Wed,14,50.22
4935,Wed,15,52.26
4936,Wed,16,38.93
4937,Wed,17,54.30
4938,Wed,18,39.74
4939,Wed,19,25.48
4940,Wed,20,23.94
4941,Wed,21,14.19
4942,Wed,22,11.53
4943,Wed,23,6.77
4944,Thu,0,2.87
4945,Thu,1,2.14
4946,Thu,2,1.11
4947,Thu,3,1.32
4948,Thu,4,1.61
4949,Thu,5,3.59
4950,Thu,6,5.46
4951,Thu,7,19.48
4952,Thu,8,38.36
4953,Thu,9,75.81
4954,Thu,10,63.75
4955,Thu,11,78.83
4956,Thu,12,30.31
4957,Thu,13,26.40
4958,Thu,14,42.40
4959,Thu,15,36.63
4960,Thu,16,34.61
4961,Thu,17,46.63
4962,Thu,18,36.65
4963,Thu,19,30.62
4964,Thu,20,27.08
4965,Thu,21,12.11
4966,Thu,22,8.12
4967,Thu,23,3.86
4968,Fri,0,2.58
4969,Fri,1,2.27
4970,Fri,2,1.52
4971,Fri,3,0.74
4972,Fri,4,1.38
4973,Fri,5,2.40
4974,Fri,6,6.87
4975,Fri,7,13.97
4976,Fri,8,33.29
4977,Fri,9,54.90
4978,Fri,10,64.28
4979,Fri,11,62.61
4980,Fri,12,38.97
4981,Fri,13,36.81
4982,Fri,14,33.08
4983,Fri,15,54.57
4984,Fri,16,51.37
4985,Fri,17,36.46
4986,Fri,18,45.30
4987,Fri,19,37.46
4988,Fri,20,13.98
4989,Fri,21,18.56
4990,Fri,22,9.70
4991,Fri,23,4.99
4992,Sat,0,1.42
4993,Sat,1,1.23
4994,Sat,2,0.99
4995,Sat,3,1.38
4996,Sat,4,1.18
4997,Sat,5,2.08
4998,Sat,6,4.10
4999,Sat,7,8.70
5000,Sat,8,15.11
5001,Sat,9,33.89
5002,Sat,10,20.47
5003,Sat,11,30.54
5004,Sat,12,31.29
5005,Sat,13,24.24
5006,Sat,14,32.75
5007,Sat,15,22.05
5008,Sat,16,14.12
5009,Sat,17,16.60
5010,Sat,18,13.93
5011,Sat,19,10.20
5012,Sat,20,7.73
5013,Sat,21,5.80
5014,Sat,22,4.97
5015,Sat,23,2.72
5016,Sun,0,2.15
5017,Sun,1,1.33
5018,Sun,2,1.24
5019,Sun,3,1.03
5020,Sun,4,1.07
5021,Sun,5,2.03
5022,Sun,6,4.22
5023,Sun,7,8.31
5024,Sun,8,11.70
5025,Sun,9,17.46
5026,Sun,10,43.56
5027,Sun,11,23.30
5028,Sun,12,24.82
5029,Sun,13,18.07
5030,Sun,14,23.53
5031,Sun,15,20.25
5032,Sun,16,10.47
5033,Sun,17,18.79
5034,Sun,18,11.66
5035,Sun,19,12.30
5036,Sun,20,8.80
5037,Sun,21,5.45
5038,Sun,22,4.44
5039,Sun,23,2.03
5040,Mon,0,3.15
5041,Mon,1,2.27
5042,Mon,2,1.61
5043,Mon,3,1.72
5044,Mon,4,1.62
5045,Mon,5,2.88
5046,Mon,6,10.54
5047,Mon,7,20.49
5048,Mon,8,52.24
5049,Mon,9,54.33
5050,Mon,10,55.36
5051,Mon,11,94.94
5052,Mon,12,43.09
5053,Mon,13,52.15
5054,Mon,14,63.12
5055,Mon,15,65.55
5056,Mon,16,67.59
5057,Mon,17,58.49
5058,Mon,18,46.50
5059,Mon,19,29.99
5060,Mon,20,27.43
5061,Mon,21,19.45
5062,Mon,22,8.33
5063,Mon,23,3.86
5064,Tue,0,4.50
5065,Tue,1,2.10
5066,Tue,2,1.16
5067,Tue,3,1.17
5068,Tue,4,1.65
5069,Tue,5,3.56
5070,Tue,6,7.20
5071,Tue,7,18.95
5072,Tue,8,46.13
5073,Tue,9,53.90
5074,Tue,10,68.66
5075,Tue,11,66.57
5076,Tue,12,58.81
5077,Tue,13,49.52
5078,Tue,14,45.83
5079,Tue,15,47.59
5080,Tue,16,43.77
5081,Tue,17,54.14
5082,Tue,18,35.52
5083,Tue,19,29.97
5084,Tue,20,22.20
5085,Tue,21,15.60
5086,Tue,22,11.78
5087,Tue,23,6.11
5088,Wed,0,2.81
5089,Wed,1,2.67
5090,Wed,2,1.39
5091,Wed,3,1.83
5092,Wed,4,1.37
5093,Wed,5,2.95
5094,Wed,6,6.76
5095,Wed,7,19.64
5096,Wed,8,33.46
5097,Wed,9,70.88
5098,Wed,10,64.44
5099,Wed,11,74.38
5100,Wed,12,54.21
5101,Wed,13,32.93
5102,Wed,14,25.11
5103,Wed,15,50.23
5104,Wed,16,49.80
5105,Wed,17,48.41
5106,Wed,18,43.83
5107,Wed,19,31.76
5108,Wed,20,21.06
5109,Wed,21,16.07
5110,Wed,22,8.51
5111,Wed,23,4.64
5112,Thu,0,2.47
5113,Thu,1,2.41
5114,Thu,2,1.50
5115,Thu,3,1.27
5116,Thu,4,1.45
5117,Thu,5,3.01
5118,Thu,6,6.60
5119,Thu,7,25.33
5120,Thu,8,36.78
5121,Thu,9,44.78
5122,Thu,10,61.85
5123,Thu,11,60.24
5124,Thu,12,60.22
5125,Thu,13,48.20
5126,Thu,14,38.86
5127,Thu,15,45.32
5128,Thu,16,51.14
5129,Thu,17,48.58
5130,Thu,18,33.60
5131,Thu,19,29.88
5132,Thu,20,26.47
5133,Thu,21,17.33
5134,Thu,22,8.94
5135,Thu,23,4.22
5136,Fri,0,2.89
5137,Fri,1,2.36
5138,Fri,2,0.97
5139,Fri,3,1.41
5140,Fri,4,1.69
5141,Fri,5,3.09
5142,Fri,6,8.63
5143,Fri,7,17.90
5144,Fri,8,33.43
5145,Fri,9,56.01
5146,Fri,10,70.80
5147,Fri,11,62.72
5148,Fri,12,53.37
5149,Fri,13,36.75
5150,Fri,14,38.45
5151,Fri,15,59.78
5152,Fri,16,52.60
5153,Fri,17,57.16
5154,Fri,18,35.50
5155,Fri,19,23.62
5156,Fri,20,21.19
5157,Fri,21,14.83
5158,Fri,22,4.20
5159,Fri,23,4.35
5160,Sat,0,2.60
5161,Sat,1,1.55
5162,Sat,2,0.96
5163,Sat,3,1.21
5164,Sat,4,1.32
5165,Sat,5,2.53
5166,Sat,6,2.72
5167,Sat,7,8.15
5168,Sat,8,14.38
5169,Sat,9,38.57
5170,Sat,10,37.51
5171,Sat,11,30.18
5172,Sat,12,38.34
5173,Sat,13,33.73
5174,Sat,14,31.73
5175,Sat,15,28.97
5176,Sat,16,20.13
5177,Sat,17,14.41
5178,Sat,18,16.17
5179,Sat,19,12.01
5180,Sat,20,8.26
5181,Sat,21,4.42
5182,Sat,22,4.98
5183,Sat,23,3.12
5184,Sun,0,2.50
5185,Sun,1,1.47
5186,Sun,2,0.99
5187,Sun,3,0.85
5188,Sun,4,0.96
5189,Sun,5,1.43
5190,Sun,6,3.29
5191,Sun,7,5.86
5192,Sun,8,16.25
5193,Sun,9,22.57
5194,Sun,10,31.63
5195,Sun,11,31.42
5196,Sun,12,27.09
5197,Sun,13,15.81
5198,Sun,14,20.96
5199,Sun,15,18.83
5200,Sun,16,22.06
5201,Sun,17,12.45
5202,Sun,18,14.66
5203,Sun,19,11.42
5204,Sun,20,7.44
5205,Sun,21,5.38
5206,Sun,22,4.36
5207,Sun,23,2.49
5208,Mon,0,4.49
5209,Mon,1,1.35
5210,Mon,2,1.32
5211,Mon,3,2.14
5212,Mon,4,1.70
5213,Mon,5,2.04
5214,Mon,6,5.63
5215,Mon,7,16.53
5216,Mon,8,33.33
5217,Mon,9,42.34
5218,Mon,10,63.13
5219,Mon,11,64.46
5220,Mon,12,45.04
5221,Mon,13,44.55
5222,Mon,14,44.37
5223,Mon,15,66.91
5224,Mon,16,47.91
5225,Mon,17,58.88
5226,Mon,18,48.41
5227,Mon,19,40.49
5228,Mon,20,19.82
5229,Mon,21,17.25
5230,Mon,22,8.46
5231,Mon,23,7.12
5232,Tue,0,3.15
5233,Tue,1,2.62
5234,Tue,2,1.38
5235,Tue,3,1.89
5236,Tue,4,1.32
5237,Tue,5,2.03
5238,Tue,6,7.51
5239,Tue,7,19.98
5240,Tue,8,50.08
5241,Tue,9,53.63
5242,Tue,10,58.30
5243,Tue,11,68.85
5244,Tue,12,40.11
5245,Tue,13,48.86
5246,Tue,14,48.78
5247,Tue,15,43.53
5248,Tue,16,57.09
5249,Tue,17,48.24
5250,Tue,18,36.42
5251,Tue,19,34.23
5252,Tue,20,21.81
5253,Tue,21,18.47
5254,Tue,22,10.23
5255,Tue,23,4.10
5256,Wed,0,2.87
5257,Wed,1,2.34
5258,Wed,2,1.46
5259,Wed,3,1.03
5260,Wed,4,1.23
5261,Wed,5,2.14
5262,Wed,6,7.90
5263,Wed,7,16.78
5264,Wed,8,46.53
5265,Wed,9,60.42
5266,Wed,10,90.46
5267,Wed,11,65.12
5268,Wed,12,36.67
5269,Wed,13,38.51
5270,Wed,14,56.61
5271,Wed,15,47.78
5272,Wed,16,56.59
5273,Wed,17,61.17
5274,Wed,18,51.92
5275,Wed,19,37.48
5276,Wed,20,21.80
5277,Wed,21,12.08
5278,Wed,22,8.76
5279,Wed,23,6.12
5280,Thu,0,1.94
5281,Thu,1,2.08
5282,Thu,2,1.73
5283,Thu,3,1.06
5284,Thu,4,1.53
5285,Thu,5,2.32
5286,Thu,6,7.01
5287,Thu,7,20.36
5288,Thu,8,43.71
5289,Thu,9,54.49
5290,Thu,10,65.81
5291,Thu,11,65.35
5292,Thu,12,63.90
5293,Thu,13,32.76
5294,Thu,14,34.74
5295,Thu,15,65.46
5296,Thu,16,62.12
5297,Thu,17,45.26
5298,Thu,18,45.08
5299,Thu,19,39.29
5300,Thu,20,20.28
5301,Thu,21,15.85
5302,Thu,22,10.98
5303,Thu,23,4.81
5304,Fri,0,2.08
5305,Fri,1,2.22
5306,Fri,2,1.29
5307,Fri,3,1.34
5308,Fri,4,1.12
5309,Fri,5,2.87
5310,Fri,6,9.09
5311,Fri,7,18.29
5312,Fri,8,37.87
5313,Fri,9,44.38
5314,Fri,10,51.83
5315,Fri,11,42.87
5316,Fri,12,47.12
5317,Fri,13,38.71
5318,Fri,14,35.49
5319,Fri,15,37.26
5320,Fri,16,49.95
5321,Fri,17,54.74
5322,Fri,18,48.12
5323,Fri,19,20.01
5324,Fri,20,21.17
5325,Fri,21,17.58
5326,Fri,22,7.76
5327,Fri,23,4.79
5328,Sat,0,2.83
5329,Sat,1,1.69
5330,Sat,2,1.04
5331,Sat,3,0.99
5332,Sat,4,1.11
5333,Sat,5,2.03
5334,Sat,6,4.23
5335,Sat,7,9.41
5336,Sat,8,13.93
5337,Sat,9,30.17
5338,Sat,10,37.72
5339,Sat,11,35.66
5340,Sat,12,38.90
5341,Sat,13,29.09
5342,Sat,14,29.23
5343,Sat,15,21.94
5344,Sat,16,18.77
5345,Sat,17,17.08
5346,Sat,18,20.38
5347,Sat,19,13.19
5348,Sat,20,9.47
5349,Sat,21,5.67
5350,Sat,22,4.65
5351,Sat,23,2.28
5352,Sun,0,2.19
5353,Sun,1,1.37
5354,Sun,2,0.94
5355,Sun,3,1.13
5356,Sun,4,0.81
5357,Sun,5,1.34
5358,Sun,6,3.88
5359,Sun,7,5.59
5360,Sun,8,10.42
5361,Sun,9,28.40
5362,Sun,10,32.96
5363,Sun,11,34.46
5364,Sun,12,29.08
5365,Sun,13,20.03
5366,Sun,14,24.57
5367,Sun,15,20.64
5368,Sun,16,16.38
5369,Sun,17,16.34
5370,Sun,18,14.16
5371,Sun,19,10.36
5372,Sun,20,8.70
5373,Sun,21,6.04
5374,Sun,22,3.05
5375,Sun,23,2.63
5376,Mon,0,2.97
5377,Mon,1,3.05
5378,Mon,2,0.79
5379,Mon,3,1.51
5380,Mon,4,1.76
5381,Mon,5,3.79
5382,Mon,6,7.92
5383,Mon,7,22.50
5384,Mon,8,49.97
5385,Mon,9,59.27
5386,Mon,10,80.58
5387,Mon,11,60.56
5388,Mon,12,50.16
5389,Mon,13,56.19
5390,Mon,14,42.78
5391,Mon,15,55.70
5392,Mon,16,88.57
5393,Mon,17,74.44
5394,Mon,18,45.00
5395,Mon,19,38.25
5396,Mon,20,22.40
5397,Mon,21,14.32
5398,Mon,22,10.33
5399,Mon,23,7.29
5400,Tue,0,3.21
5401,Tue,1,1.90
5402,Tue,2,0.89
5403,Tue,3,1.80
5404,Tue,4,1.30
5405,Tue,5,3.35
5406,Tue,6,10.04
5407,Tue,7,25.20
5408,Tue,8,38.34
5409,Tue,9,50.08
5410,Tue,10,58.90
5411,Tue,11,67.77
5412,Tue,12,55.49
5413,Tue,13,34.38
5414,Tue,14,49.44
5415,Tue,15,46.09
5416,Tue,16,58.48
5417,Tue,17,53.40
5418,Tue,18,47.88
5419,Tue,19,47.90
5420,Tue,20,20.88
5421,Tue,21,12.18
5422,Tue,22,8.19
5423,Tue,23,5.90
5424,Wed,0,2.91
5425,Wed,1,2.33
5426,Wed,2,1.17
5427,Wed,3,1.10
5428,Wed,4,1.38
5429,Wed,5,3.54
5430,Wed,6,9.80
5431,Wed,7,23.35
5432,Wed,8,44.88
5433,Wed,9,68.51
5434,Wed,10,57.59
5435,Wed,11,73.07
5436,Wed,12,57.54
5437,Wed,13,47.03
5438,Wed,14,40.41
5439,Wed,15,48.61
5440,Wed,16,50.70
5441,Wed,17,66.89
5442,Wed,18,32.08
5443,Wed,19,29.35
5444,Wed,20,23.46
5445,Wed,21,11.90
5446,Wed,22,10.17
5447,Wed,23,6.70
5448,Thu,0,3.05
5449,Thu,1,1.64
5450,Thu,2,1.38
5451,Thu,3,1.14
5452,Thu,4,0.75
5453,Thu,5,3.16
5454,Thu,6,9.18
5455,Thu,7,14.70
5456,Thu,8,47.55
5457,Thu,9,64.94
5458,Thu,10,87.14
5459,Thu,11,64.16
5460,Thu,12,63.56
5461,Thu,13,37.79
5462,Thu,14,40.93
5463,Thu,15,68.37
5464,Thu,16,63.11
5465,Thu,17,67.98
5466,Thu,18,39.88
5467,Thu,19,30.76
5468,Thu,20,25.25
5469,Thu,21,13.24
5470,Thu,22,10.89
5471,Thu,23,4.17
5472,Fri,0,1.70
5473,Fri,1,1.82
5474,Fri,2,1.46
5475,Fri,3,1.79
5476,Fri,4,1.28
5477,Fri,5,2.71
5478,Fri,6,7.58
5479,Fri,7,19.37
5480,Fri,8,46.56
5481,Fri,9,59.59
5482,Fri,10,63.45
5483,Fri,11,60.40
5484,Fri,12,45.31
5485,Fri,13,43.29
5486,Fri,14,54.49
5487,Fri,15,39.33
5488,Fri,16,71.91
5489,Fri,17,29.98
5490,Fri,18,27.55
5491,Fri,19,32.92
5492,Fri,20,19.28
5493,Fri,21,20.21
5494,Fri,22,10.16
5495,Fri,23,3.82
5496,Sat,0,2.51
5497,Sat,1,1.79
5498,Sat,2,1.50
5499,Sat,3,1.11
5500,Sat,4,0.90
5501,Sat,5,1.59
5502,Sat,6,4.86
5503,Sat,7,10.10
5504,Sat,8,11.47
5505,Sat,9,30.18
5506,Sat,10,31.55
5507,Sat,11,39.37
5508,Sat,12,39.71
5509,Sat,13,28.65
5510,Sat,14,27.05
5511,Sat,15,16.43
5512,Sat,16,22.46
5513,Sat,17,24.35
5514,Sat,18,14.14
5515,Sat,19,13.40
5516,Sat,20,9.95
5517,Sat,21,9.53
5518,Sat,22,3.90
5519,Sat,23,3.36
5520,Sun,0,2.01
5521,Sun,1,1.40
5522,Sun,2,1.06
5523,Sun,3,0.74
5524,Sun,4,1.18
5525,Sun,5,1.54
5526,Sun,6,3.64
5527,Sun,7,8.13
5528,Sun,8,13.59
5529,Sun,9,17.56
5530,Sun,10,24.61
5531,Sun,11,36.13
5532,Sun,12,36.11
5533,Sun,13,33.56
5534,Sun,14,18.23
5535,Sun,15,21.79
5536,Sun,16,19.42
5537,Sun,17,14.22
5538,Sun,18,12.91
5539,Sun,19,8.76
5540,Sun,20,7.93
5541,Sun,21,5.18
5542,Sun,22,3.69
5543,Sun,23,3.07
5544,Mon,0,2.68
5545,Mon,1,2.48
5546,Mon,2,1.44
5547,Mon,3,1.52
5548,Mon,4,1.60
5549,Mon,5,3.26
5550,Mon,6,10.13
5551,Mon,7,19.71
5552,Mon,8,52.21
5553,Mon,9,53.20
5554,Mon,10,58.14
5555,Mon,11,59.22
5556,Mon,12,71.19
5557,Mon,13,57.40
5558,Mon,14,45.54
5559,Mon,15,80.74
5560,Mon,16,68.81
5561,Mon,17,45.33
5562,Mon,18,52.36
5563,Mon,19,30.02
5564,Mon,20,20.59
5565,Mon,21,10.80
5566,Mon,22,11.70
5567,Mon,23,6.98
5568,Tue,0,2.44
5569,Tue,1,2.49
5570,Tue,2,1.60
5571,Tue,3,1.64
5572,Tue,4,1.67
5573,Tue,5,2.59
5574,Tue,6,9.55
5575,Tue,7,22.80
5576,Tue,8,38.78
5577,Tue,9,57.80
5578,Tue,10,52.28
5579,Tue,11,66.36
5580,Tue,12,43.06
5581,Tue,13,46.65
5582,Tue,14,47.02
5583,Tue,15,53.62
5584,Tue,16,66.12
5585,Tue,17,53.77
5586,Tue,18,58.09
5587,Tue,19,36.01
5588,Tue,20,19.03
5589,Tue,21,14.84
5590,Tue,22,11.10
5591,Tue,23,7.80
5592,Wed,0,2.57
5593,Wed,1,2.72
5594,Wed,2,1.47
5595,Wed,3,1.76
5596,Wed,4,1.28
5597,Wed,5,2.46
5598,Wed,6,8.00
5599,Wed,7,20.14
5600,Wed,8,34.27
5601,Wed,9,45.83
5602,Wed,10,72.52
5603,Wed,11,72.80
5604,Wed,12,50.90
5605,Wed,13,37.95
5606,Wed,14,52.75
5607,Wed,15,36.49
5608,Wed,16,64.43
5609,Wed,17,56.50
5610,Wed,18,47.87
5611,Wed,19,34.32
5612,Wed,20,26.90
5613,Wed,21,17.38
5614,Wed,22,9.98
5615,Wed,23,6.57
5616,Thu,0,2.32
5617,Thu,1,2.18
5618,Thu,2,1.49
5619,Thu,3,1.00
5620,Thu,4,1.53
5621,Thu,5,3.02
5622,Thu,6,9.71
5623,Thu,7,19.68
5624,Thu,8,49.17
5625,Thu,9,67.14
5626,Thu,10,69.80
5627,Thu,11,24.89
5628,Thu,12,50.81
5629,Thu,13,42.35
5630,Thu,14,43.56
5631,Thu,15,42.02
5632,Thu,16,64.85
5633,Thu,17,48.98
5634,Thu,18,40.70
5635,Thu,19,33.39
5636,Thu,20,26.86
5637,Thu,21,14.27
5638,Thu,22,8.00
5639,Thu,23,5.97
5640,Fri,0,2.76
5641,Fri,1,1.32
5642,Fri,2,1.18
5643,Fri,3,1.35
5644,Fri,4,0.91
5645,Fri,5,3.22
5646,Fri,6,6.21
5647,Fri,7,21.31
5648,Fri,8,31.36
5649,Fri,9,50.50
5650,Fri,10,52.61
5651,Fri,11,53.66
5652,Fri,12,31.73
5653,Fri,13,33.65
5654,Fri,14,47.44
5655,Fri,15,53.26
5656,Fri,16,72.54
5657,Fri,17,33.36
5658,Fri,18,49.92
5659,Fri,19,30.54
5660,Fri,20,16.29
5661,Fri,21,10.88
5662,Fri,22,8.43
5663,Fri,23,5.41
5664,Sat,0,2.30
5665,Sat,1,2.14
5666,Sat,2,1.24
5667,Sat,3,1.11
5668,Sat,4,1.05
5669,Sat,5,1.67
5670,Sat,6,4.12
5671,Sat,7,8.15
5672,Sat,8,14.32
5673,Sat,9,30.25
5674,Sat,10,31.35
5675,Sat,11,35.09
5676,Sat,12,41.91
5677,Sat,13,36.15
5678,Sat,14,25.74
5679,Sat,15,33.06
5680,Sat,16,20.96
5681,Sat,17,23.47
5682,Sat,18,16.50
5683,Sat,19,11.57
5684,Sat,20,9.18
5685,Sat,21,6.28
5686,Sat,22,4.80
5687,Sat,23,2.90
5688,Sun,0,2.07
5689,Sun,1,1.18
5690,Sun,2,1.15
5691,Sun,3,1.24
5692,Sun,4,0.87
5693,Sun,5,1.77
5694,Sun,6,4.11
5695,Sun,7,8.19
5696,Sun,8,12.14
5697,Sun,9,34.97
5698,Sun,10,26.19
5699,Sun,11,36.90
5700,Sun,12,31.79
5701,Sun,13,37.59
5702,Sun,14,20.80
5703,Sun,15,26.30
5704,Sun,16,20.90
5705,Sun,17,13.79
5706,Sun,18,13.57
5707,Sun,19,9.11
5708,Sun,20,8.14
5709,Sun,21,5.88
5710,Sun,22,2.55
5711,Sun,23,2.77
5712,Mon,0,3.48
5713,Mon,1,2.93
5714,Mon,2,1.67
5715,Mon,3,1.41
5716,Mon,4,1.85
5717,Mon,5,3.88
5718,Mon,6,6.14
5719,Mon,7,27.50
5720,Mon,8,52.85
5721,Mon,9,62.16
5722,Mon,10,61.29
5723,Mon,11,65.91
5724,Mon,12,70.62
5725,Mon,13,49.75
5726,Mon,14,57.81
5727,Mon,15,56.25
5728,Mon,16,49.90
5729,Mon,17,53.47
5730,Mon,18,68.06
5731,Mon,19,42.92
5732,Mon,20,29.47
5733,Mon,21,19.87
5734,Mon,22,11.45
5735,Mon,23,6.36
5736,Tue,0,2.83
5737,Tue,1,2.42
5738,Tue,2,1.47
5739,Tue,3,1.52
5740,Tue,4,1.63
5741,Tue,5,3.35
5742,Tue,6,9.72
5743,Tue,7,22.04
5744,Tue,8,47.22
5745,Tue,9,74.84
5746,Tue,10,83.06
5747,Tue,11,81.68
5748,Tue,12,48.08
5749,Tue,13,46.96
5750,Tue,14,47.90
5751,Tue,15,75.36
5752,Tue,16,77.82
5753,Tue,17,62.56
5754,Tue,18,61.57
5755,Tue,19,42.60
5756,Tue,20,19.31
5757,Tue,21,18.88
5758,Tue,22,11.18
5759,Tue,23,5.68
5760,Wed,0,3.64
5761,Wed,1,2.41
5762,Wed,2,1.09
5763,Wed,3,1.23
5764,Wed,4,1.40
5765,Wed,5,3.50
5766,Wed,6,9.35
5767,Wed,7,23.91
5768,Wed,8,40.06
5769,Wed,9,73.37
5770,Wed,10,62.38
5771,Wed,11,70.91
5772,Wed,12,49.71
5773,Wed,13,39.55
5774,Wed,14,47.94
5775,Wed,15,42.92
5776,Wed,16,58.68
5777,Wed,17,59.95
5778,Wed,18,34.24
5779,Wed,19,32.24
5780,Wed,20,22.43
5781,Wed,21,13.22
5782,Wed,22,6.86
5783,Wed,23,6.95
5784,Thu,0,2.62
5785,Thu,1,3.19
5786,Thu,2,2.02
5787,Thu,3,0.93
5788,Thu,4,1.60
5789,Thu,5,2.70
5790,Thu,6,9.33
5791,Thu,7,15.32
5792,Thu,8,48.39
5793,Thu,9,92.80
5794,Thu,10,51.23
5795,Thu,11,44.94
5796,Thu,12,47.52
5797,Thu,13,40.02
5798,Thu,14,47.13
5799,Thu,15,47.99
5800,Thu,16,55.87
5801,Thu,17,67.23
5802,Thu,18,45.45
5803,Thu,19,37.88
5804,Thu,20,22.25
5805,Thu,21,14.36
5806,Thu,22,9.47
5807,Thu,23,5.26
5808,Fri,0,2.01
5809,Fri,1,2.11
5810,Fri,2,1.32
5811,Fri,3,1.28
5812,Fri,4,1.57
5813,Fri,5,3.85
5814,Fri,6,6.92
5815,Fri,7,21.18
5816,Fri,8,31.50
5817,Fri,9,66.30
5818,Fri,10,59.84
5819,Fri,11,42.96
5820,Fri,12,39.34
5821,Fri,13,44.45
5822,Fri,14,37.04
5823,Fri,15,49.42
5824,Fri,16,77.95
5825,Fri,17,43.87
5826,Fri,18,44.44
5827,Fri,19,13.52
5828,Fri,20,14.35
5829,Fri,21,15.96
5830,Fri,22,9.62
5831,Fri,23,7.00
5832,Sat,0,2.33
5833,Sat,1,1.00
5834,Sat,2,1.52
5835,Sat,3,0.87
5836,Sat,4,1.24
5837,Sat,5,2.81
5838,Sat,6,3.62
5839,Sat,7,8.76
5840,Sat,8,13.37
5841,Sat,9,35.98
5842,Sat,10,43.81
5843,Sat,11,27.93
5844,Sat,12,34.01
5845,Sat,13,27.83
5846,Sat,14,31.90
5847,Sat,15,30.62
5848,Sat,16,23.98
5849,Sat,17,22.79
5850,Sat,18,17.61
5851,Sat,19,13.63
5852,Sat,20,9.16
5853,Sat,21,5.98
5854,Sat,22,5.14
5855,Sat,23,2.60
5856,Sun,0,2.36
5857,Sun,1,1.26
5858,Sun,2,1.06
5859,Sun,3,1.28
5860,Sun,4,1.29
5861,Sun,5,1.83
5862,Sun,6,3.54
5863,Sun,7,7.36
5864,Sun,8,16.07
5865,Sun,9,21.28
5866,Sun,10,45.26
5867,Sun,11,33.26
5868,Sun,12,30.90
5869,Sun,13,29.54
5870,Sun,14,25.78
5871,Sun,15,21.94
5872,Sun,16,18.34
5873,Sun,17,12.79
5874,Sun,18,11.87
5875,Sun,19,10.80
5876,Sun,20,7.08
5877,Sun,21,8.46
5878,Sun,22,2.47
5879,Sun,23,3.52
5880,Mon,0,3.59
5881,Mon,1,2.36
5882,Mon,2,1.71
5883,Mon,3,1.63
5884,Mon,4,1.54
5885,Mon,5,2.29
5886,Mon,6,9.29
5887,Mon,7,18.44
5888,Mon,8,50.56
5889,Mon,9,62.11
5890,Mon,10,65.08
5891,Mon,11,69.55
5892,Mon,12,54.64
5893,Mon,13,51.98
5894,Mon,14,48.80
5895,Mon,15,47.95
5896,Mon,16,70.15
5897,Mon,17,47.84
5898,Mon,18,33.69
5899,Mon,19,28.77
5900,Mon,20,29.21
5901,Mon,21,14.47
5902,Mon,22,9.50
5903,Mon,23,9.16
5904,Tue,0,2.91
5905,Tue,1,2.45
5906,Tue,2,1.32
5907,Tue,3,1.92
5908,Tue,4,1.91
5909,Tue,5,2.75
5910,Tue,6,7.20
5911,Tue,7,13.79
5912,Tue,8,46.24
5913,Tue,9,51.05
5914,Tue,10,48.91
5915,Tue,11,71.10
5916,Tue,12,53.52
5917,Tue,13,48.26
5918,Tue,14,36.37
5919,Tue,15,44.29
5920,Tue,16,61.87
5921,Tue,17,74.60
5922,Tue,18,49.66
5923,Tue,19,32.66
5924,Tue,20,28.08
5925,Tue,21,19.64
5926,Tue,22,8.39
5927,Tue,23,8.51
5928,Wed,0,3.53
5929,Wed,1,2.20
5930,Wed,2,1.58
5931,Wed,3,1.11
5932,Wed,4,1.80
5933,Wed,5,4.21
5934,Wed,6,9.14
5935,Wed,7,21.96
5936,Wed,8,41.38
5937,Wed,9,61.08
5938,Wed,10,54.15
5939,Wed,11,64.84
5940,Wed,12,62.57
5941,Wed,13,40.52
5942,Wed,14,54.12
5943,Wed,15,40.73
5944,Wed,16,52.30
5945,Wed,17,52.21
5946,Wed,18,41.12
5947,Wed,19,39.73
5948,Wed,20,18.76
5949,Wed,21,18.80
5950,Wed,22,8.68
5951,Wed,23,5.87
5952,Thu,0,1.51
5953,Thu,1,1.35
5954,Thu,2,1.51
5955,Thu,3,1.67
5956,Thu,4,1.56
5957,Thu,5,2.90
5958,Thu,6,10.18
5959,Thu,7,21.48
5960,Thu,8,47.82
5961,Thu,9,45.02
5962,Thu,10,86.60
5963,Thu,11,57.49
5964,Thu,12,41.33
5965,Thu,13,36.71
5966,Thu,14,52.57
5967,Thu,15,54.08
5968,Thu,16,56.60
5969,Thu,17,68.47
5970,Thu,18,52.16
5971,Thu,19,35.35
5972,Thu,20,19.63
5973,Thu,21,18.20
5974,Thu,22,9.39
5975,Thu,23,6.04
5976,Fri,0,2.65
5977,Fri,1,1.40
5978,Fri,2,1.27
5979,Fri,3,1.30
5980,Fri,4,0.97
5981,Fri,5,2.16
5982,Fri,6,10.74
5983,Fri,7,18.75
5984,Fri,8,53.98
5985,Fri,9,62.26
5986,Fri,10,57.29
5987,Fri,11,51.73
5988,Fri,12,64.08
5989,Fri,13,33.40
5990,Fri,14,47.18
5991,Fri,15,46.63
5992,Fri,16,46.43
5993,Fri,17,47.96
5994,Fri,18,37.65
5995,Fri,19,39.96
5996,Fri,20,19.35
5997,Fri,21,13.49
5998,Fri,22,5.79
5999,Fri,23,4.89
6000,Sat,0,1.66
6001,Sat,1,1.46
6002,Sat,2,0.64
6003,Sat,3,1.01
6004,Sat,4,1.56
6005,Sat,5,2.25
6006,Sat,6,3.16
6007,Sat,7,7.89
6008,Sat,8,21.70
6009,Sat,9,28.13
6010,Sat,10,27.96
6011,Sat,11,41.43
6012,Sat,12,26.49
6013,Sat,13,29.49
6014,Sat,14,29.53
6015,Sat,15,25.85
6016,Sat,16,19.79
6017,Sat,17,26.67
6018,Sat,18,21.43
6019,Sat,19,14.57
6020,Sat,20,12.02
6021,Sat,21,7.31
6022,Sat,22,4.98
6023,Sat,23,2.66
6024,Sun,0,2.00
6025,Sun,1,1.60
6026,Sun,2,1.03
6027,Sun,3,0.87
6028,Sun,4,0.96
6029,Sun,5,1.66
6030,Sun,6,2.27
6031,Sun,7,5.64
6032,Sun,8,15.88
6033,Sun,9,14.10
6034,Sun,10,31.72
6035,Sun,11,41.13
6036,Sun,12,27.01
6037,Sun,13,29.34
6038,Sun,14,25.14
6039,Sun,15,19.72
6040,Sun,16,14.09
6041,Sun,17,15.01
6042,Sun,18,14.41
6043,Sun,19,10.87
6044,Sun,20,7.86
6045,Sun,21,7.10
6046,Sun,22,4.44
6047,Sun,23,2.46
6048,Mon,0,3.75
6049,Mon,1,2.17
6050,Mon,2,1.03
6051,Mon,3,1.50
6052,Mon,4,1.96
6053,Mon,5,3.63
6054,Mon,6,10.79
6055,Mon,7,25.80
6056,Mon,8,44.91
6057,Mon,9,88.42
6058,Mon,10,70.62
6059,Mon,11,70.12
6060,Mon,12,65.61
6061,Mon,13,39.44
6062,Mon,14,63.87
6063,Mon,15,79.63
6064,Mon,16,71.95
6065,Mon,17,57.48
6066,Mon,18,66.80
6067,Mon,19,33.72
6068,Mon,20,27.33
6069,Mon,21,18.92
6070,Mon,22,14.65
6071,Mon,23,5.12
6072,Tue,0,3.93
6073,Tue,1,2.77
6074,Tue,2,1.63
6075,Tue,3,1.17
6076,Tue,4,1.98
6077,Tue,5,1.72
6078,Tue,6,7.91
6079,Tue,7,28.60
6080,Tue,8,51.78
6081,Tue,9,59.58
6082,Tue,10,62.81
6083,Tue,11,50.64
6084,Tue,12,64.17
6085,Tue,13,36.90
6086,Tue,14,47.60
6087,Tue,15,65.94
6088,Tue,16,56.92
6089,Tue,17,58.12
6090,Tue,18,58.39
6091,Tue,19,25.02
6092,Tue,20,25.46
6093,Tue,21,22.07
6094,Tue,22,10.52
6095,Tue,23,5.77
6096,Wed,0,3.17
6097,Wed,1,1.57
6098,Wed,2,1.46
6099,Wed,3,1.62
6100,Wed,4,1.41
6101,Wed,5,3.91
6102,Wed,6,6.09
6103,Wed,7,22.47
6104,Wed,8,45.55
6105,Wed,9,66.00
6106,Wed,10,52.98
6107,Wed,11,84.01
6108,Wed,12,56.06
6109,Wed,13,46.15
6110,Wed,14,46.62
6111,Wed,15,51.18
6112,Wed,16,57.83
6113,Wed,17,53.33
6114,Wed,18,45.29
6115,Wed,19,42.76
6116,Wed,20,27.13
6117,Wed,21,14.34
6118,Wed,22,10.06
6119,Wed,23,6.09
6120,Thu,0,2.72
6121,Thu,1,2.45
6122,Thu,2,1.57
6123,Thu,3,1.06
6124,Thu,4,1.54
6125,Thu,5,2.30
6126,Thu,6,8.55
6127,Thu,7,18.71
6128,Thu,8,37.77
6129,Thu,9,66.13
6130,Thu,10,62.12
6131,Thu,11,81.34
6132,Thu,12,54.71
6133,Thu,13,49.18
6134,Thu,14,42.18
6135,Thu,15,73.42
6136,Thu,16,50.90
6137,Thu,17,46.98
6138,Thu,18,31.00
6139,Thu,19,42.21
6140,Thu,20,27.77
6141,Thu,21,14.96
6142,Thu,22,6.91
6143,Thu,23,5.01
6144,Fri,0,2.78
6145,Fri,1,2.39
6146,Fri,2,1.64
6147,Fri,3,1.58
6148,Fri,4,1.42
6149,Fri,5,2.51
6150,Fri,6,4.19
6151,Fri,7,24.03
6152,Fri,8,33.46
6153,Fri,9,58.56
6154,Fri,10,75.71
6155,Fri,11,40.83
6156,Fri,12,47.06
6157,Fri,13,43.21
6158,Fri,14,34.99
6159,Fri,15,40.19
6160,Fri,16,69.08
6161,Fri,17,46.65
6162,Fri,18,38.75
6163,Fri,19,37.86
6164,Fri,20,21.36
6165,Fri,21,18.32
6166,Fri,22,5.98
6167,Fri,23,6.04
6168,Sat,0,3.56
6169,Sat,1,1.37
6170,Sat,2,0.72
6171,Sat,3,1.41
6172,Sat,4,1.68
6173,Sat,5,2.90
6174,Sat,6,3.40
6175,Sat,7,6.36
6176,Sat,8,9.35
6177,Sat,9,38.73
6178,Sat,10,51.23
6179,Sat,11,42.98
6180,Sat,12,39.95
6181,Sat,13,26.85
6182,Sat,14,30.96
6183,Sat,15,23.66
6184,Sat,16,23.99
6185,Sat,17,16.25
6186,Sat,18,15.13
6187,Sat,19,14.13
6188,Sat,20,10.62
6189,Sat,21,5.12
6190,Sat,22,6.93
6191,Sat,23,3.92
6192,Sun,0,2.31
6193,Sun,1,1.75
6194,Sun,2,0.89
6195,Sun,3,1.26
6196,Sun,4,1.50
6197,Sun,5,1.35
6198,Sun,6,3.31
6199,Sun,7,6.53
6200,Sun,8,15.76
6201,Sun,9,26.51
6202,Sun,10,24.56
6203,Sun,11,33.44
6204,Sun,12,16.21
6205,Sun,13,31.42
6206,Sun,14,21.15
6207,Sun,15,24.38
6208,Sun,16,18.25
6209,Sun,17,18.14
6210,Sun,18,17.39
6211,Sun,19,10.21
6212,Sun,20,6.72
6213,Sun,21,5.68
6214,Sun,22,4.11
6215,Sun,23,3.03
6216,Mon,0,2.80
6217,Mon,1,2.63
6218,Mon,2,2.14
6219,Mon,3,1.69
6220,Mon,4,1.77
6221,Mon,5,3.68
6222,Mon,6,11.36
6223,Mon,7,27.73
6224,Mon,8,54.26
6225,Mon,9,44.91
6226,Mon,10,80.30
6227,Mon,11,98.07
6228,Mon,12,49.51
6229,Mon,13,54.44
6230,Mon,14,51.08
6231,Mon,15,63.60
6232,Mon,16,86.51
6233,Mon,17,73.17
6234,Mon,18,48.71
6235,Mon,19,32.72
6236,Mon,20,35.90
6237,Mon,21,16.01
6238,Mon,22,11.90
6239,Mon,23,7.39
6240,Tue,0,2.41
6241,Tue,1,2.19
6242,Tue,2,1.61
6243,Tue,3,1.68
6244,Tue,4,1.52
6245,Tue,5,3.21
6246,Tue,6,9.39
6247,Tue,7,16.76
6248,Tue,8,44.72
6249,Tue,9,78.16
6250,Tue,10,72.84
6251,Tue,11,76.65
6252,Tue,12,65.52
6253,Tue,13,60.32
6254,Tue,14,36.02
6255,Tue,15,64.04
6256,Tue,16,51.95
6257,Tue,17,76.98
6258,Tue,18,37.60
6259,Tue,19,30.63
6260,Tue,20,20.96
6261,Tue,21,20.13
6262,Tue,22,13.17
6263,Tue,23,9.29
6264,Wed,0,2.74
6265,Wed,1,1.84
6266,Wed,2,1.45
6267,Wed,3,1.43
6268,Wed,4,1.43
6269,Wed,5,3.40
6270,Wed,6,9.32
6271,Wed,7,20.89
6272,Wed,8,29.23
6273,Wed,9,70.46
6274,Wed,10,72.84
6275,Wed,11,47.30
6276,Wed,12,52.77
6277,Wed,13,49.86
6278,Wed,14,45.38
6279,Wed,15,48.36
6280,Wed,16,59.46
6281,Wed,17,48.55
6282,Wed,18,46.60
6283,Wed,19,26.35
6284,Wed,20,29.60
6285,Wed,21,8.74
6286,Wed,22,6.62
6287,Wed,23,8.35
6288,Thu,0,4.09
6289,Thu,1,2.29
6290,Thu,2,1.83
6291,Thu,3,1.56
6292,Thu,4,1.14
6293,Thu,5,3.58
6294,Thu,6,8.53
6295,Thu,7,23.29
6296,Thu,8,45.44
6297,Thu,9,47.65
6298,Thu,10,67.76
6299,Thu,11,50.87
6300,Thu,12,70.00
6301,Thu,13,46.40
6302,Thu,14,48.21
6303,Thu,15,66.32
6304,Thu,16,68.12
6305,Thu,17,56.82
6306,Thu,18,37.90
6307,Thu,19,24.75
6308,Thu,20,20.87
6309,Thu,21,14.02
6310,Thu,22,10.16
6311,Thu,23,4.39
6312,Fri,0,3.02
6313,Fri,1,2.60
6314,Fri,2,1.09
6315,Fri,3,1.19
6316,Fri,4,1.50
6317,Fri,5,3.27
6318,Fri,6,8.17
6319,Fri,7,21.30
6320,Fri,8,34.35
6321,Fri,9,72.29
6322,Fri,10,57.85
6323,Fri,11,58.10
6324,Fri,12,50.78
6325,Fri,13,37.65
6326,Fri,14,44.21
6327,Fri,15,47.36
6328,Fri,16,63.43
6329,Fri,17,58.38
6330,Fri,18,36.67
6331,Fri,19,31.63
6332,Fri,20,30.03
6333,Fri,21,11.24
6334,Fri,22,9.35
6335,Fri,23,7.37
6336,Sat,0,2.50
6337,Sat,1,1.41
6338,Sat,2,1.33
6339,Sat,3,1.95
6340,Sat,4,1.39
6341,Sat,5,2.24
6342,Sat,6,4.17
6343,Sat,7,10.27
6344,Sat,8,19.14
6345,Sat,9,36.23
6346,Sat,10,40.03
6347,Sat,11,40.52
6348,Sat,12,40.90
6349,Sat,13,28.17
6350,Sat,14,41.23
6351,Sat,15,27.96
6352,Sat,16,23.94
6353,Sat,17,23.31
6354,Sat,18,19.34
6355,Sat,19,15.09
6356,Sat,20,10.75
6357,Sat,21,7.78
6358,Sat,22,4.96
6359,Sat,23,3.90
6360,Sun,0,1.95
6361,Sun,1,1.60
6362,Sun,2,0.79
6363,Sun,3,1.09
6364,Sun,4,1.11
6365,Sun,5,1.59
6366,Sun,6,4.87
6367,Sun,7,6.42
6368,Sun,8,12.35
6369,Sun,9,23.90
6370,Sun,10,31.24
6371,Sun,11,38.02
6372,Sun,12,37.93
6373,Sun,13,22.98
6374,Sun,14,33.54
6375,Sun,15,28.30
6376,Sun,16,21.31
6377,Sun,17,16.99
6378,Sun,18,13.89
6379,Sun,19,9.98
6380,Sun,20,5.59
6381,Sun,21,5.63
6382,Sun,22,3.67
6383,Sun,23,3.12
6384,Mon,0,3.33
6385,Mon,1,2.39
6386,Mon,2,1.54
6387,Mon,3,1.53
6388,Mon,4,1.97
6389,Mon,5,3.50
6390,Mon,6,10.49
6391,Mon,7,23.53
6392,Mon,8,50.65
6393,Mon,9,79.06
6394,Mon,10,90.10
6395,Mon,11,89.65
6396,Mon,12,73.07
6397,Mon,13,65.97
6398,Mon,14,66.23
6399,Mon,15,74.88
6400,Mon,16,75.08
6401,Mon,17,62.45
6402,Mon,18,56.42
6403,Mon,19,51.78
6404,Mon,20,16.71
6405,Mon,21,20.99
6406,Mon,22,11.21
6407,Mon,23,8.18
6408,Tue,0,3.78
6409,Tue,1,2.34
6410,Tue,2,2.23
6411,Tue,3,1.50
6412,Tue,4,1.74
6413,Tue,5,3.96
6414,Tue,6,10.59
6415,Tue,7,22.06
6416,Tue,8,55.77
6417,Tue,9,49.91
6418,Tue,10,73.23
6419,Tue,11,52.96
6420,Tue,12,80.17
6421,Tue,13,59.84
6422,Tue,14,63.22
6423,Tue,15,71.65
6424,Tue,16,63.44
6425,Tue,17,52.30
6426,Tue,18,45.26
6427,Tue,19,30.43
6428,Tue,20,26.07
6429,Tue,21,16.96
6430,Tue,22,13.25
6431,Tue,23,6.05
6432,Wed,0,3.32
6433,Wed,1,1.89
6434,Wed,2,1.65
6435,Wed,3,1.34
6436,Wed,4,1.50
6437,Wed,5,3.08
6438,Wed,6,8.67
6439,Wed,7,21.92
6440,Wed,8,52.93
6441,Wed,9,50.50
6442,Wed,10,39.68
6443,Wed,11,81.80
6444,Wed,12,79.99
6445,Wed,13,38.49
6446,Wed,14,60.09
6447,Wed,15,65.67
6448,Wed,16,60.17
6449,Wed,17,44.81
6450,Wed,18,65.74
6451,Wed,19,36.47
6452,Wed,20,19.34
6453,Wed,21,18.70
6454,Wed,22,11.53
6455,Wed,23,5.41
6456,Thu,0,4.27
6457,Thu,1,2.45
6458,Thu,2,1.51
6459,Thu,3,1.60
6460,Thu,4,2.10
6461,Thu,5,4.39
6462,Thu,6,9.06
6463,Thu,7,18.69
6464,Thu,8,54.43
6465,Thu,9,81.53
6466,Thu,10,60.20
6467,Thu,11,52.07
6468,Thu,12,61.74
6469,Thu,13,50.18
6470,Thu,14,47.85
6471,Thu,15,56.07
6472,Thu,16,57.62
6473,Thu,17,59.60
6474,Thu,18,49.54
6475,Thu,19,34.22
6476,Thu,20,32.42
6477,Thu,21,15.09
6478,Thu,22,10.59
6479,Thu,23,5.77
6480,Fri,0,2.70
6481,Fri,1,1.75
6482,Fri,2,1.31
6483,Fri,3,1.46
6484,Fri,4,0.98
6485,Fri,5,2.83
6486,Fri,6,10.88
6487,Fri,7,25.82
6488,Fri,8,36.88
6489,Fri,9,63.59
6490,Fri,10,66.22
6491,Fri,11,74.87
6492,Fri,12,44.93
6493,Fri,13,34.23
6494,Fri,14,52.48
6495,Fri,15,46.34
6496,Fri,16,26.81
6497,Fri,17,52.81
6498,Fri,18,43.87
6499,Fri,19,33.72
6500,Fri,20,21.51
6501,Fri,21,18.16
6502,Fri,22,11.52
6503,Fri,23,6.57
6504,Sat,0,3.85
6505,Sat,1,2.00
6506,Sat,2,0.87
6507,Sat,3,1.43
6508,Sat,4,1.25
6509,Sat,5,1.66
6510,Sat,6,4.63
6511,Sat,7,7.79
6512,Sat,8,18.09
6513,Sat,9,27.46
6514,Sat,10,30.52
6515,Sat,11,38.82
6516,Sat,12,39.28
6517,Sat,13,29.53
6518,Sat,14,24.66
6519,Sat,15,35.26
6520,Sat,16,28.96
6521,Sat,17,11.24
6522,Sat,18,19.05
6523,Sat,19,14.94
6524,Sat,20,12.40
6525,Sat,21,8.67
6526,Sat,22,5.02
6527,Sat,23,2.38
6528,Sun,0,2.42
6529,Sun,1,1.22
6530,Sun,2,0.73
6531,Sun,3,0.98
6532,Sun,4,0.98
6533,Sun,5,1.53
6534,Sun,6,3.19
6535,Sun,7,6.90
6536,Sun,8,15.68
6537,Sun,9,20.20
6538,Sun,10,37.74
6539,Sun,11,40.61
6540,Sun,12,27.10
6541,Sun,13,30.48
6542,Sun,14,21.56
6543,Sun,15,21.80
6544,Sun,16,17.87
6545,Sun,17,19.99
6546,Sun,18,9.84
6547,Sun,19,15.69
6548,Sun,20,8.78
6549,Sun,21,6.32
6550,Sun,22,4.13
6551,Sun,23,2.23
6552,Mon,0,2.78
6553,Mon,1,2.91
6554,Mon,2,1.64
6555,Mon,3,1.98
6556,Mon,4,2.46
6557,Mon,5,3.73
6558,Mon,6,12.30
6559,Mon,7,23.86
6560,Mon,8,44.18
6561,Mon,9,76.50
6562,Mon,10,109.98
6563,Mon,11,88.13
6564,Mon,12,69.42
6565,Mon,13,46.32
6566,Mon,14,55.44
6567,Mon,15,85.32
6568,Mon,16,76.38
6569,Mon,17,55.24
6570,Mon,18,48.71
6571,Mon,19,44.04
6572,Mon,20,31.95
6573,Mon,21,13.04
6574,Mon,22,13.33
6575,Mon,23,6.72
6576,Tue,0,7.06
6577,Tue,1,4.01
6578,Tue,2,2.48
6579,Tue,3,2.82
6580,Tue,4,3.49
6581,Tue,5,6.09
6582,Tue,6,21.40
6583,Tue,7,43.74
6584,Tue,8,71.49
6585,Tue,9,92.86
6586,Tue,10,163.84
6587,Tue,11,87.06
6588,Tue,12,92.87
6589,Tue,13,75.31
6590,Tue,14,71.59
6591,Tue,15,91.58
6592,Tue,16,110.05
6593,Tue,17,147.64
6594,Tue,18,81.52
6595,Tue,19,56.21
6596,Tue,20,44.93
6597,Tue,21,35.17
6598,Tue,22,16.49
6599,Tue,23,10.22
6600,Wed,0,2.20
6601,Wed,1,2.67
6602,Wed,2,1.78
6603,Wed,3,2.00
6604,Wed,4,1.25
6605,Wed,5,4.38
6606,Wed,6,10.98
6607,Wed,7,21.16
6608,Wed,8,42.87
6609,Wed,9,61.57
6610,Wed,10,56.23
6611,Wed,11,77.41
6612,Wed,12,51.05
6613,Wed,13,40.24
6614,Wed,14,53.66
6615,Wed,15,59.88
6616,Wed,16,56.99
6617,Wed,17,57.85
6618,Wed,18,43.51
6619,Wed,19,44.09
6620,Wed,20,29.86
6621,Wed,21,15.25
6622,Wed,22,11.03
6623,Wed,23,7.87
6624,Thu,0,2.95
6625,Thu,1,3.05
6626,Thu,2,1.67
6627,Thu,3,1.73
6628,Thu,4,0.99
6629,Thu,5,3.56
6630,Thu,6,9.86
6631,Thu,7,23.92
6632,Thu,8,48.78
6633,Thu,9,69.44
6634,Thu,10,63.58
6635,Thu,11,77.17
6636,Thu,12,56.46
6637,Thu,13,36.76
6638,Thu,14,39.49
6639,Thu,15,59.01
6640,Thu,16,65.70
6641,Thu,17,36.28
6642,Thu,18,29.68
6643,Thu,19,41.29
6644,Thu,20,24.77
6645,Thu,21,25.54
6646,Thu,22,7.94
6647,Thu,23,5.94
6648,Fri,0,2.65
6649,Fri,1,2.43
6650,Fri,2,1.85
6651,Fri,3,1.89
6652,Fri,4,1.22
6653,Fri,5,3.59
6654,Fri,6,6.98
6655,Fri,7,21.82
6656,Fri,8,44.18
6657,Fri,9,67.21
6658,Fri,10,57.21
6659,Fri,11,78.43
6660,Fri,12,52.61
6661,Fri,13,42.75
6662,Fri,14,43.70
6663,Fri,15,44.55
6664,Fri,16,66.66
6665,Fri,17,59.50
6666,Fri,18,47.92
6667,Fri,19,44.10
6668,Fri,20,20.06
6669,Fri,21,15.46
6670,Fri,22,10.37
6671,Fri,23,6.80
6672,Sat,0,2.72
6673,Sat,1,2.18
6674,Sat,2,1.52
6675,Sat,3,0.97
6676,Sat,4,1.24
6677,Sat,5,1.51
6678,Sat,6,4.45
6679,Sat,7,8.68
6680,Sat,8,20.67
6681,Sat,9,32.78
6682,Sat,10,39.81
6683,Sat,11,52.57
6684,Sat,12,43.44
6685,Sat,13,26.47
6686,Sat,14,27.16
6687,Sat,15,29.70
6688,Sat,16,32.85
6689,Sat,17,20.79
6690,Sat,18,17.26
6691,Sat,19,14.70
6692,Sat,20,11.72
6693,Sat,21,7.37
6694,Sat,22,5.42
6695,Sat,23,3.04
6696,Sun,0,2.14
6697,Sun,1,1.36
6698,Sun,2,1.32
6699,Sun,3,1.07
6700,Sun,4,1.30
6701,Sun,5,2.12
6702,Sun,6,4.63
6703,Sun,7,4.20
6704,Sun,8,13.13
6705,Sun,9,21.16
6706,Sun,10,33.02
6707,Sun,11,41.49
6708,Sun,12,48.00
6709,Sun,13,36.15
6710,Sun,14,32.32
6711,Sun,15,25.30
6712,Sun,16,19.90
6713,Sun,17,19.89
6714,Sun,18,9.27
6715,Sun,19,13.79
6716,Sun,20,8.71
6717,Sun,21,7.01
6718,Sun,22,3.56
6719,Sun,23,2.24
6720,Mon,0,3.26
6721,Mon,1,2.73
6722,Mon,2,1.95
6723,Mon,3,1.72
6724,Mon,4,1.95
6725,Mon,5,4.11
6726,Mon,6,8.77
6727,Mon,7,25.26
6728,Mon,8,38.69
6729,Mon,9,68.10
6730,Mon,10,95.82
6731,Mon,11,69.12
6732,Mon,12,87.80
6733,Mon,13,57.99
6734,Mon,14,65.86
6735,Mon,15,69.21
6736,Mon,16,84.66
6737,Mon,17,83.17
6738,Mon,18,56.15
6739,Mon,19,37.51
6740,Mon,20,26.55
6741,Mon,21,27.03
6742,Mon,22,12.45
6743,Mon,23,6.76
6744,Tue,0,2.96
6745,Tue,1,1.79
6746,Tue,2,1.54
6747,Tue,3,1.79
6748,Tue,4,1.55
6749,Tue,5,2.93
6750,Tue,6,10.87
6751,Tue,7,25.57
6752,Tue,8,45.25
6753,Tue,9,73.03
6754,Tue,10,63.04
6755,Tue,11,83.62
6756,Tue,12,50.30
6757,Tue,13,46.13
6758,Tue,14,53.65
6759,Tue,15,57.95
6760,Tue,16,53.99
6761,Tue,17,87.82
6762,Tue,18,64.23
6763,Tue,19,26.42
6764,Tue,20,27.62
6765,Tue,21,14.46
6766,Tue,22,12.48
6767,Tue,23,5.22
6768,Wed,0,3.56
6769,Wed,1,2.65
6770,Wed,2,2.10
6771,Wed,3,1.96
6772,Wed,4,1.49
6773,Wed,5,3.77
6774,Wed,6,8.92
6775,Wed,7,22.19
6776,Wed,8,42.76
6777,Wed,9,45.84
6778,Wed,10,80.47
6779,Wed,11,44.77
6780,Wed,12,55.79
6781,Wed,13,51.20
6782,Wed,14,51.12
6783,Wed,15,43.31
6784,Wed,16,57.28
6785,Wed,17,68.76
6786,Wed,18,57.88
6787,Wed,19,46.54
6788,Wed,20,17.61
6789,Wed,21,19.22
6790,Wed,22,10.36
6791,Wed,23,7.33
6792,Thu,0,2.22
6793,Thu,1,2.31
6794,Thu,2,1.78
6795,Thu,3,1.40
6796,Thu,4,1.48
6797,Thu,5,2.62
6798,Thu,6,11.34
6799,Thu,7,16.98
6800,Thu,8,38.46
6801,Thu,9,61.01
6802,Thu,10,67.14
6803,Thu,11,93.08
6804,Thu,12,59.62
6805,Thu,13,39.14
6806,Thu,14,53.98
6807,Thu,15,61.97
6808,Thu,16,66.33
6809,Thu,17,59.35
6810,Thu,18,51.25
6811,Thu,19,28.25
6812,Thu,20,19.93
6813,Thu,21,16.08
6814,Thu,22,8.91
6815,Thu,23,7.10
6816,Fri,0,4.04
6817,Fri,1,2.75
6818,Fri,2,1.62
6819,Fri,3,1.60
6820,Fri,4,1.32
6821,Fri,5,2.33
6822,Fri,6,9.91
6823,Fri,7,15.63
6824,Fri,8,46.01
6825,Fri,9,60.23
6826,Fri,10,76.74
6827,Fri,11,65.35
6828,Fri,12,55.25
6829,Fri,13,39.23
6830,Fri,14,32.56
6831,Fri,15,52.38
6832,Fri,16,67.63
6833,Fri,17,67.73
6834,Fri,18,56.15
6835,Fri,19,27.98
6836,Fri,20,20.13
6837,Fri,21,18.61
6838,Fri,22,9.70
6839,Fri,23,8.74
6840,Sat,0,3.02
6841,Sat,1,1.40
6842,Sat,2,1.29
6843,Sat,3,1.82
6844,Sat,4,0.97
6845,Sat,5,2.45
6846,Sat,6,3.61
6847,Sat,7,12.21
6848,Sat,8,17.57
6849,Sat,9,26.57
6850,Sat,10,28.69
6851,Sat,11,38.39
6852,Sat,12,22.05
6853,Sat,13,31.48
6854,Sat,14,43.55
6855,Sat,15,29.11
6856,Sat,16,24.55
6857,Sat,17,17.47
6858,Sat,18,19.21
6859,Sat,19,13.12
6860,Sat,20,8.93
6861,Sat,21,9.48
6862,Sat,22,5.65
6863,Sat,23,2.82
6864,Sun,0,3.04
6865,Sun,1,1.60
6866,Sun,2,1.32
6867,Sun,3,1.24
6868,Sun,4,1.46
6869,Sun,5,2.23
6870,Sun,6,3.78
6871,Sun,7,9.07
6872,Sun,8,15.00
6873,Sun,9,28.03
6874,Sun,10,44.63
6875,Sun,11,30.15
6876,Sun,12,27.67
6877,Sun,13,26.95
6878,Sun,14,24.24
6879,Sun,15,29.68
6880,Sun,16,15.65
6881,Sun,17,25.98
6882,Sun,18,19.57
6883,Sun,19,11.13
6884,Sun,20,9.15
6885,Sun,21,6.04
6886,Sun,22,4.95
6887,Sun,23,3.15
6888,Mon,0,4.24
6889,Mon,1,3.18
6890,Mon,2,2.51
6891,Mon,3,1.81
6892,Mon,4,2.10
6893,Mon,5,3.62
6894,Mon,6,11.30
6895,Mon,7,27.19
6896,Mon,8,53.75
6897,Mon,9,81.34
6898,Mon,10,71.56
6899,Mon,11,78.27
6900,Mon,12,60.16
6901,Mon,13,43.12
6902,Mon,14,50.77
6903,Mon,15,63.16
6904,Mon,16,72.85
6905,Mon,17,51.60
6906,Mon,18,53.57
6907,Mon,19,33.75
6908,Mon,20,25.62
6909,Mon,21,21.26
6910,Mon,22,15.65
6911,Mon,23,7.86
6912,Tue,0,3.15
6913,Tue,1,2.38
6914,Tue,2,2.13
6915,Tue,3,1.23
6916,Tue,4,2.07
6917,Tue,5,2.53
6918,Tue,6,9.17
6919,Tue,7,24.29
6920,Tue,8,47.96
6921,Tue,9,91.14
6922,Tue,10,84.17
6923,Tue,11,73.37
6924,Tue,12,72.35
6925,Tue,13,50.23
6926,Tue,14,45.78
6927,Tue,15,76.22
6928,Tue,16,87.00
6929,Tue,17,80.10
6930,Tue,18,40.94
6931,Tue,19,51.69
6932,Tue,20,25.51
6933,Tue,21,21.48
6934,Tue,22,14.57
6935,Tue,23,9.76
6936,Wed,0,2.35
6937,Wed,1,2.03
6938,Wed,2,1.99
6939,Wed,3,1.79
6940,Wed,4,1.56
6941,Wed,5,1.60
6942,Wed,6,10.64
6943,Wed,7,22.29
6944,Wed,8,25.77
6945,Wed,9,99.23
6946,Wed,10,41.43
6947,Wed,11,63.83
6948,Wed,12,59.20
6949,Wed,13,49.69
6950,Wed,14,57.80
6951,Wed,15,58.05
6952,Wed,16,55.43
6953,Wed,17,58.59
6954,Wed,18,31.08
6955,Wed,19,29.76
6956,Wed,20,35.50
6957,Wed,21,15.92
6958,Wed,22,11.36
6959,Wed,23,8.78
6960,Thu,0,3.81
6961,Thu,1,2.46
6962,Thu,2,1.82
6963,Thu,3,1.53
6964,Thu,4,1.35
6965,Thu,5,3.78
6966,Thu,6,9.88
6967,Thu,7,28.86
6968,Thu,8,44.49
6969,Thu,9,61.61
6970,Thu,10,76.78
6971,Thu,11,66.86
6972,Thu,12,54.73
6973,Thu,13,39.31
6974,Thu,14,52.11
6975,Thu,15,62.90
6976,Thu,16,85.11
6977,Thu,17,60.84
6978,Thu,18,33.32
6979,Thu,19,39.16
6980,Thu,20,36.13
6981,Thu,21,16.32
6982,Thu,22,9.67
6983,Thu,23,6.25
6984,Fri,0,1.52
6985,Fri,1,2.16
6986,Fri,2,1.48
6987,Fri,3,1.13
6988,Fri,4,1.69
6989,Fri,5,2.59
6990,Fri,6,6.20
6991,Fri,7,18.75
6992,Fri,8,49.45
6993,Fri,9,84.15
6994,Fri,10,84.25
6995,Fri,11,68.22
6996,Fri,12,50.23
6997,Fri,13,42.44
6998,Fri,14,55.67
6999,Fri,15,51.57
7000,Fri,16,65.86
7001,Fri,17,68.20
7002,Fri,18,38.65
7003,Fri,19,30.94
7004,Fri,20,26.48
7005,Fri,21,16.90
7006,Fri,22,10.50
7007,Fri,23,5.56
7008,Sat,0,2.88
7009,Sat,1,2.58
7010,Sat,2,1.81
7011,Sat,3,1.04
7012,Sat,4,1.47
7013,Sat,5,2.47
7014,Sat,6,4.89
7015,Sat,7,7.35
7016,Sat,8,18.97
7017,Sat,9,33.88
7018,Sat,10,36.73
7019,Sat,11,47.13
7020,Sat,12,23.23
7021,Sat,13,25.68
7022,Sat,14,32.62
7023,Sat,15,31.13
7024,Sat,16,25.45
7025,Sat,17,20.53
7026,Sat,18,19.05
7027,Sat,19,17.34
7028,Sat,20,12.38
7029,Sat,21,7.66
7030,Sat,22,4.90
7031,Sat,23,4.03
7032,Sun,0,2.69
7033,Sun,1,1.90
7034,Sun,2,1.17
7035,Sun,3,1.04
7036,Sun,4,1.27
7037,Sun,5,1.82
7038,Sun,6,4.93
7039,Sun,7,9.43
7040,Sun,8,10.08
7041,Sun,9,31.15
7042,Sun,10,43.56
7043,Sun,11,44.62
7044,Sun,12,31.56
7045,Sun,13,25.04
7046,Sun,14,31.70
7047,Sun,15,28.99
7048,Sun,16,22.37
7049,Sun,17,15.02
7050,Sun,18,11.38
7051,Sun,19,12.88
7052,Sun,20,7.70
7053,Sun,21,5.77
7054,Sun,22,4.86
7055,Sun,23,3.40
7056,Mon,0,2.42
7057,Mon,1,2.52
7058,Mon,2,2.34
7059,Mon,3,1.89
7060,Mon,4,1.79
7061,Mon,5,4.23
7062,Mon,6,9.12
7063,Mon,7,20.90
7064,Mon,8,55.40
7065,Mon,9,99.53
7066,Mon,10,101.00
7067,Mon,11,81.76
7068,Mon,12,80.76
7069,Mon,13,51.20
7070,Mon,14,46.71
7071,Mon,15,49.63
7072,Mon,16,79.77
7073,Mon,17,83.79
7074,Mon,18,60.85
7075,Mon,19,42.54
7076,Mon,20,28.29
7077,Mon,21,24.96
7078,Mon,22,13.21
7079,Mon,23,5.68
7080,Tue,0,4.35
7081,Tue,1,2.33
7082,Tue,2,1.87
7083,Tue,3,1.75
7084,Tue,4,2.08
7085,Tue,5,3.65
7086,Tue,6,12.78
7087,Tue,7,25.42
7088,Tue,8,46.64
7089,Tue,9,65.36
7090,Tue,10,87.85
7091,Tue,11,64.29
7092,Tue,12,73.37
7093,Tue,13,48.63
7094,Tue,14,45.38
7095,Tue,15,54.81
7096,Tue,16,68.24
7097,Tue,17,87.30
7098,Tue,18,59.69
7099,Tue,19,39.53
7100,Tue,20,23.53
7101,Tue,21,25.73
7102,Tue,22,11.65
7103,Tue,23,7.00
7104,Wed,0,3.10
7105,Wed,1,3.10
7106,Wed,2,1.73
7107,Wed,3,1.54
7108,Wed,4,1.73
7109,Wed,5,2.76
7110,Wed,6,8.18
7111,Wed,7,22.78
7112,Wed,8,23.86
7113,Wed,9,82.90
7114,Wed,10,101.86
7115,Wed,11,57.90
7116,Wed,12,58.78
7117,Wed,13,35.05
7118,Wed,14,53.49
7119,Wed,15,64.29
7120,Wed,16,75.76
7121,Wed,17,48.68
7122,Wed,18,44.90
7123,Wed,19,33.38
7124,Wed,20,25.63
7125,Wed,21,25.85
7126,Wed,22,11.31
7127,Wed,23,6.65
7128,Thu,0,2.98
7129,Thu,1,2.80
7130,Thu,2,2.38
7131,Thu,3,1.97
7132,Thu,4,2.08
7133,Thu,5,2.65
7134,Thu,6,11.66
7135,Thu,7,23.03
7136,Thu,8,57.96
7137,Thu,9,79.64
7138,Thu,10,82.18
7139,Thu,11,49.56
7140,Thu,12,60.32
7141,Thu,13,43.28
7142,Thu,14,54.75
7143,Thu,15,60.96
7144,Thu,16,77.61
7145,Thu,17,44.59
7146,Thu,18,42.67
7147,Thu,19,36.33
7148,Thu,20,27.67
7149,Thu,21,16.72
7150,Thu,22,11.40
7151,Thu,23,6.61
7152,Fri,0,3.70
7153,Fri,1,2.29
7154,Fri,2,1.63
7155,Fri,3,1.06
7156,Fri,4,0.84
7157,Fri,5,2.31
7158,Fri,6,9.95
7159,Fri,7,12.95
7160,Fri,8,48.54
7161,Fri,9,62.89
7162,Fri,10,70.26
7163,Fri,11,58.45
7164,Fri,12,52.00
7165,Fri,13,51.90
7166,Fri,14,51.44
7167,Fri,15,57.48
7168,Fri,16,57.02
7169,Fri,17,61.52
7170,Fri,18,56.68
7171,Fri,19,34.99
7172,Fri,20,23.35
7173,Fri,21,13.59
7174,Fri,22,11.12
7175,Fri,23,5.23
7176,Sat,0,2.21
7177,Sat,1,2.28
7178,Sat,2,1.32
7179,Sat,3,0.95
7180,Sat,4,1.29
7181,Sat,5,3.27
7182,Sat,6,4.85
7183,Sat,7,7.57
7184,Sat,8,15.90
7185,Sat,9,37.86
7186,Sat,10,45.54
7187,Sat,11,47.16
7188,Sat,12,40.06
7189,Sat,13,38.61
7190,Sat,14,41.49
7191,Sat,15,32.19
7192,Sat,16,25.90
7193,Sat,17,17.11
7194,Sat,18,20.25
7195,Sat,19,18.93
7196,Sat,20,12.11
7197,Sat,21,6.15
7198,Sat,22,5.61
7199,Sat,23,4.25
7200,Sun,0,2.22
7201,Sun,1,1.81
7202,Sun,2,1.52
7203,Sun,3,1.61
7204,Sun,4,0.90
7205,Sun,5,1.44
7206,Sun,6,4.45
7207,Sun,7,9.38
7208,Sun,8,15.64
7209,Sun,9,28.26
7210,Sun,10,33.28
7211,Sun,11,46.53
7212,Sun,12,21.30
7213,Sun,13,31.39
7214,Sun,14,21.29
7215,Sun,15,22.03
7216,Sun,16,16.41
7217,Sun,17,16.10
7218,Sun,18,15.78
7219,Sun,19,12.57
7220,Sun,20,12.08
7221,Sun,21,6.41
7222,Sun,22,4.87
7223,Sun,23,3.10
7224,Mon,0,4.05
7225,Mon,1,3.66
7226,Mon,2,1.98
7227,Mon,3,1.99
7228,Mon,4,1.90
7229,Mon,5,3.87
7230,Mon,6,11.49
7231,Mon,7,31.87
7232,Mon,8,56.31
7233,Mon,9,80.30
7234,Mon,10,86.34
7235,Mon,11,94.37
7236,Mon,12,63.82
7237,Mon,13,65.45
7238,Mon,14,53.90
7239,Mon,15,80.39
7240,Mon,16,103.75
7241,Mon,17,76.55
7242,Mon,18,57.15
7243,Mon,19,34.43
7244,Mon,20,35.02
7245,Mon,21,21.33
7246,Mon,22,15.73
7247,Mon,23,6.84
7248,Tue,0,3.89
7249,Tue,1,3.53
7250,Tue,2,1.91
7251,Tue,3,1.68
7252,Tue,4,1.37
7253,Tue,5,3.55
7254,Tue,6,11.93
7255,Tue,7,27.57
7256,Tue,8,41.38
7257,Tue,9,59.69
7258,Tue,10,66.23
7259,Tue,11,62.70
7260,Tue,12,60.95
7261,Tue,13,54.06
7262,Tue,14,74.02
7263,Tue,15,68.15
7264,Tue,16,89.58
7265,Tue,17,47.81
7266,Tue,18,68.03
7267,Tue,19,45.73
7268,Tue,20,30.71
7269,Tue,21,22.45
7270,Tue,22,13.83
7271,Tue,23,9.54
7272,Wed,0,3.89
7273,Wed,1,1.77
7274,Wed,2,1.17
7275,Wed,3,2.19
7276,Wed,4,1.68
7277,Wed,5,4.20
7278,Wed,6,9.59
7279,Wed,7,21.06
7280,Wed,8,46.37
7281,Wed,9,73.72
7282,Wed,10,79.17
7283,Wed,11,65.16
7284,Wed,12,67.14
7285,Wed,13,54.79
7286,Wed,14,44.18
7287,Wed,15,50.54
7288,Wed,16,44.37
7289,Wed,17,61.18
7290,Wed,18,51.18
7291,Wed,19,33.58
7292,Wed,20,24.33
7293,Wed,21,18.29
7294,Wed,22,11.98
7295,Wed,23,7.50
7296,Thu,0,3.82
7297,Thu,1,2.69
7298,Thu,2,1.99
7299,Thu,3,1.38
7300,Thu,4,1.84
7301,Thu,5,3.55
7302,Thu,6,8.13
7303,Thu,7,20.49
7304,Thu,8,52.06
7305,Thu,9,69.13
7306,Thu,10,58.15
7307,Thu,11,64.52
7308,Thu,12,76.15
7309,Thu,13,55.49
7310,Thu,14,52.34
7311,Thu,15,76.33
7312,Thu,16,55.83
7313,Thu,17,61.31
7314,Thu,18,58.43
7315,Thu,19,35.20
7316,Thu,20,21.33
7317,Thu,21,20.21
7318,Thu,22,14.97
7319,Thu,23,3.65
7320,Fri,0,3.26
7321,Fri,1,1.85
7322,Fri,2,1.50
7323,Fri,3,1.19
7324,Fri,4,2.32
7325,Fri,5,2.79
7326,Fri,6,9.59
7327,Fri,7,19.43
7328,Fri,8,37.91
7329,Fri,9,59.79
7330,Fri,10,74.03
7331,Fri,11,89.49
7332,Fri,12,60.03
7333,Fri,13,58.83
7334,Fri,14,39.86
7335,Fri,15,59.45
7336,Fri,16,58.53
7337,Fri,17,43.50
7338,Fri,18,79.16
7339,Fri,19,34.16
7340,Fri,20,26.49
7341,Fri,21,15.11
7342,Fri,22,9.97
7343,Fri,23,5.18
7344,Sat,0,3.56
7345,Sat,1,1.87
7346,Sat,2,1.47
7347,Sat,3,1.56
7348,Sat,4,1.18
7349,Sat,5,2.62
7350,Sat,6,4.87
7351,Sat,7,10.84
7352,Sat,8,18.71
7353,Sat,9,34.39
7354,Sat,10,47.17
7355,Sat,11,54.15
7356,Sat,12,37.02
7357,Sat,13,42.42
7358,Sat,14,27.34
7359,Sat,15,29.12
7360,Sat,16,27.75
7361,Sat,17,23.70
7362,Sat,18,10.61
7363,Sat,19,12.45
7364,Sat,20,10.69
7365,Sat,21,9.36
7366,Sat,22,4.83
7367,Sat,23,4.46
7368,Sun,0,1.73
7369,Sun,1,1.72
7370,Sun,2,1.39
7371,Sun,3,1.28
7372,Sun,4,1.33
7373,Sun,5,2.47
7374,Sun,6,3.63
7375,Sun,7,9.37
7376,Sun,8,20.17
7377,Sun,9,27.65
7378,Sun,10,21.45
7379,Sun,11,30.76
7380,Sun,12,30.21
7381,Sun,13,24.79
7382,Sun,14,30.14
7383,Sun,15,21.80
7384,Sun,16,33.00
7385,Sun,17,21.49
7386,Sun,18,12.37
7387,Sun,19,12.08
7388,Sun,20,11.87
7389,Sun,21,7.61
7390,Sun,22,3.82
7391,Sun,23,3.52
7392,Mon,0,3.60
7393,Mon,1,4.11
7394,Mon,2,1.77
7395,Mon,3,2.17
7396,Mon,4,2.16
7397,Mon,5,3.62
7398,Mon,6,11.47
7399,Mon,7,33.19
7400,Mon,8,62.05
7401,Mon,9,79.72
7402,Mon,10,95.44
7403,Mon,11,110.80
7404,Mon,12,82.49
7405,Mon,13,61.83
7406,Mon,14,64.50
7407,Mon,15,52.49
7408,Mon,16,80.51
7409,Mon,17,68.22
7410,Mon,18,66.64
7411,Mon,19,39.45
7412,Mon,20,33.96
7413,Mon,21,17.58
7414,Mon,22,15.95
7415,Mon,23,6.84
7416,Tue,0,3.60
7417,Tue,1,2.99
7418,Tue,2,1.70
7419,Tue,3,1.81
7420,Tue,4,2.15
7421,Tue,5,4.75
7422,Tue,6,7.37
7423,Tue,7,21.25
7424,Tue,8,58.74
7425,Tue,9,86.54
7426,Tue,10,74.51
7427,Tue,11,79.07
7428,Tue,12,62.86
7429,Tue,13,73.67
7430,Tue,14,54.07
7431,Tue,15,52.74
7432,Tue,16,52.35
7433,Tue,17,53.11
7434,Tue,18,66.82
7435,Tue,19,37.87
7436,Tue,20,38.96
7437,Tue,21,22.15
7438,Tue,22,13.52
7439,Tue,23,8.06
7440,Wed,0,3.95
7441,Wed,1,3.02
7442,Wed,2,1.43
7443,Wed,3,1.56
7444,Wed,4,1.56
7445,Wed,5,3.52
7446,Wed,6,9.92
7447,Wed,7,18.91
7448,Wed,8,43.97
7449,Wed,9,93.45
7450,Wed,10,107.21
7451,Wed,11,63.06
7452,Wed,12,66.48
7453,Wed,13,49.84
7454,Wed,14,45.55
7455,Wed,15,72.11
7456,Wed,16,68.33
7457,Wed,17,85.23
7458,Wed,18,56.11
7459,Wed,19,36.77
7460,Wed,20,14.64
7461,Wed,21,18.68
7462,Wed,22,13.93
7463,Wed,23,6.04
7464,Thu,0,3.91
7465,Thu,1,2.84
7466,Thu,2,1.16
7467,Thu,3,1.63
7468,Thu,4,1.79
7469,Thu,5,3.83
7470,Thu,6,10.42
7471,Thu,7,23.60
7472,Thu,8,46.00
7473,Thu,9,65.72
7474,Thu,10,76.11
7475,Thu,11,58.95
7476,Thu,12,67.80
7477,Thu,13,46.19
7478,Thu,14,57.27
7479,Thu,15,56.91
7480,Thu,16,72.55
7481,Thu,17,65.68
7482,Thu,18,58.75
7483,Thu,19,41.16
7484,Thu,20,31.53
7485,Thu,21,18.04
7486,Thu,22,11.72
7487,Thu,23,6.45
7488,Fri,0,2.50
7489,Fri,1,2.36
7490,Fri,2,1.92
7491,Fri,3,1.83
7492,Fri,4,1.37
7493,Fri,5,3.40
7494,Fri,6,10.96
7495,Fri,7,17.11
7496,Fri,8,49.64
7497,Fri,9,69.95
7498,Fri,10,82.19
7499,Fri,11,72.46
7500,Fri,12,40.07
7501,Fri,13,30.00
7502,Fri,14,67.60
7503,Fri,15,55.45
7504,Fri,16,79.06
7505,Fri,17,75.00
7506,Fri,18,49.10
7507,Fri,19,28.90
7508,Fri,20,32.06
7509,Fri,21,17.61
7510,Fri,22,12.32
7511,Fri,23,6.99
7512,Sat,0,3.58
7513,Sat,1,2.41
7514,Sat,2,1.14
7515,Sat,3,1.15
7516,Sat,4,1.57
7517,Sat,5,2.56
7518,Sat,6,5.81
7519,Sat,7,9.96
7520,Sat,8,19.75
7521,Sat,9,47.18
7522,Sat,10,54.60
7523,Sat,11,56.59
7524,Sat,12,50.76
7525,Sat,13,31.60
7526,Sat,14,33.16
7527,Sat,15,30.23
7528,Sat,16,22.19
7529,Sat,17,19.85
7530,Sat,18,19.94
7531,Sat,19,12.01
7532,Sat,20,12.31
7533,Sat,21,8.85
7534,Sat,22,5.38
7535,Sat,23,3.36
7536,Sun,0,2.86
7537,Sun,1,1.87
7538,Sun,2,1.38
7539,Sun,3,1.01
7540,Sun,4,0.92
7541,Sun,5,2.94
7542,Sun,6,3.81
7543,Sun,7,8.06
7544,Sun,8,11.64
7545,Sun,9,25.15
7546,Sun,10,32.22
7547,Sun,11,45.24
7548,Sun,12,19.19
7549,Sun,13,23.32
7550,Sun,14,26.35
7551,Sun,15,23.60
7552,Sun,16,20.06
7553,Sun,17,18.27
7554,Sun,18,11.78
7555,Sun,19,13.54
7556,Sun,20,11.49
7557,Sun,21,7.08
7558,Sun,22,4.29
7559,Sun,23,3.69
7560,Mon,0,4.33
7561,Mon,1,2.45
7562,Mon,2,1.79
7563,Mon,3,1.78
7564,Mon,4,1.98
7565,Mon,5,4.85
7566,Mon,6,10.47
7567,Mon,7,27.20
7568,Mon,8,59.00
7569,Mon,9,64.53
7570,Mon,10,82.14
7571,Mon,11,95.07
7572,Mon,12,86.26
7573,Mon,13,38.65
7574,Mon,14,69.60
7575,Mon,15,69.99
7576,Mon,16,98.07
7577,Mon,17,84.13
7578,Mon,18,80.79
7579,Mon,19,47.34
7580,Mon,20,29.67
7581,Mon,21,18.71
7582,Mon,22,10.41
7583,Mon,23,8.76
7584,Tue,0,4.01
7585,Tue,1,3.15
7586,Tue,2,1.95
7587,Tue,3,1.35
7588,Tue,4,1.70
7589,Tue,5,3.51
7590,Tue,6,11.32
7591,Tue,7,29.17
7592,Tue,8,66.63
7593,Tue,9,79.03
7594,Tue,10,52.27
7595,Tue,11,64.66
7596,Tue,12,40.98
7597,Tue,13,46.02
7598,Tue,14,44.75
7599,Tue,15,70.76
7600,Tue,16,70.51
7601,Tue,17,83.48
7602,Tue,18,65.61
7603,Tue,19,37.96
7604,Tue,20,34.29
7605,Tue,21,20.23
7606,Tue,22,13.89
7607,Tue,23,9.09
7608,Wed,0,2.79
7609,Wed,1,2.60
7610,Wed,2,2.24
7611,Wed,3,1.52
7612,Wed,4,1.82
7613,Wed,5,3.59
7614,Wed,6,9.75
7615,Wed,7,18.89
7616,Wed,8,44.69
7617,Wed,9,59.48
7618,Wed,10,94.17
7619,Wed,11,78.79
7620,Wed,12,71.08
7621,Wed,13,40.21
7622,Wed,14,59.26
7623,Wed,15,66.59
7624,Wed,16,83.30
7625,Wed,17,58.20
7626,Wed,18,60.25
7627,Wed,19,49.05
7628,Wed,20,37.09
7629,Wed,21,16.14
7630,Wed,22,9.83
7631,Wed,23,5.21
7632,Thu,0,4.02
7633,Thu,1,2.84
7634,Thu,2,1.82
7635,Thu,3,1.45
7636,Thu,4,2.10
7637,Thu,5,4.40
7638,Thu,6,10.23
7639,Thu,7,23.50
7640,Thu,8,60.27
7641,Thu,9,76.61
7642,Thu,10,95.65
7643,Thu,11,68.50
7644,Thu,12,65.48
7645,Thu,13,46.78
7646,Thu,14,47.79
7647,Thu,15,60.14
7648,Thu,16,65.15
7649,Thu,17,70.98
7650,Thu,18,48.68
7651,Thu,19,39.07
7652,Thu,20,23.50
7653,Thu,21,14.79
7654,Thu,22,15.06
7655,Thu,23,5.67
7656,Fri,0,4.33
7657,Fri,1,2.86
7658,Fri,2,0.97
7659,Fri,3,1.45
7660,Fri,4,1.51
7661,Fri,5,3.28
7662,Fri,6,9.50
7663,Fri,7,20.46
7664,Fri,8,58.00
7665,Fri,9,65.55
7666,Fri,10,86.20
7667,Fri,11,61.83
7668,Fri,12,51.66
7669,Fri,13,58.58
7670,Fri,14,48.17
7671,Fri,15,48.80
7672,Fri,16,63.45
7673,Fri,17,73.68
7674,Fri,18,47.66
7675,Fri,19,32.14
7676,Fri,20,29.13
7677,Fri,21,21.11
7678,Fri,22,11.03
7679,Fri,23,6.18
7680,Sat,0,2.91
7681,Sat,1,3.06
7682,Sat,2,1.50
7683,Sat,3,2.03
7684,Sat,4,1.51
7685,Sat,5,2.77
7686,Sat,6,3.30
7687,Sat,7,10.68
7688,Sat,8,20.91
7689,Sat,9,33.24
7690,Sat,10,41.30
7691,Sat,11,36.20
7692,Sat,12,31.99
7693,Sat,13,38.37
7694,Sat,14,30.29
7695,Sat,15,30.58
7696,Sat,16,27.07
7697,Sat,17,21.69
7698,Sat,18,17.13
7699,Sat,19,20.61
7700,Sat,20,9.16
7701,Sat,21,7.54
7702,Sat,22,5.40
7703,Sat,23,2.89
7704,Sun,0,2.18
7705,Sun,1,2.01
7706,Sun,2,1.53
7707,Sun,3,1.34
7708,Sun,4,2.07
7709,Sun,5,2.50
7710,Sun,6,5.33
7711,Sun,7,7.49
7712,Sun,8,20.86
7713,Sun,9,38.54
7714,Sun,10,35.08
7715,Sun,11,53.02
7716,Sun,12,31.48
7717,Sun,13,25.20
7718,Sun,14,28.63
7719,Sun,15,22.51
7720,Sun,16,26.29
7721,Sun,17,16.20
7722,Sun,18,16.87
7723,Sun,19,8.60
7724,Sun,20,9.57
7725,Sun,21,8.29
7726,Sun,22,4.59
7727,Sun,23,3.23
7728,Mon,0,4.83
7729,Mon,1,2.45
7730,Mon,2,1.57
7731,Mon,3,2.05
7732,Mon,4,2.12
7733,Mon,5,3.85
7734,Mon,6,10.04
7735,Mon,7,34.34
7736,Mon,8,46.54
7737,Mon,9,79.10
7738,Mon,10,90.33
7739,Mon,11,98.02
7740,Mon,12,67.02
7741,Mon,13,50.17
7742,Mon,14,85.12
7743,Mon,15,63.69
7744,Mon,16,92.36
7745,Mon,17,74.75
7746,Mon,18,55.54
7747,Mon,19,45.13
7748,Mon,20,30.89
7749,Mon,21,23.45
7750,Mon,22,7.76
7751,Mon,23,8.05
7752,Tue,0,3.77
7753,Tue,1,2.31
7754,Tue,2,1.73
7755,Tue,3,2.62
7756,Tue,4,2.47
7757,Tue,5,4.14
7758,Tue,6,11.63
7759,Tue,7,24.64
7760,Tue,8,67.27
7761,Tue,9,70.26
7762,Tue,10,71.54
7763,Tue,11,89.70
7764,Tue,12,55.50
7765,Tue,13,46.45
7766,Tue,14,72.52
7767,Tue,15,49.39
7768,Tue,16,73.57
7769,Tue,17,72.16
7770,Tue,18,58.39
7771,Tue,19,31.14
7772,Tue,20,28.57
7773,Tue,21,19.26
7774,Tue,22,17.47
7775,Tue,23,8.75
7776,Wed,0,3.08
7777,Wed,1,3.08
7778,Wed,2,1.99
7779,Wed,3,1.74
7780,Wed,4,1.70
7781,Wed,5,3.39
7782,Wed,6,7.75
7783,Wed,7,22.15
7784,Wed,8,60.20
7785,Wed,9,91.46
7786,Wed,10,106.47
7787,Wed,11,71.45
7788,Wed,12,71.10
7789,Wed,13,29.78
7790,Wed,14,52.55
7791,Wed,15,51.22
7792,Wed,16,81.61
7793,Wed,17,47.91
7794,Wed,18,43.53
7795,Wed,19,32.26
7796,Wed,20,30.49
7797,Wed,21,22.45
7798,Wed,22,10.43
7799,Wed,23,9.37
7800,Thu,0,3.58
7801,Thu,1,2.23
7802,Thu,2,1.85
7803,Thu,3,1.73
7804,Thu,4,2.00
7805,Thu,5,3.69
7806,Thu,6,14.50
7807,Thu,7,29.34
7808,Thu,8,44.74
7809,Thu,9,81.14
7810,Thu,10,88.87
7811,Thu,11,61.63
7812,Thu,12,54.31
7813,Thu,13,43.27
7814,Thu,14,30.30
7815,Thu,15,71.52
7816,Thu,16,66.93
7817,Thu,17,80.36
7818,Thu,18,47.02
7819,Thu,19,39.64
7820,Thu,20,31.42
7821,Thu,21,22.38
7822,Thu,22,12.87
7823,Thu,23,5.68
7824,Fri,0,4.62
7825,Fri,1,2.87
7826,Fri,2,2.06
7827,Fri,3,2.13
7828,Fri,4,2.07
7829,Fri,5,3.56
7830,Fri,6,10.79
7831,Fri,7,25.78
7832,Fri,8,35.28
7833,Fri,9,77.68
7834,Fri,10,61.76
7835,Fri,11,76.56
7836,Fri,12,49.02
7837,Fri,13,54.11
7838,Fri,14,47.00
7839,Fri,15,88.13
7840,Fri,16,68.63
7841,Fri,17,68.61
7842,Fri,18,41.78
7843,Fri,19,35.42
7844,Fri,20,26.28
7845,Fri,21,17.32
7846,Fri,22,10.72
7847,Fri,23,5.61
7848,Sat,0,3.58
7849,Sat,1,1.96
7850,Sat,2,1.35
7851,Sat,3,1.68
7852,Sat,4,1.35
7853,Sat,5,2.54
7854,Sat,6,4.78
7855,Sat,7,8.79
7856,Sat,8,20.17
7857,Sat,9,30.53
7858,Sat,10,35.14
7859,Sat,11,51.26
7860,Sat,12,41.81
7861,Sat,13,28.09
7862,Sat,14,32.25
7863,Sat,15,32.52
7864,Sat,16,30.52
7865,Sat,17,25.72
7866,Sat,18,20.86
7867,Sat,19,17.39
7868,Sat,20,10.55
7869,Sat,21,7.22
7870,Sat,22,6.41
7871,Sat,23,3.41
7872,Sun,0,2.67
7873,Sun,1,1.98
7874,Sun,2,1.55
7875,Sun,3,1.61
7876,Sun,4,1.17
7877,Sun,5,2.07
7878,Sun,6,4.87
7879,Sun,7,6.64
7880,Sun,8,13.79
7881,Sun,9,33.35
7882,Sun,10,34.01
7883,Sun,11,34.17
7884,Sun,12,42.57
7885,Sun,13,34.88
7886,Sun,14,34.04
7887,Sun,15,25.05
7888,Sun,16,22.74
7889,Sun,17,19.17
7890,Sun,18,17.75
7891,Sun,19,8.57
7892,Sun,20,8.57
7893,Sun,21,7.97
7894,Sun,22,4.21
7895,Sun,23,3.07
7896,Mon,0,4.19
7897,Mon,1,3.35
7898,Mon,2,1.88
7899,Mon,3,1.64
7900,Mon,4,2.95
7901,Mon,5,3.58
7902,Mon,6,16.02
7903,Mon,7,19.83
7904,Mon,8,60.59
7905,Mon,9,81.03
7906,Mon,10,123.13
7907,Mon,11,119.43
7908,Mon,12,86.53
7909,Mon,13,48.81
7910,Mon,14,54.50
7911,Mon,15,65.74
7912,Mon,16,74.48
7913,Mon,17,81.33
7914,Mon,18,52.93
7915,Mon,19,44.06
7916,Mon,20,41.32
7917,Mon,21,28.18
7918,Mon,22,9.62
7919,Mon,23,6.82
7920,Tue,0,3.52
7921,Tue,1,3.46
7922,Tue,2,1.78
7923,Tue,3,2.51
7924,Tue,4,2.01
7925,Tue,5,4.71
7926,Tue,6,9.60
7927,Tue,7,24.93
7928,Tue,8,64.53
7929,Tue,9,84.91
7930,Tue,10,56.85
7931,Tue,11,77.07
7932,Tue,12,70.03
7933,Tue,13,60.61
7934,Tue,14,51.89
7935,Tue,15,90.87
7936,Tue,16,77.45
7937,Tue,17,89.67
7938,Tue,18,60.60
7939,Tue,19,42.99
7940,Tue,20,28.47
7941,Tue,21,16.49
7942,Tue,22,15.22
7943,Tue,23,8.53
7944,Wed,0,4.20
7945,Wed,1,2.52
7946,Wed,2,1.48
7947,Wed,3,1.68
7948,Wed,4,1.70
7949,Wed,5,3.59
7950,Wed,6,12.70
7951,Wed,7,21.20
7952,Wed,8,47.81
7953,Wed,9,82.73
7954,Wed,10,94.12
7955,Wed,11,107.39
7956,Wed,12,70.98
7957,Wed,13,44.51
7958,Wed,14,45.66
7959,Wed,15,57.44
7960,Wed,16,73.06
7961,Wed,17,71.47
7962,Wed,18,53.49
7963,Wed,19,36.19
7964,Wed,20,27.92
7965,Wed,21,19.54
7966,Wed,22,13.95
7967,Wed,23,7.31
7968,Thu,0,3.02
7969,Thu,1,2.10
7970,Thu,2,2.22
7971,Thu,3,1.73
7972,Thu,4,1.71
7973,Thu,5,3.51
7974,Thu,6,12.68
7975,Thu,7,23.30
7976,Thu,8,52.72
7977,Thu,9,69.18
7978,Thu,10,87.44
7979,Thu,11,62.35
7980,Thu,12,65.76
7981,Thu,13,60.20
7982,Thu,14,66.08
7983,Thu,15,72.14
7984,Thu,16,74.19
7985,Thu,17,85.23
7986,Thu,18,59.50
7987,Thu,19,49.27
7988,Thu,20,22.24
7989,Thu,21,15.66
7990,Thu,22,14.08
7991,Thu,23,6.71
7992,Fri,0,3.99
7993,Fri,1,5.29
7994,Fri,2,3.27
7995,Fri,3,2.09
7996,Fri,4,2.54
7997,Fri,5,5.26
7998,Fri,6,24.04
7999,Fri,7,29.75
8000,Fri,8,96.13
8001,Fri,9,111.66
8002,Fri,10,144.39
8003,Fri,11,93.25
8004,Fri,12,121.16
8005,Fri,13,60.41
8006,Fri,14,73.53
8007,Fri,15,111.54
8008,Fri,16,123.26
8009,Fri,17,81.57
8010,Fri,18,55.52
8011,Fri,19,58.73
8012,Fri,20,47.23
8013,Fri,21,31.74
8014,Fri,22,18.49
8015,Fri,23,11.68
8016,Sat,0,3.32
8017,Sat,1,1.99
8018,Sat,2,1.74
8019,Sat,3,1.46
8020,Sat,4,1.91
8021,Sat,5,3.25
8022,Sat,6,4.88
8023,Sat,7,8.86
8024,Sat,8,17.25
8025,Sat,9,31.43
8026,Sat,10,54.96
8027,Sat,11,45.54
8028,Sat,12,35.95
8029,Sat,13,36.35
8030,Sat,14,26.84
8031,Sat,15,36.49
8032,Sat,16,34.74
8033,Sat,17,28.79
8034,Sat,18,25.72
8035,Sat,19,13.83
8036,Sat,20,9.79
8037,Sat,21,8.12
8038,Sat,22,6.22
8039,Sat,23,3.89
8040,Sun,0,1.72
8041,Sun,1,1.63
8042,Sun,2,1.45
8043,Sun,3,1.23
8044,Sun,4,1.34
8045,Sun,5,1.51
8046,Sun,6,2.90
8047,Sun,7,9.37
8048,Sun,8,19.07
8049,Sun,9,35.07
8050,Sun,10,27.43
8051,Sun,11,40.20
8052,Sun,12,32.22
8053,Sun,13,33.85
8054,Sun,14,33.16
8055,Sun,15,23.33
8056,Sun,16,21.50
8057,Sun,17,21.91
8058,Sun,18,12.27
8059,Sun,19,13.86
8060,Sun,20,8.18
8061,Sun,21,8.63
8062,Sun,22,4.80
8063,Sun,23,3.14
8064,Mon,0,4.73
8065,Mon,1,2.99
8066,Mon,2,1.17
8067,Mon,3,1.80
8068,Mon,4,2.10
8069,Mon,5,4.40
8070,Mon,6,12.77
8071,Mon,7,31.84
8072,Mon,8,67.72
8073,Mon,9,69.98
8074,Mon,10,105.95
8075,Mon,11,92.26
8076,Mon,12,66.18
8077,Mon,13,59.52
8078,Mon,14,55.44
8079,Mon,15,104.54
8080,Mon,16,72.53
8081,Mon,17,82.12
8082,Mon,18,57.58
8083,Mon,19,44.18
8084,Mon,20,24.55
8085,Mon,21,22.01
8086,Mon,22,17.27
8087,Mon,23,9.27
8088,Tue,0,3.39
8089,Tue,1,3.64
8090,Tue,2,1.34
8091,Tue,3,1.40
8092,Tue,4,1.73
8093,Tue,5,3.53
8094,Tue,6,12.68
8095,Tue,7,33.51
8096,Tue,8,56.50
8097,Tue,9,73.33
8098,Tue,10,74.73
8099,Tue,11,87.81
8100,Tue,12,44.00
8101,Tue,13,59.28
8102,Tue,14,42.67
8103,Tue,15,62.74
8104,Tue,16,77.14
8105,Tue,17,61.86
8106,Tue,18,49.77
8107,Tue,19,37.74
8108,Tue,20,23.79
8109,Tue,21,21.68
8110,Tue,22,12.59
8111,Tue,23,6.89
8112,Wed,0,3.84
8113,Wed,1,2.48
8114,Wed,2,1.57
8115,Wed,3,2.41
8116,Wed,4,2.13
8117,Wed,5,3.58
8118,Wed,6,11.44
8119,Wed,7,25.11
8120,Wed,8,58.90
8121,Wed,9,72.13
8122,Wed,10,106.29
8123,Wed,11,83.46
8124,Wed,12,75.93
8125,Wed,13,66.26
8126,Wed,14,61.64
8127,Wed,15,67.62
8128,Wed,16,69.36
8129,Wed,17,73.25
8130,Wed,18,45.69
8131,Wed,19,42.18
8132,Wed,20,28.68
8133,Wed,21,15.83
8134,Wed,22,17.05
8135,Wed,23,6.73
8136,Thu,0,4.24
8137,Thu,1,3.61
8138,Thu,2,2.10
8139,Thu,3,1.53
8140,Thu,4,1.59
8141,Thu,5,3.49
8142,Thu,6,10.09
8143,Thu,7,27.75
8144,Thu,8,55.84
8145,Thu,9,90.01
8146,Thu,10,68.94
8147,Thu,11,97.48
8148,Thu,12,44.68
8149,Thu,13,43.86
8150,Thu,14,71.55
8151,Thu,15,77.80
8152,Thu,16,53.06
8153,Thu,17,66.76
8154,Thu,18,54.44
8155,Thu,19,51.11
8156,Thu,20,21.65
8157,Thu,21,22.70
8158,Thu,22,11.39
8159,Thu,23,6.76
8160,Fri,0,3.07
8161,Fri,1,3.27
8162,Fri,2,2.13
8163,Fri,3,1.74
8164,Fri,4,1.23
8165,Fri,5,3.12
8166,Fri,6,9.18
8167,Fri,7,28.02
8168,Fri,8,34.62
8169,Fri,9,72.56
8170,Fri,10,91.04
8171,Fri,11,79.87
8172,Fri,12,60.17
8173,Fri,13,60.97
8174,Fri,14,52.20
8175,Fri,15,70.42
8176,Fri,16,70.83
8177,Fri,17,88.91
8178,Fri,18,38.53
8179,Fri,19,48.86
8180,Fri,20,26.78
8181,Fri,21,16.01
8182,Fri,22,11.61
8183,Fri,23,6.73
8184,Sat,0,3.97
8185,Sat,1,1.92
8186,Sat,2,1.88
8187,Sat,3,1.84
8188,Sat,4,1.18
8189,Sat,5,2.71
8190,Sat,6,4.85
8191,Sat,7,14.85
8192,Sat,8,20.40
8193,Sat,9,34.73
8194,Sat,10,53.40
8195,Sat,11,32.61
8196,Sat,12,40.81
8197,Sat,13,48.99
8198,Sat,14,43.85
8199,Sat,15,22.99
8200,Sat,16,37.97
8201,Sat,17,28.32
8202,Sat,18,20.47
8203,Sat,19,21.32
8204,Sat,20,10.89
8205,Sat,21,6.99
8206,Sat,22,7.47
8207,Sat,23,3.05
8208,Sun,0,3.96
8209,Sun,1,1.78
8210,Sun,2,1.00
8211,Sun,3,1.18
8212,Sun,4,1.24
8213,Sun,5,1.90
8214,Sun,6,3.56
8215,Sun,7,9.08
8216,Sun,8,18.68
8217,Sun,9,35.05
8218,Sun,10,46.59
8219,Sun,11,29.68
8220,Sun,12,34.68
8221,Sun,13,24.15
8222,Sun,14,22.91
8223,Sun,15,26.80
8224,Sun,16,24.21
8225,Sun,17,20.46
8226,Sun,18,9.54
8227,Sun,19,15.85
8228,Sun,20,10.53
8229,Sun,21,8.66
8230,Sun,22,5.60
8231,Sun,23,3.38
8232,Mon,0,4.26
8233,Mon,1,3.00
8234,Mon,2,2.29
8235,Mon,3,1.45
8236,Mon,4,2.28
8237,Mon,5,3.75
8238,Mon,6,14.50
8239,Mon,7,27.11
8240,Mon,8,35.09
8241,Mon,9,97.20
8242,Mon,10,69.38
8243,Mon,11,83.03
8244,Mon,12,76.18
8245,Mon,13,61.23
8246,Mon,14,64.22
8247,Mon,15,83.79
8248,Mon,16,88.62
8249,Mon,17,69.66
8250,Mon,18,79.01
8251,Mon,19,43.62
8252,Mon,20,36.79
8253,Mon,21,29.05
8254,Mon,22,13.28
8255,Mon,23,10.02
8256,Tue,0,5.00
8257,Tue,1,3.33
8258,Tue,2,2.03
8259,Tue,3,1.48
8260,Tue,4,1.81
8261,Tue,5,3.25
8262,Tue,6,12.80
8263,Tue,7,29.98
8264,Tue,8,54.88
8265,Tue,9,60.55
8266,Tue,10,94.09
8267,Tue,11,90.85
8268,Tue,12,67.05
8269,Tue,13,55.97
8270,Tue,14,70.80
8271,Tue,15,74.95
8272,Tue,16,96.16
8273,Tue,17,93.52
8274,Tue,18,69.53
8275,Tue,19,52.58
8276,Tue,20,32.07
8277,Tue,21,17.95
8278,Tue,22,6.18
8279,Tue,23,6.56
8280,Wed,0,3.19
8281,Wed,1,2.43
8282,Wed,2,2.09
8283,Wed,3,1.80
8284,Wed,4,2.11
8285,Wed,5,3.52
8286,Wed,6,9.50
8287,Wed,7,27.63
8288,Wed,8,41.81
8289,Wed,9,52.43
8290,Wed,10,79.16
8291,Wed,11,70.64
8292,Wed,12,85.17
8293,Wed,13,52.34
8294,Wed,14,37.01
8295,Wed,15,67.04
8296,Wed,16,87.44
8297,Wed,17,80.41
8298,Wed,18,58.95
8299,Wed,19,28.78
8300,Wed,20,28.51
8301,Wed,21,19.05
8302,Wed,22,11.05
8303,Wed,23,7.49
8304,Thu,0,3.08
8305,Thu,1,2.39
8306,Thu,2,1.41
8307,Thu,3,1.91
8308,Thu,4,1.22
8309,Thu,5,2.87
8310,Thu,6,10.46
8311,Thu,7,28.69
8312,Thu,8,53.90
8313,Thu,9,79.55
8314,Thu,10,99.88
8315,Thu,11,51.89
8316,Thu,12,72.37
8317,Thu,13,58.37
8318,Thu,14,72.15
8319,Thu,15,52.91
8320,Thu,16,111.90
8321,Thu,17,63.03
8322,Thu,18,52.67
8323,Thu,19,42.94
8324,Thu,20,28.74
8325,Thu,21,23.95
8326,Thu,22,14.29
8327,Thu,23,7.28
8328,Fri,0,2.50
8329,Fri,1,2.69
8330,Fri,2,1.80
8331,Fri,3,1.84
8332,Fri,4,1.65
8333,Fri,5,3.66
8334,Fri,6,10.89
8335,Fri,7,25.37
8336,Fri,8,55.29
8337,Fri,9,45.47
8338,Fri,10,101.19
8339,Fri,11,79.96
8340,Fri,12,70.56
8341,Fri,13,38.86
8342,Fri,14,47.62
8343,Fri,15,83.43
8344,Fri,16,71.80
8345,Fri,17,66.82
8346,Fri,18,57.63
8347,Fri,19,37.14
8348,Fri,20,34.51
8349,Fri,21,15.95
8350,Fri,22,12.90
8351,Fri,23,7.01
8352,Sat,0,3.05
8353,Sat,1,1.99
8354,Sat,2,1.41
8355,Sat,3,1.25
8356,Sat,4,1.66
8357,Sat,5,3.26
8358,Sat,6,5.89
8359,Sat,7,14.68
8360,Sat,8,17.60
8361,Sat,9,29.41
8362,Sat,10,44.46
8363,Sat,11,47.66
8364,Sat,12,56.27
8365,Sat,13,31.01
8366,Sat,14,27.20
8367,Sat,15,31.78
8368,Sat,16,20.43
8369,Sat,17,25.29
8370,Sat,18,17.67
8371,Sat,19,15.77
8372,Sat,20,10.44
8373,Sat,21,8.56
8374,Sat,22,7.26
8375,Sat,23,3.82
8376,Sun,0,3.29
8377,Sun,1,1.45
8378,Sun,2,1.45
8379,Sun,3,1.66
8380,Sun,4,1.09
8381,Sun,5,2.02
8382,Sun,6,3.62
8383,Sun,7,9.64
8384,Sun,8,15.73
8385,Sun,9,20.42
8386,Sun,10,27.01
8387,Sun,11,40.80
8388,Sun,12,36.95
8389,Sun,13,30.24
8390,Sun,14,29.94
8391,Sun,15,31.74
8392,Sun,16,21.56
8393,Sun,17,24.55
8394,Sun,18,14.36
8395,Sun,19,22.05
8396,Sun,20,9.89
8397,Sun,21,6.06
8398,Sun,22,4.40
8399,Sun,23,1.96
8400,Mon,0,4.78
8401,Mon,1,3.83
8402,Mon,2,2.46
8403,Mon,3,2.01
8404,Mon,4,2.59
8405,Mon,5,3.26
8406,Mon,6,12.09
8407,Mon,7,32.14
8408,Mon,8,64.97
8409,Mon,9,71.18
8410,Mon,10,83.48
8411,Mon,11,105.18
8412,Mon,12,71.81
8413,Mon,13,37.96
8414,Mon,14,82.57
8415,Mon,15,65.89
8416,Mon,16,90.71
8417,Mon,17,92.30
8418,Mon,18,70.72
8419,Mon,19,47.59
8420,Mon,20,31.63
8421,Mon,21,25.34
8422,Mon,22,13.34
8423,Mon,23,8.54
8424,Tue,0,3.46
8425,Tue,1,2.46
8426,Tue,2,1.95
8427,Tue,3,2.47
8428,Tue,4,1.90
8429,Tue,5,4.01
8430,Tue,6,13.46
8431,Tue,7,20.16
8432,Tue,8,62.22
8433,Tue,9,71.12
8434,Tue,10,85.00
8435,Tue,11,106.29
8436,Tue,12,89.52
8437,Tue,13,77.10
8438,Tue,14,52.24
8439,Tue,15,58.28
8440,Tue,16,88.22
8441,Tue,17,77.01
8442,Tue,18,32.05
8443,Tue,19,53.76
8444,Tue,20,35.55
8445,Tue,21,25.35
8446,Tue,22,19.29
8447,Tue,23,9.49
8448,Wed,0,3.68
8449,Wed,1,1.86
8450,Wed,2,1.85
8451,Wed,3,1.64
8452,Wed,4,1.86
8453,Wed,5,3.89
8454,Wed,6,10.33
8455,Wed,7,25.32
8456,Wed,8,55.96
8457,Wed,9,83.75
8458,Wed,10,106.54
8459,Wed,11,67.45
8460,Wed,12,59.56
8461,Wed,13,78.76
8462,Wed,14,60.47
8463,Wed,15,74.23
8464,Wed,16,56.35
8465,Wed,17,85.92
8466,Wed,18,69.91
8467,Wed,19,49.35
8468,Wed,20,20.45
8469,Wed,21,18.57
8470,Wed,22,12.61
8471,Wed,23,7.74
8472,Thu,0,4.47
8473,Thu,1,3.17
8474,Thu,2,1.26
8475,Thu,3,1.79
8476,Thu,4,1.89
8477,Thu,5,4.12
8478,Thu,6,11.77
8479,Thu,7,33.97
8480,Thu,8,50.89
8481,Thu,9,66.78
8482,Thu,10,80.81
8483,Thu,11,73.92
8484,Thu,12,56.31
8485,Thu,13,54.00
8486,Thu,14,57.57
8487,Thu,15,47.84
8488,Thu,16,68.90
8489,Thu,17,61.26
8490,Thu,18,67.75
8491,Thu,19,43.51
8492,Thu,20,28.71
8493,Thu,21,19.45
8494,Thu,22,15.23
8495,Thu,23,4.88
8496,Fri,0,2.97
8497,Fri,1,3.02
8498,Fri,2,1.31
8499,Fri,3,1.15
8500,Fri,4,1.50
8501,Fri,5,2.85
8502,Fri,6,10.61
8503,Fri,7,19.15
8504,Fri,8,61.14
8505,Fri,9,74.03
8506,Fri,10,66.82
8507,Fri,11,80.41
8508,Fri,12,55.90
8509,Fri,13,53.97
8510,Fri,14,47.44
8511,Fri,15,81.47
8512,Fri,16,79.34
8513,Fri,17,56.98
8514,Fri,18,54.49
8515,Fri,19,35.84
8516,Fri,20,19.44
8517,Fri,21,18.42
8518,Fri,22,12.50
8519,Fri,23,5.70
8520,Sat,0,4.02
8521,Sat,1,3.06
8522,Sat,2,1.31
8523,Sat,3,1.37
8524,Sat,4,1.56
8525,Sat,5,2.93
8526,Sat,6,4.56
8527,Sat,7,10.07
8528,Sat,8,26.32
8529,Sat,9,30.86
8530,Sat,10,47.36
8531,Sat,11,38.51
8532,Sat,12,45.96
8533,Sat,13,35.53
8534,Sat,14,44.60
8535,Sat,15,32.59
8536,Sat,16,26.68
8537,Sat,17,23.44
8538,Sat,18,25.66
8539,Sat,19,18.88
8540,Sat,20,11.54
8541,Sat,21,6.43
8542,Sat,22,5.97
8543,Sat,23,4.62
8544,Sun,0,2.85
8545,Sun,1,1.37
8546,Sun,2,1.47
8547,Sun,3,1.33
8548,Sun,4,1.39
8549,Sun,5,2.24
8550,Sun,6,3.89
8551,Sun,7,7.77
8552,Sun,8,21.54
8553,Sun,9,34.01
8554,Sun,10,32.59
8555,Sun,11,29.08
8556,Sun,12,46.11
8557,Sun,13,36.53
8558,Sun,14,31.21
8559,Sun,15,25.29
8560,Sun,16,33.18
8561,Sun,17,15.58
8562,Sun,18,16.34
8563,Sun,19,15.26
8564,Sun,20,10.93
8565,Sun,21,8.12
8566,Sun,22,3.82
8567,Sun,23,3.67
8568,Mon,0,5.13
8569,Mon,1,2.89
8570,Mon,2,2.50
8571,Mon,3,2.00
8572,Mon,4,2.11
8573,Mon,5,4.22
8574,Mon,6,12.28
8575,Mon,7,30.21
8576,Mon,8,74.97
8577,Mon,9,107.81
8578,Mon,10,106.19
8579,Mon,11,100.17
8580,Mon,12,59.71
8581,Mon,13,59.22
8582,Mon,14,71.26
8583,Mon,15,79.65
8584,Mon,16,77.80
8585,Mon,17,67.25
8586,Mon,18,74.45
8587,Mon,19,53.01
8588,Mon,20,17.24
8589,Mon,21,35.11
8590,Mon,22,16.43
8591,Mon,23,8.76
8592,Tue,0,4.69
8593,Tue,1,3.22
8594,Tue,2,2.54
8595,Tue,3,1.80
8596,Tue,4,2.28
8597,Tue,5,4.46
8598,Tue,6,8.06
8599,Tue,7,37.79
8600,Tue,8,52.80
8601,Tue,9,61.01
8602,Tue,10,86.97
8603,Tue,11,99.91
8604,Tue,12,57.99
8605,Tue,13,54.84
8606,Tue,14,56.05
8607,Tue,15,69.87
8608,Tue,16,41.66
8609,Tue,17,92.78
8610,Tue,18,48.38
8611,Tue,19,49.38
8612,Tue,20,31.40
8613,Tue,21,14.38
8614,Tue,22,13.43
8615,Tue,23,6.42
8616,Wed,0,3.62
8617,Wed,1,2.47
8618,Wed,2,1.82
8619,Wed,3,1.82
8620,Wed,4,1.94
8621,Wed,5,4.12
8622,Wed,6,9.21
8623,Wed,7,32.25
8624,Wed,8,73.76
8625,Wed,9,80.07
8626,Wed,10,114.88
8627,Wed,11,99.39
8628,Wed,12,82.91
8629,Wed,13,49.81
8630,Wed,14,71.08
8631,Wed,15,44.07
8632,Wed,16,49.54
8633,Wed,17,78.88
8634,Wed,18,73.02
8635,Wed,19,44.78
8636,Wed,20,24.27
8637,Wed,21,15.37
8638,Wed,22,13.62
8639,Wed,23,7.91
8640,Thu,0,2.76
8641,Thu,1,2.63
8642,Thu,2,1.74
8643,Thu,3,1.63
8644,Thu,4,1.04
8645,Thu,5,2.93
8646,Thu,6,10.86
8647,Thu,7,33.99
8648,Thu,8,66.59
8649,Thu,9,69.77
8650,Thu,10,67.66
8651,Thu,11,83.68
8652,Thu,12,59.60
8653,Thu,13,53.81
8654,Thu,14,63.80
8655,Thu,15,71.82
8656,Thu,16,85.83
8657,Thu,17,92.89
8658,Thu,18,41.63
8659,Thu,19,52.44
8660,Thu,20,18.80
8661,Thu,21,17.06
8662,Thu,22,15.63
8663,Thu,23,6.03
8664,Fri,0,3.03
8665,Fri,1,2.72
8666,Fri,2,1.49
8667,Fri,3,1.63
8668,Fri,4,1.78
8669,Fri,5,3.31
8670,Fri,6,9.30
8671,Fri,7,21.30
8672,Fri,8,40.42
8673,Fri,9,78.90
8674,Fri,10,122.50
8675,Fri,11,69.96
8676,Fri,12,44.88
8677,Fri,13,68.15
8678,Fri,14,65.22
8679,Fri,15,60.37
8680,Fri,16,61.82
8681,Fri,17,62.92
8682,Fri,18,54.73
8683,Fri,19,31.21
8684,Fri,20,28.64
8685,Fri,21,11.36
8686,Fri,22,9.75
8687,Fri,23,5.60
8688,Sat,0,3.00
8689,Sat,1,2.14
8690,Sat,2,1.55
8691,Sat,3,1.68
8692,Sat,4,2.00
8693,Sat,5,4.01
8694,Sat,6,5.11
8695,Sat,7,11.72
8696,Sat,8,20.71
8697,Sat,9,38.32
8698,Sat,10,42.48
8699,Sat,11,46.49
8700,Sat,12,48.57
8701,Sat,13,49.51
8702,Sat,14,37.24
8703,Sat,15,32.54
8704,Sat,16,28.14
8705,Sat,17,19.42
8706,Sat,18,16.97
8707,Sat,19,16.74
8708,Sat,20,14.11
8709,Sat,21,8.90
8710,Sat,22,5.07
8711,Sat,23,3.76
8712,Sun,0,3.24
8713,Sun,1,1.85
8714,Sun,2,1.65
8715,Sun,3,1.02
8716,Sun,4,1.47
8717,Sun,5,1.85
8718,Sun,6,3.03
8719,Sun,7,9.30
8720,Sun,8,20.33
8721,Sun,9,34.29
8722,Sun,10,48.25
8723,Sun,11,43.43
8724,Sun,12,22.21
8725,Sun,13,37.76
8726,Sun,14,35.74
8727,Sun,15,25.69
8728,Sun,16,22.94
8729,Sun,17,21.40
8730,Sun,18,17.71
8731,Sun,19,10.89
8732,Sun,20,12.07
8733,Sun,21,9.81
8734,Sun,22,5.69
8735,Sun,23,3.35
